판매일시,상품명,수량,결제금액
2026-06-01 11:32:36,제육볶음,2,22000
2026-06-01 11:32:36,비빔밥,1,9000
2026-06-01 11:37:55,김치찌개(2인),1,17000
2026-06-01 11:38:59,제육볶음,1,11000
2026-06-01 11:41:03,제육볶음,1,11000
2026-06-01 11:41:03,불고기 정식,1,13000
2026-06-01 11:41:03,계란말이,2,14000
2026-06-01 11:42:14,공기밥,1,1000
2026-06-01 11:43:24,공기밥,1,1000
2026-06-01 11:43:24,아메리카노(ICE),1,2000
2026-06-01 11:44:24,비빔밥,1,9000
2026-06-01 11:44:24,된장찌개(1인),1,9000
2026-06-01 12:01:51,비빔밥,2,18000
2026-06-01 12:01:51,계란말이,1,7000
2026-06-01 12:06:55,공기밥,1,1000
2026-06-01 12:06:55,콜라,1,2000
2026-06-01 12:20:34,순두부찌개,1,9500
2026-06-01 12:21:30,공기밥,1,1000
2026-06-01 12:21:30,불고기 정식,1,13000
2026-06-01 12:22:55,순두부찌개,2,19000
2026-06-01 12:23:58,김치찌개(1인),2,18000
2026-06-01 12:23:58,순두부찌개,2,19000
2026-06-01 12:26:10,공기밥,1,1000
2026-06-01 12:26:10,공기밥,1,1000
2026-06-01 12:29:09,비빔밥,2,18000
2026-06-01 12:29:16,갈비탕,1,13000
2026-06-01 12:29:16,아메리카노(ICE),1,2000
2026-06-01 12:29:32,제육볶음,1,11000
2026-06-01 12:29:32,콜라,1,2000
2026-06-01 12:33:33,제육볶음,1,11000
2026-06-01 12:34:16,아메리카노(ICE),2,4000
2026-06-01 12:34:16,순두부찌개,1,9500
2026-06-01 12:35:14,비빔밥,1,9000
2026-06-01 12:35:14,계란말이,1,7000
2026-06-01 12:37:21,김치찌개(1인),1,9000
2026-06-01 12:43:23,공기밥,1,1000
2026-06-01 12:43:23,된장찌개(1인),2,18000
2026-06-01 12:43:37,공기밥,1,1000
2026-06-01 12:51:26,된장찌개(1인),1,9000
2026-06-01 12:51:26,콜라,2,4000
2026-06-01 12:51:26,김치찌개(1인),1,9000
2026-06-01 12:59:25,제육볶음,1,11000
2026-06-01 13:04:58,불고기 정식,1,13000
2026-06-01 13:04:58,공기밥,1,1000
2026-06-01 13:05:50,김치찌개(1인),1,9000
2026-06-01 13:05:50,비빔밥,1,9000
2026-06-01 13:05:50,아메리카노(HOT),1,2000
2026-06-01 13:09:10,비빔밥,1,9000
2026-06-01 13:09:33,비빔밥,1,9000
2026-06-01 13:10:11,제육볶음,1,11000
2026-06-01 13:15:17,비빔밥,1,9000
2026-06-01 13:20:35,된장찌개(1인),1,9000
2026-06-01 13:20:35,공기밥,2,2000
2026-06-01 13:20:47,불고기 정식,1,13000
2026-06-01 13:25:21,김치찌개(1인),1,9000
2026-06-01 17:46:51,김치찌개(1인),1,9000
2026-06-01 17:49:22,갈비탕,1,13000
2026-06-01 17:49:22,콜라,1,2000
2026-06-01 18:05:06,불고기 정식,1,13000
2026-06-01 18:05:06,김치찌개(1인),1,9000
2026-06-01 18:13:11,아메리카노(HOT),1,2000
2026-06-01 18:13:11,불고기 정식,1,13000
2026-06-01 18:13:38,갈비탕,1,13000
2026-06-01 18:13:38,불고기 정식,1,13000
2026-06-01 18:26:38,불고기 정식,1,13000
2026-06-01 18:26:38,비빔밥,1,9000
2026-06-01 18:32:10,김치찌개(2인),1,17000
2026-06-01 18:47:07,갈비탕,1,13000
2026-06-01 18:48:18,순두부찌개,1,9500
2026-06-01 19:03:32,콜라,1,2000
2026-06-01 19:03:32,계란말이,1,7000
2026-06-01 19:04:06,갈비탕,2,26000
2026-06-01 19:04:06,공기밥,1,1000
2026-06-01 19:04:06,갈비탕,2,26000
2026-06-01 19:07:56,계란말이,1,7000
2026-06-01 19:07:56,비빔밥,1,9000
2026-06-01 19:07:56,계란말이,2,14000
2026-06-01 19:08:21,제육볶음,1,11000
2026-06-01 19:08:21,제육볶음,2,22000
2026-06-01 19:19:08,된장찌개(1인),1,9000
2026-06-01 19:19:08,김치찌개(2인),2,34000
2026-06-01 19:19:08,비빔밥,1,9000
2026-06-01 19:20:03,계란말이,1,7000
2026-06-01 19:30:31,된장찌개(1인),1,9000
2026-06-01 19:30:31,김치찌개(1인),1,9000
2026-06-01 19:34:56,계란말이,1,7000
2026-06-01 19:34:56,불고기 정식,1,13000
2026-06-01 19:37:11,불고기 정식,1,13000
2026-06-01 19:37:11,갈비탕,2,26000
2026-06-01 19:37:11,아메리카노(HOT),1,2000
2026-06-01 19:39:43,김치찌개(1인),2,18000
2026-06-01 19:39:43,비빔밥,2,18000
2026-06-01 19:39:58,불고기 정식,1,13000
2026-06-01 19:40:17,된장찌개(1인),1,9000
2026-06-01 19:40:46,제육볶음,2,22000
2026-06-01 19:40:46,제육볶음,2,22000
2026-06-01 20:01:15,불고기 정식,1,13000
2026-06-01 20:21:35,콜라,1,2000
2026-06-01 20:27:04,김치찌개(2인),1,17000
2026-06-01 20:55:51,갈비탕,1,13000
2026-06-02 11:25:52,김치찌개(1인),1,9000
2026-06-02 11:25:52,불고기 정식,1,13000
2026-06-02 11:25:52,갈비탕,1,13000
2026-06-02 11:34:16,비빔밥,1,9000
2026-06-02 11:37:15,순두부찌개,2,19000
2026-06-02 11:37:15,갈비탕,2,26000
2026-06-02 11:38:53,아메리카노(HOT),1,2000
2026-06-02 11:38:53,김치찌개(2인),1,17000
2026-06-02 11:39:06,김치찌개(2인),1,17000
2026-06-02 11:56:32,비빔밥,1,9000
2026-06-02 11:56:32,비빔밥,1,9000
2026-06-02 11:56:32,갈비탕,2,26000
2026-06-02 12:00:24,공기밥,1,1000
2026-06-02 12:00:24,김치찌개(1인),1,9000
2026-06-02 12:00:24,김치찌개(2인),1,17000
2026-06-02 12:01:47,김치찌개(1인),1,9000
2026-06-02 12:01:47,김치찌개(2인),1,17000
2026-06-02 12:01:47,비빔밥,1,9000
2026-06-02 12:04:15,김치찌개(1인),2,18000
2026-06-02 12:04:15,된장찌개(1인),2,18000
2026-06-02 12:04:15,된장찌개(1인),1,9000
2026-06-02 12:05:54,비빔밥,1,9000
2026-06-02 12:05:54,콜라,1,2000
2026-06-02 12:06:51,김치찌개(1인),1,9000
2026-06-02 12:07:42,콜라,1,2000
2026-06-02 12:07:42,비빔밥,2,18000
2026-06-02 12:07:42,콜라,2,4000
2026-06-02 12:15:07,갈비탕,1,13000
2026-06-02 12:15:55,비빔밥,1,9000
2026-06-02 12:16:06,갈비탕,1,13000
2026-06-02 12:16:10,비빔밥,1,9000
2026-06-02 12:16:10,불고기 정식,1,13000
2026-06-02 12:16:10,계란말이,1,7000
2026-06-02 12:17:14,김치찌개(1인),1,9000
2026-06-02 12:17:14,김치찌개(1인),2,18000
2026-06-02 12:19:25,순두부찌개,1,9500
2026-06-02 12:19:25,제육볶음,1,11000
2026-06-02 12:22:36,된장찌개(1인),1,9000
2026-06-02 12:22:36,갈비탕,1,13000
2026-06-02 12:22:36,아메리카노(ICE),1,2000
2026-06-02 12:29:57,공기밥,1,1000
2026-06-02 12:32:27,비빔밥,1,9000
2026-06-02 12:32:27,순두부찌개,1,9500
2026-06-02 12:32:58,된장찌개(1인),2,18000
2026-06-02 12:32:58,아메리카노(ICE),1,2000
2026-06-02 12:32:58,콜라,1,2000
2026-06-02 12:38:05,김치찌개(2인),2,34000
2026-06-02 12:38:05,순두부찌개,1,9500
2026-06-02 12:38:52,불고기 정식,2,26000
2026-06-02 12:38:52,콜라,1,2000
2026-06-02 12:44:27,계란말이,1,7000
2026-06-02 12:44:27,불고기 정식,2,26000
2026-06-02 12:44:48,김치찌개(1인),1,9000
2026-06-02 12:46:16,공기밥,1,1000
2026-06-02 12:46:16,불고기 정식,1,13000
2026-06-02 12:46:16,제육볶음,2,22000
2026-06-02 12:46:24,공기밥,2,2000
2026-06-02 12:46:24,비빔밥,1,9000
2026-06-02 12:47:18,김치찌개(1인),2,18000
2026-06-02 12:47:18,제육볶음,1,11000
2026-06-02 12:47:18,불고기 정식,1,13000
2026-06-02 12:47:37,공기밥,1,1000
2026-06-02 12:48:19,된장찌개(1인),1,9000
2026-06-02 13:14:28,순두부찌개,2,19000
2026-06-02 13:18:14,비빔밥,1,9000
2026-06-02 13:18:14,콜라,1,2000
2026-06-02 13:19:04,갈비탕,1,13000
2026-06-02 17:50:51,제육볶음,1,11000
2026-06-02 18:10:05,제육볶음,1,11000
2026-06-02 18:10:05,김치찌개(2인),1,17000
2026-06-02 18:13:47,불고기 정식,1,13000
2026-06-02 18:13:47,된장찌개(1인),1,9000
2026-06-02 18:18:47,김치찌개(2인),2,34000
2026-06-02 18:21:10,불고기 정식,1,13000
2026-06-02 18:21:10,갈비탕,2,26000
2026-06-02 18:21:10,순두부찌개,1,9500
2026-06-02 18:21:18,김치찌개(1인),1,9000
2026-06-02 18:21:18,김치찌개(1인),1,9000
2026-06-02 18:21:18,비빔밥,1,9000
2026-06-02 18:42:03,불고기 정식,2,26000
2026-06-02 18:49:29,제육볶음,1,11000
2026-06-02 18:49:29,김치찌개(1인),2,18000
2026-06-02 18:49:29,콜라,1,2000
2026-06-02 19:02:34,갈비탕,2,26000
2026-06-02 19:02:34,공기밥,1,1000
2026-06-02 19:05:41,김치찌개(2인),1,17000
2026-06-02 19:05:41,비빔밥,1,9000
2026-06-02 19:07:57,비빔밥,1,9000
2026-06-02 19:08:23,제육볶음,2,22000
2026-06-02 19:08:23,김치찌개(2인),1,17000
2026-06-02 19:08:23,김치찌개(1인),2,18000
2026-06-02 19:10:19,갈비탕,1,13000
2026-06-02 19:10:19,비빔밥,2,18000
2026-06-02 19:24:56,김치찌개(1인),1,9000
2026-06-02 19:24:56,공기밥,1,1000
2026-06-02 19:28:48,김치찌개(2인),1,17000
2026-06-02 19:40:36,김치찌개(2인),1,17000
2026-06-02 19:40:36,김치찌개(2인),2,34000
2026-06-02 19:40:36,순두부찌개,1,9500
2026-06-02 19:42:29,순두부찌개,1,9500
2026-06-02 19:42:29,공기밥,1,1000
2026-06-02 19:42:29,계란말이,1,7000
2026-06-02 19:44:10,공기밥,1,1000
2026-06-02 19:44:10,김치찌개(1인),1,9000
2026-06-02 19:45:13,비빔밥,1,9000
2026-06-02 19:45:13,김치찌개(2인),1,17000
2026-06-02 19:45:13,공기밥,2,2000
2026-06-02 19:45:23,공기밥,2,2000
2026-06-02 19:46:44,공기밥,2,2000
2026-06-02 19:46:44,제육볶음,1,11000
2026-06-02 19:46:44,된장찌개(1인),1,9000
2026-06-02 19:50:56,불고기 정식,1,13000
2026-06-02 19:54:42,아메리카노(ICE),1,2000
2026-06-02 19:54:42,된장찌개(1인),1,9000
2026-06-02 20:01:08,김치찌개(1인),2,18000
2026-06-02 20:17:28,공기밥,1,1000
2026-06-03 11:29:29,된장찌개(1인),1,9000
2026-06-03 11:29:29,아메리카노(ICE),1,2000
2026-06-03 11:29:29,비빔밥,2,18000
2026-06-03 11:37:24,비빔밥,1,9000
2026-06-03 11:37:24,순두부찌개,1,9500
2026-06-03 11:39:42,비빔밥,1,9000
2026-06-03 11:39:59,김치찌개(1인),2,18000
2026-06-03 11:39:59,순두부찌개,1,9500
2026-06-03 11:44:04,제육볶음,1,11000
2026-06-03 11:44:04,순두부찌개,1,9500
2026-06-03 11:44:27,김치찌개(1인),1,9000
2026-06-03 12:01:05,제육볶음,1,11000
2026-06-03 12:01:05,계란말이,1,7000
2026-06-03 12:01:05,갈비탕,1,13000
2026-06-03 12:03:39,계란말이,2,14000
2026-06-03 12:03:39,불고기 정식,1,13000
2026-06-03 12:06:29,김치찌개(1인),1,9000
2026-06-03 12:06:29,콜라,1,2000
2026-06-03 12:06:29,김치찌개(1인),1,9000
2026-06-03 12:06:49,된장찌개(1인),1,9000
2026-06-03 12:06:49,계란말이,1,7000
2026-06-03 12:06:49,아메리카노(ICE),1,2000
2026-06-03 12:08:43,비빔밥,1,9000
2026-06-03 12:08:43,아메리카노(HOT),2,4000
2026-06-03 12:08:43,콜라,1,2000
2026-06-03 12:09:36,불고기 정식,1,13000
2026-06-03 12:11:43,아메리카노(HOT),1,2000
2026-06-03 12:11:43,비빔밥,1,9000
2026-06-03 12:15:04,아메리카노(ICE),2,4000
2026-06-03 12:15:04,김치찌개(1인),1,9000
2026-06-03 12:15:33,공기밥,1,1000
2026-06-03 12:20:19,제육볶음,1,11000
2026-06-03 12:20:19,제육볶음,2,22000
2026-06-03 12:21:16,된장찌개(1인),1,9000
2026-06-03 12:21:16,김치찌개(1인),2,18000
2026-06-03 12:22:44,아메리카노(HOT),1,2000
2026-06-03 12:29:22,아메리카노(HOT),1,2000
2026-06-03 12:31:25,비빔밥,1,9000
2026-06-03 12:32:39,공기밥,1,1000
2026-06-03 12:35:59,제육볶음,1,11000
2026-06-03 12:35:59,아메리카노(ICE),1,2000
2026-06-03 12:39:15,공기밥,1,1000
2026-06-03 12:39:15,불고기 정식,1,13000
2026-06-03 12:39:15,된장찌개(1인),1,9000
2026-06-03 12:40:07,김치찌개(1인),1,9000
2026-06-03 12:40:07,된장찌개(1인),1,9000
2026-06-03 12:46:32,아메리카노(HOT),2,4000
2026-06-03 12:46:32,순두부찌개,1,9500
2026-06-03 12:46:32,불고기 정식,1,13000
2026-06-03 12:48:09,제육볶음,1,11000
2026-06-03 12:48:09,아메리카노(HOT),1,2000
2026-06-03 12:52:40,공기밥,1,1000
2026-06-03 13:08:52,순두부찌개,1,9500
2026-06-03 13:14:50,공기밥,1,1000
2026-06-03 13:14:50,순두부찌개,2,19000
2026-06-03 13:28:04,비빔밥,1,9000
2026-06-03 13:36:15,갈비탕,1,13000
2026-06-03 17:55:32,비빔밥,1,9000
2026-06-03 17:59:48,김치찌개(1인),2,18000
2026-06-03 17:59:48,갈비탕,1,13000
2026-06-03 18:00:56,제육볶음,1,11000
2026-06-03 18:00:56,된장찌개(1인),1,9000
2026-06-03 18:15:14,제육볶음,1,11000
2026-06-03 18:15:14,불고기 정식,1,13000
2026-06-03 18:20:05,김치찌개(1인),1,9000
2026-06-03 18:20:05,김치찌개(2인),1,17000
2026-06-03 18:20:05,제육볶음,1,11000
2026-06-03 18:20:09,제육볶음,1,11000
2026-06-03 18:48:13,제육볶음,1,11000
2026-06-03 18:57:54,된장찌개(1인),1,9000
2026-06-03 18:57:54,갈비탕,1,13000
2026-06-03 18:59:57,불고기 정식,1,13000
2026-06-03 19:05:45,제육볶음,1,11000
2026-06-03 19:05:45,김치찌개(1인),2,18000
2026-06-03 19:05:45,공기밥,1,1000
2026-06-03 19:11:13,순두부찌개,1,9500
2026-06-03 19:20:24,된장찌개(1인),1,9000
2026-06-03 19:20:24,계란말이,1,7000
2026-06-03 19:22:09,된장찌개(1인),1,9000
2026-06-03 19:23:35,비빔밥,1,9000
2026-06-03 19:43:54,김치찌개(2인),1,17000
2026-06-03 19:43:54,계란말이,2,14000
2026-06-03 19:44:09,갈비탕,1,13000
2026-08-20 19:00:00,콜라,0,0
2026-06-03 19:44:09,김치찌개(2인),1,17000
2026-06-03 19:44:09,불고기 정식,1,13000
2026-06-03 19:50:53,공기밥,1,1000
2026-06-03 19:50:53,불고기 정식,2,26000
2026-06-03 20:11:36,계란말이,1,7000
2026-06-03 20:21:20,김치찌개(2인),1,17000
2026-06-03 20:57:21,김치찌개(2인),1,17000
2026-06-03 20:57:21,제육볶음,1,11000
2026-06-03 20:57:21,불고기 정식,1,13000
2026-06-04 11:27:26,김치찌개(1인),1,9000
2026-06-04 11:27:26,콜라,2,4000
2026-06-04 11:31:56,갈비탕,1,13000
2026-06-04 11:31:56,비빔밥,2,18000
2026-06-04 11:45:31,콜라,1,2000
2026-06-04 11:45:31,된장찌개(1인),1,9000
2026-06-04 11:48:19,공기밥,1,1000
2026-06-04 11:48:19,비빔밥,1,9000
2026-06-04 11:49:18,공기밥,1,1000
2026-06-04 11:49:18,김치찌개(1인),1,9000
2026-06-04 11:55:14,갈비탕,1,13000
2026-06-04 11:59:42,김치찌개(1인),1,9000
2026-06-04 11:59:42,갈비탕,2,26000
2026-06-04 12:01:34,제육볶음,1,11000
2026-06-04 12:03:43,아메리카노(HOT),2,4000
2026-06-04 12:05:24,갈비탕,1,13000
2026-06-04 12:06:24,김치찌개(1인),1,9000
2026-06-04 12:07:13,된장찌개(1인),1,9000
2026-06-04 12:07:13,비빔밥,1,9000
2026-06-04 12:07:13,순두부찌개,1,9500
2026-06-04 12:08:20,불고기 정식,1,13000
2026-06-04 12:08:20,콜라,1,2000
2026-06-04 12:08:33,불고기 정식,1,13000
2026-06-04 12:09:46,김치찌개(1인),1,9000
2026-06-04 12:09:46,제육볶음,1,11000
2026-06-04 12:09:46,김치찌개(1인),2,18000
2026-06-04 12:12:38,제육볶음,2,22000
2026-06-04 12:13:41,김치찌개(2인),1,17000
2026-06-04 12:14:35,갈비탕,1,13000
2026-06-04 12:17:56,순두부찌개,2,19000
2026-06-04 12:17:56,갈비탕,1,13000
2026-06-04 12:18:06,제육볶음,2,22000
2026-06-04 12:18:54,김치찌개(1인),1,9000
2026-06-04 12:18:54,된장찌개(1인),1,9000
2026-06-04 12:22:08,공기밥,1,1000
2026-06-04 12:22:37,된장찌개(1인),2,18000
2026-06-04 12:26:38,불고기 정식,2,26000
2026-06-04 12:27:54,제육볶음,1,11000
2026-06-04 12:27:54,제육볶음,1,11000
2026-06-04 12:27:54,아메리카노(ICE),2,4000
2026-06-04 12:32:47,비빔밥,1,9000
2026-06-04 12:32:47,아메리카노(ICE),2,4000
2026-06-04 12:36:13,김치찌개(1인),1,9000
2026-06-04 12:36:13,비빔밥,1,9000
2026-06-04 12:37:33,불고기 정식,2,26000
2026-06-04 12:37:56,순두부찌개,1,9500
2026-06-04 12:37:56,된장찌개(1인),1,9000
2026-06-04 12:38:42,된장찌개(1인),1,9000
2026-06-04 12:39:17,아메리카노(ICE),1,2000
2026-06-04 12:41:05,비빔밥,1,9000
2026-06-04 12:41:05,된장찌개(1인),1,9000
2026-06-04 12:41:05,김치찌개(2인),1,17000
2026-06-04 12:44:26,김치찌개(1인),1,9000
2026-06-04 12:44:26,불고기 정식,1,13000
2026-06-04 12:44:26,불고기 정식,1,13000
2026-06-04 12:48:46,순두부찌개,1,9500
2026-06-04 12:48:46,불고기 정식,2,26000
2026-06-04 12:49:36,순두부찌개,1,9500
2026-06-04 12:49:36,김치찌개(1인),1,9000
2026-06-04 12:49:36,아메리카노(ICE),2,4000
2026-06-04 12:51:22,계란말이,1,7000
2026-06-04 12:51:47,순두부찌개,1,9500
2026-06-04 12:52:10,공기밥,1,1000
2026-06-04 13:00:21,순두부찌개,2,19000
2026-06-04 13:00:21,제육볶음,2,22000
2026-06-04 13:06:04,공기밥,1,1000
2026-06-04 13:06:04,된장찌개(1인),1,9000
2026-06-04 17:41:23,콜라,1,2000
2026-06-04 17:55:52,콜라,1,2000
2026-06-04 17:55:52,계란말이,1,7000
2026-06-04 18:07:16,김치찌개(1인),1,9000
2026-06-04 18:07:16,계란말이,1,7000
2026-06-04 18:15:03,김치찌개(2인),1,17000
2026-06-04 18:20:50,갈비탕,1,13000
2026-06-04 18:42:28,김치찌개(2인),1,17000
2026-06-04 18:51:08,된장찌개(1인),2,18000
2026-06-04 18:56:41,불고기 정식,1,13000
2026-06-04 18:57:10,불고기 정식,2,26000
2026-06-04 18:57:10,불고기 정식,1,13000
2026-06-04 18:57:59,김치찌개(2인),1,17000
2026-06-04 18:57:59,순두부찌개,1,9500
2026-06-04 18:57:59,콜라,1,2000
2026-06-04 19:00:31,비빔밥,2,18000
2026-06-04 19:00:31,제육볶음,1,11000
2026-06-04 19:00:31,된장찌개(1인),1,9000
2026-06-04 19:01:20,불고기 정식,1,13000
2026-06-04 19:01:20,김치찌개(1인),2,18000
2026-06-04 19:02:24,불고기 정식,1,13000
2026-06-04 19:08:23,김치찌개(1인),2,18000
2026-06-04 19:08:23,계란말이,1,7000
2026-06-04 19:08:23,김치찌개(1인),1,9000
2026-06-04 19:10:42,김치찌개(2인),1,17000
2026-06-04 19:10:42,김치찌개(1인),2,18000
2026-06-04 19:17:14,김치찌개(1인),2,18000
2026-06-04 19:20:49,제육볶음,1,11000
2026-06-04 19:20:49,비빔밥,1,9000
2026-06-04 19:32:14,김치찌개(1인),1,9000
2026-06-04 19:32:14,김치찌개(2인),1,17000
2026-06-04 19:32:14,김치찌개(1인),1,9000
2026-06-04 19:45:29,계란말이,1,7000
2026-06-04 19:45:29,순두부찌개,1,9500
2026-06-04 19:57:02,비빔밥,1,9000
2026-06-04 19:57:02,불고기 정식,1,13000
2026-06-04 20:11:45,된장찌개(1인),1,9000
2026-06-04 20:11:45,불고기 정식,1,13000
2026-06-04 20:30:42,된장찌개(1인),1,9000
2026-06-04 20:30:42,계란말이,1,7000
2026-06-05 11:26:19,김치찌개(2인),1,17000
2026-06-05 11:41:17,김치찌개(1인),2,18000
2026-06-05 11:41:17,비빔밥,1,9000
2026-06-05 11:41:17,제육볶음,1,11000
2026-06-05 11:45:06,순두부찌개,1,9500
2026-06-05 11:45:06,공기밥,1,1000
2026-06-05 11:45:06,된장찌개(1인),1,9000
2026-06-05 11:50:05,아메리카노(ICE),1,2000
2026-06-05 11:55:52,김치찌개(1인),1,9000
2026-06-05 12:00:50,비빔밥,1,9000
2026-06-05 12:00:50,공기밥,1,1000
2026-06-05 12:03:57,김치찌개(1인),1,9000
2026-06-05 12:05:57,제육볶음,1,11000
2026-06-05 12:08:24,순두부찌개,1,9500
2026-06-05 12:08:24,아메리카노(ICE),1,2000
2026-06-05 12:09:45,김치찌개(1인),2,18000
2026-06-05 12:09:45,아메리카노(ICE),1,2000
2026-06-05 12:10:02,된장찌개(1인),1,9000
2026-06-05 12:10:22,아메리카노(HOT),1,2000
2026-06-05 12:12:58,비빔밥,1,9000
2026-06-05 12:12:58,김치찌개(1인),2,18000
2026-06-05 12:15:38,김치찌개(2인),1,17000
2026-06-05 12:15:38,김치찌개(1인),1,9000
2026-06-05 12:21:06,콜라,1,2000
2026-06-05 12:21:06,김치찌개(1인),2,18000
2026-06-05 12:25:51,된장찌개(1인),1,9000
2026-06-05 12:25:51,갈비탕,1,13000
2026-06-05 12:25:51,비빔밥,1,9000
2026-06-05 12:26:09,아메리카노(HOT),2,4000
2026-06-05 12:27:00,아메리카노(HOT),1,2000
2026-06-05 12:27:47,된장찌개(1인),1,9000
2026-06-05 12:28:18,제육볶음,1,11000
2026-06-05 12:30:46,김치찌개(1인),1,9000
2026-06-05 12:30:46,김치찌개(1인),1,9000
2026-06-05 12:32:14,된장찌개(1인),2,18000
2026-06-05 12:32:14,김치찌개(1인),1,9000
2026-06-05 12:35:24,제육볶음,1,11000
2026-06-05 12:35:24,제육볶음,1,11000
2026-06-05 12:37:37,제육볶음,1,11000
2026-06-05 12:37:37,아메리카노(ICE),1,2000
2026-06-05 12:37:37,제육볶음,2,22000
2026-06-05 12:37:44,공기밥,1,1000
2026-06-05 12:40:21,된장찌개(1인),2,18000
2026-06-05 12:40:21,된장찌개(1인),1,9000
2026-06-05 12:40:21,김치찌개(1인),1,9000
2026-06-05 12:44:51,불고기 정식,1,13000
2026-06-05 12:44:51,순두부찌개,1,9500
2026-06-05 12:44:51,공기밥,1,1000
2026-06-05 12:46:08,된장찌개(1인),2,18000
2026-06-05 12:46:08,계란말이,1,7000
2026-06-05 12:50:31,제육볶음,1,11000
2026-06-05 12:50:31,아메리카노(HOT),1,2000
2026-06-05 13:00:58,공기밥,1,1000
2026-06-05 13:00:58,갈비탕,1,13000
2026-06-05 13:04:31,된장찌개(1인),1,9000
2026-06-05 13:04:31,제육볶음,1,11000
2026-06-05 13:08:49,공기밥,2,2000
2026-06-05 13:08:49,김치찌개(1인),1,9000
2026-06-05 13:11:36,콜라,1,2000
2026-06-05 13:11:36,비빔밥,1,9000
2026-06-05 13:11:36,제육볶음,2,22000
2026-06-05 13:17:34,비빔밥,1,9000
2026-06-05 13:17:34,아메리카노(HOT),2,4000
2026-06-05 13:17:39,공기밥,1,1000
2026-06-05 13:17:39,아메리카노(HOT),1,2000
2026-06-05 13:17:45,된장찌개(1인),1,9000
2026-06-05 13:19:02,공기밥,1,1000
2026-06-05 13:19:02,불고기 정식,1,13000
2026-06-05 13:19:02,김치찌개(1인),1,9000
2026-06-05 13:23:31,된장찌개(1인),1,9000
2026-06-05 13:39:07,콜라,1,2000
2026-06-05 13:39:07,갈비탕,2,26000
2026-06-05 13:39:07,된장찌개(1인),1,9000
2026-06-05 13:39:41,김치찌개(1인),2,18000
2026-06-05 17:52:40,김치찌개(1인),2,18000
2026-06-05 18:38:45,공기밥,2,2000
2026-06-05 18:38:45,갈비탕,1,13000
2026-06-05 18:38:45,김치찌개(2인),1,17000
2026-06-05 18:50:46,갈비탕,2,26000
2026-06-05 18:54:17,갈비탕,1,13000
2026-06-05 18:54:17,제육볶음,1,11000
2026-06-05 18:54:17,된장찌개(1인),2,18000
2026-06-05 18:54:58,공기밥,1,1000
2026-06-05 18:54:58,불고기 정식,2,26000
2026-06-05 19:02:57,공기밥,1,1000
2026-06-05 19:02:57,순두부찌개,1,9500
2026-06-05 19:02:57,불고기 정식,1,13000
2026-06-05 19:06:45,제육볶음,1,11000
2026-06-05 19:06:45,비빔밥,1,9000
2026-06-05 19:20:18,공기밥,2,2000
2026-06-05 19:20:18,갈비탕,1,13000
2026-06-05 19:23:52,김치찌개(2인),1,17000
2026-06-05 19:25:32,계란말이,1,7000
2026-06-05 19:26:23,제육볶음,1,11000
2026-06-05 19:26:23,김치찌개(1인),1,9000
2026-06-05 19:30:52,된장찌개(1인),1,9000
2026-06-05 19:30:52,김치찌개(2인),1,17000
2026-06-05 19:32:12,순두부찌개,2,19000
2026-06-05 19:32:12,순두부찌개,1,9500
2026-06-05 19:32:12,김치찌개(2인),1,17000
2026-06-05 19:34:31,김치찌개(1인),1,9000
2026-06-05 19:34:31,공기밥,1,1000
2026-06-05 19:34:31,김치찌개(1인),1,9000
2026-06-05 19:36:16,제육볶음,2,22000
2026-06-05 19:36:16,순두부찌개,1,9500
2026-06-05 19:44:47,김치찌개(2인),1,17000
2026-06-05 19:44:47,된장찌개(1인),2,18000
2026-06-05 19:44:47,비빔밥,1,9000
2026-06-05 19:45:15,된장찌개(1인),2,18000
2026-06-05 19:45:59,제육볶음,1,11000
2026-06-05 19:45:59,순두부찌개,1,9500
2026-06-05 19:50:02,불고기 정식,2,26000
2026-06-05 19:52:58,불고기 정식,1,13000
2026-06-05 19:52:58,된장찌개(1인),1,9000
2026-06-05 19:54:01,공기밥,2,2000
2026-06-05 20:07:25,된장찌개(1인),1,9000
2026-06-05 20:08:13,제육볶음,2,22000
2026-06-05 20:08:13,김치찌개(2인),1,17000
2026-06-05 20:09:07,계란말이,1,7000
2026-06-05 20:15:23,계란말이,2,14000
2026-06-05 20:23:05,된장찌개(1인),1,9000
2026-06-05 20:23:05,제육볶음,2,22000
2026-06-05 20:23:38,순두부찌개,1,9500
2026-06-05 20:23:38,김치찌개(1인),1,9000
2026-06-05 20:23:38,김치찌개(1인),1,9000
2026-06-05 20:28:44,된장찌개(1인),1,9000
2026-06-05 20:28:44,갈비탕,1,13000
2026-06-06 11:26:15,비빔밥,1,9000
2026-06-06 11:47:32,순두부찌개,1,9500
2026-06-06 11:47:32,아메리카노(ICE),1,2000
2026-06-06 11:53:17,김치찌개(1인),1,9000
2026-06-06 11:53:17,순두부찌개,1,9500
2026-06-06 12:11:41,비빔밥,2,18000
2026-06-06 12:11:41,김치찌개(1인),1,9000
2026-06-06 12:12:21,공기밥,2,2000
2026-06-06 12:12:21,계란말이,1,7000
2026-06-06 12:12:45,아메리카노(ICE),1,2000
2026-06-06 12:20:03,제육볶음,1,11000
2026-06-06 12:20:03,콜라,1,2000
2026-06-06 12:23:28,비빔밥,1,9000
2026-06-06 12:26:32,순두부찌개,1,9500
2026-06-06 12:26:58,김치찌개(1인),1,9000
2026-06-06 12:28:30,제육볶음,1,11000
2026-06-06 12:33:57,김치찌개(2인),2,34000
2026-06-06 12:36:33,김치찌개(1인),1,9000
2026-06-06 12:45:52,아메리카노(ICE),1,2000
2026-06-06 12:45:52,갈비탕,1,13000
2026-06-06 12:45:52,비빔밥,1,9000
2026-06-06 12:54:42,불고기 정식,1,13000
2026-06-06 12:55:18,순두부찌개,1,9500
2026-06-06 12:55:18,비빔밥,2,18000
2026-06-06 12:55:18,불고기 정식,1,13000
2026-06-06 12:56:00,아메리카노(ICE),1,2000
2026-06-06 12:59:59,된장찌개(1인),1,9000
2026-06-06 13:09:04,김치찌개(1인),1,9000
2026-06-06 13:19:09,아메리카노(HOT),2,4000
2026-06-06 13:27:24,계란말이,2,14000
2026-06-06 18:03:27,계란말이,1,7000
2026-06-06 18:03:27,콜라,1,2000
2026-06-06 18:04:48,김치찌개(1인),1,9000
2026-06-06 18:04:48,계란말이,1,7000
2026-06-06 18:08:32,콜라,1,2000
2026-06-06 18:08:32,김치찌개(2인),1,17000
2026-06-06 18:12:50,불고기 정식,1,13000
2026-06-06 18:12:50,김치찌개(2인),1,17000
2026-06-06 18:13:54,김치찌개(1인),1,9000
2026-06-06 18:53:25,갈비탕,1,13000
2026-06-06 18:53:25,김치찌개(1인),1,9000
2026-06-06 18:54:17,불고기 정식,2,26000
2026-06-06 18:54:17,김치찌개(1인),1,9000
2026-06-06 18:56:56,공기밥,1,1000
2026-06-06 19:12:32,순두부찌개,1,9500
2026-06-06 19:12:32,갈비탕,1,13000
2026-06-06 19:14:36,제육볶음,1,11000
2026-06-06 19:15:01,공기밥,2,2000
2026-06-06 19:15:01,공기밥,1,1000
2026-06-06 19:17:07,순두부찌개,1,9500
2026-06-06 19:28:47,계란말이,2,14000
2026-06-06 19:30:46,제육볶음,1,11000
2026-06-06 19:30:46,순두부찌개,1,9500
2026-06-06 19:30:46,김치찌개(2인),1,17000
2026-06-06 19:31:16,김치찌개(2인),1,17000
2026-06-06 19:34:11,불고기 정식,1,13000
2026-06-06 19:34:11,불고기 정식,2,26000
2026-06-06 19:34:12,불고기 정식,2,26000
2026-06-06 19:34:50,계란말이,1,7000
2026-06-06 19:34:50,공기밥,1,1000
2026-06-06 19:36:36,아메리카노(HOT),2,4000
2026-06-06 19:36:36,제육볶음,1,11000
2026-06-06 19:38:00,된장찌개(1인),1,9000
2026-06-06 19:38:00,계란말이,1,7000
2026-06-06 19:43:29,비빔밥,1,9000
2026-06-06 19:43:29,불고기 정식,1,13000
2026-06-06 19:43:29,순두부찌개,1,9500
2026-06-06 19:45:41,비빔밥,1,9000
2026-06-06 19:45:41,계란말이,1,7000
2026-06-06 19:50:06,김치찌개(2인),2,34000
2026-06-06 19:50:18,김치찌개(1인),1,9000
2026-06-06 19:54:27,갈비탕,1,13000
2026-06-06 19:58:07,김치찌개(2인),1,17000
2026-06-06 20:02:22,제육볶음,1,11000
2026-06-06 20:05:44,갈비탕,1,13000
2026-06-06 20:05:44,계란말이,1,7000
2026-06-06 20:05:44,콜라,1,2000
2026-06-06 20:11:28,김치찌개(1인),1,9000
2026-06-06 20:15:39,제육볶음,1,11000
2026-06-06 20:16:17,콜라,2,4000
2026-06-06 20:16:17,계란말이,1,7000
2026-06-06 20:16:32,김치찌개(1인),1,9000
2026-06-06 20:16:32,계란말이,1,7000
2026-06-06 20:26:07,아메리카노(HOT),1,2000
2026-06-06 20:26:07,된장찌개(1인),1,9000
2026-06-06 20:26:07,공기밥,2,2000
2026-06-06 20:45:04,불고기 정식,2,26000
2026-06-06 20:45:04,갈비탕,1,13000
2026-06-06 20:45:04,비빔밥,1,9000
2026-06-08 11:36:23,아메리카노(HOT),1,2000
2026-06-08 11:44:53,비빔밥,1,9000
2026-06-08 11:44:53,불고기 정식,1,13000
2026-06-08 11:51:04,계란말이,1,7000
2026-06-08 11:55:54,제육볶음,2,22000
2026-06-08 11:58:14,김치찌개(2인),1,17000
2026-06-08 11:59:36,아메리카노(ICE),1,2000
2026-06-08 11:59:36,된장찌개(1인),1,9000
2026-06-08 12:01:17,김치찌개(1인),1,9000
2026-06-08 12:07:31,제육볶음,1,11000
2026-06-08 12:07:31,제육볶음,1,11000
2026-06-08 12:12:28,아메리카노(ICE),2,4000
2026-06-08 12:16:40,김치찌개(1인),1,9000
2026-06-08 12:16:40,아메리카노(ICE),1,2000
2026-06-08 12:16:40,된장찌개(1인),1,9000
2026-06-08 12:17:29,비빔밥,2,18000
2026-06-08 12:18:00,공기밥,1,1000
2026-06-08 12:18:00,순두부찌개,1,9500
2026-06-08 12:18:10,김치찌개(1인),1,9000
2026-06-08 12:18:10,불고기 정식,1,13000
2026-06-08 12:18:23,순두부찌개,1,9500
2026-06-08 12:18:23,갈비탕,1,13000
2026-06-08 12:18:23,비빔밥,1,9000
2026-06-08 12:22:09,제육볶음,1,11000
2026-06-08 12:22:09,김치찌개(2인),1,17000
2026-06-08 12:22:09,아메리카노(HOT),1,2000
2026-06-08 12:22:31,아메리카노(HOT),1,2000
2026-06-08 12:22:59,공기밥,1,1000
2026-06-08 12:22:59,공기밥,1,1000
2026-06-08 12:23:48,순두부찌개,1,9500
2026-06-08 12:25:24,순두부찌개,1,9500
2026-06-08 12:27:58,김치찌개(1인),1,9000
2026-06-08 12:30:06,순두부찌개,1,9500
2026-06-08 12:31:23,아메리카노(HOT),1,2000
2026-06-08 12:31:23,콜라,1,2000
2026-06-08 12:31:34,김치찌개(1인),1,9000
2026-06-08 12:31:34,김치찌개(1인),1,9000
2026-06-08 12:31:34,김치찌개(2인),1,17000
2026-06-08 12:32:25,된장찌개(1인),1,9000
2026-06-08 12:32:25,된장찌개(1인),1,9000
2026-06-08 12:33:24,김치찌개(2인),1,17000
2026-06-08 12:33:24,제육볶음,1,11000
2026-06-08 12:34:50,김치찌개(2인),2,34000
2026-06-08 12:34:50,김치찌개(1인),1,9000
2026-06-08 12:39:06,아메리카노(ICE),1,2000
2026-06-08 12:42:31,김치찌개(1인),1,9000
2026-06-08 12:44:40,불고기 정식,1,13000
2026-06-08 12:44:40,김치찌개(1인),1,9000
2026-06-08 12:47:25,제육볶음,1,11000
2026-06-08 12:47:25,계란말이,1,7000
2026-06-08 12:47:25,순두부찌개,1,9500
2026-06-08 12:49:26,김치찌개(1인),1,9000
2026-06-08 12:49:26,콜라,1,2000
2026-06-08 12:49:26,공기밥,1,1000
2026-06-08 12:50:07,김치찌개(1인),1,9000
2026-06-08 12:50:07,아메리카노(HOT),1,2000
2026-06-08 12:50:07,제육볶음,1,11000
2026-06-08 12:51:05,김치찌개(1인),1,9000
2026-06-08 13:04:39,아메리카노(ICE),1,2000
2026-06-08 13:04:39,김치찌개(1인),1,9000
2026-06-08 13:24:27,김치찌개(1인),1,9000
2026-06-08 13:24:27,김치찌개(1인),1,9000
2026-06-08 13:27:19,공기밥,1,1000
2026-06-08 13:27:19,갈비탕,1,13000
2026-06-08 13:27:19,공기밥,1,1000
2026-06-08 17:41:25,계란말이,1,7000
2026-06-08 17:41:25,비빔밥,1,9000
2026-06-08 17:52:05,비빔밥,1,9000
2026-06-08 18:06:00,김치찌개(2인),2,34000
2026-06-08 18:10:04,제육볶음,1,11000
2026-06-08 18:10:04,불고기 정식,1,13000
2026-06-08 18:21:41,된장찌개(1인),1,9000
2026-06-08 18:24:21,비빔밥,1,9000
2026-06-08 18:24:21,공기밥,2,2000
2026-06-08 18:31:26,제육볶음,2,22000
2026-06-08 18:38:54,김치찌개(1인),2,18000
2026-06-08 18:38:54,아메리카노(HOT),2,4000
2026-06-08 18:46:11,계란말이,1,7000
2026-06-08 18:46:11,불고기 정식,1,13000
2026-06-08 18:46:50,비빔밥,1,9000
2026-06-08 18:46:50,계란말이,2,14000
2026-06-08 18:49:55,순두부찌개,1,9500
2026-06-08 18:49:55,순두부찌개,1,9500
2026-06-08 19:09:18,갈비탕,2,26000
2026-06-08 19:09:18,제육볶음,1,11000
2026-06-08 19:09:18,김치찌개(1인),1,9000
2026-06-08 19:09:40,공기밥,1,1000
2026-06-08 19:09:40,계란말이,1,7000
2026-06-08 19:19:10,불고기 정식,1,13000
2026-06-08 19:35:36,콜라,1,2000
2026-06-08 19:48:03,계란말이,2,14000
2026-06-08 19:48:03,김치찌개(2인),1,17000
2026-06-08 19:48:03,계란말이,1,7000
2026-06-08 19:59:04,계란말이,1,7000
2026-06-08 19:59:04,제육볶음,2,22000
2026-06-08 20:04:49,계란말이,1,7000
2026-06-08 20:36:54,공기밥,1,1000
2026-06-09 11:23:04,갈비탕,1,13000
2026-06-09 11:23:04,순두부찌개,1,9500
2026-06-09 11:35:56,된장찌개(1인),1,9000
2026-06-09 11:39:24,김치찌개(1인),1,9000
2026-06-09 11:42:40,비빔밥,1,9000
2026-06-09 11:42:41,아메리카노(ICE),2,4000
2026-06-09 11:43:24,공기밥,1,1000
2026-06-09 11:43:24,제육볶음,1,11000
2026-06-09 11:44:31,된장찌개(1인),1,9000
2026-06-09 11:44:31,김치찌개(1인),1,9000
2026-06-09 11:44:31,비빔밥,1,9000
2026-06-09 11:49:14,제육볶음,1,11000
2026-06-09 11:49:14,아메리카노(ICE),1,2000
2026-06-09 11:58:40,된장찌개(1인),1,9000
2026-06-09 11:59:20,김치찌개(2인),1,17000
2026-06-09 11:59:23,김치찌개(1인),1,9000
2026-06-09 11:59:23,제육볶음,2,22000
2026-06-09 11:59:28,아메리카노(ICE),1,2000
2026-06-09 12:01:27,갈비탕,1,13000
2026-06-09 12:01:27,김치찌개(1인),1,9000
2026-06-09 12:01:34,비빔밥,1,9000
2026-06-09 12:01:34,불고기 정식,1,13000
2026-06-09 12:02:23,된장찌개(1인),1,9000
2026-06-09 12:03:28,김치찌개(2인),1,17000
2026-06-09 12:08:11,김치찌개(2인),1,17000
2026-06-09 12:08:11,된장찌개(1인),1,9000
2026-06-09 12:08:11,비빔밥,2,18000
2026-06-09 12:08:58,제육볶음,1,11000
2026-06-09 12:08:58,순두부찌개,1,9500
2026-06-09 12:08:58,순두부찌개,2,19000
2026-06-09 12:11:59,제육볶음,1,11000
2026-06-09 12:11:59,아메리카노(ICE),1,2000
2026-06-09 12:14:21,순두부찌개,1,9500
2026-06-09 12:15:18,아메리카노(ICE),1,2000
2026-06-09 12:16:31,콜라,1,2000
2026-06-09 12:17:49,공기밥,1,1000
2026-06-09 12:20:51,김치찌개(2인),1,17000
2026-06-09 12:20:51,김치찌개(1인),1,9000
2026-06-09 12:20:51,순두부찌개,1,9500
2026-06-09 12:30:23,제육볶음,1,11000
2026-06-09 12:31:08,순두부찌개,1,9500
2026-06-09 12:36:44,비빔밥,1,9000
2026-06-09 12:37:48,된장찌개(1인),1,9000
2026-06-09 12:45:20,김치찌개(2인),1,17000
2026-06-09 12:45:20,김치찌개(1인),1,9000
2026-06-09 12:45:20,아메리카노(HOT),1,2000
2026-06-09 12:50:13,된장찌개(1인),1,9000
2026-06-09 12:50:13,불고기 정식,1,13000
2026-06-09 13:04:37,김치찌개(1인),1,9000
2026-06-09 13:07:43,제육볶음,1,11000
2026-06-09 13:10:46,아메리카노(HOT),2,4000
2026-06-09 13:10:46,김치찌개(1인),1,9000
2026-06-09 13:14:58,김치찌개(1인),1,9000
2026-06-09 13:22:17,제육볶음,1,11000
2026-06-09 13:46:41,제육볶음,2,22000
2026-06-09 17:40:57,계란말이,1,7000
2026-06-09 17:59:31,콜라,1,2000
2026-06-09 17:59:31,계란말이,1,7000
2026-06-09 17:59:31,불고기 정식,1,13000
2026-06-09 18:28:47,공기밥,2,2000
2026-06-09 18:28:47,불고기 정식,1,13000
2026-06-09 18:44:02,공기밥,2,2000
2026-06-09 18:44:02,계란말이,1,7000
2026-06-09 18:46:24,공기밥,1,1000
2026-06-09 18:51:10,된장찌개(1인),1,9000
2026-06-09 18:51:10,김치찌개(1인),1,9000
2026-06-09 18:51:10,콜라,1,2000
2026-06-09 18:51:34,된장찌개(1인),1,9000
2026-06-09 18:55:43,불고기 정식,1,13000
2026-06-09 18:55:43,김치찌개(1인),1,9000
2026-06-09 19:00:53,순두부찌개,1,9500
2026-06-09 19:00:53,콜라,1,2000
2026-06-09 19:04:04,아메리카노(HOT),1,2000
2026-06-09 19:05:44,갈비탕,1,13000
2026-06-09 19:07:17,콜라,1,2000
2026-06-09 19:09:04,김치찌개(2인),1,17000
2026-06-09 19:09:04,아메리카노(HOT),2,4000
2026-06-09 19:09:04,콜라,2,4000
2026-06-09 19:12:09,비빔밥,1,9000
2026-06-09 19:12:09,갈비탕,1,13000
2026-06-09 19:14:23,순두부찌개,2,19000
2026-06-09 19:14:23,갈비탕,1,13000
2026-06-09 19:14:53,제육볶음,1,11000
2026-06-09 19:14:53,계란말이,2,14000
2026-06-09 19:17:26,불고기 정식,1,13000
2026-06-09 19:19:03,제육볶음,1,11000
2026-06-09 19:19:03,갈비탕,1,13000
2026-06-09 19:27:06,김치찌개(2인),1,17000
2026-06-09 19:27:06,공기밥,1,1000
2026-06-09 19:42:03,제육볶음,1,11000
2026-06-09 19:44:54,된장찌개(1인),1,9000
2026-06-09 19:44:54,김치찌개(2인),1,17000
2026-06-09 19:44:54,비빔밥,1,9000
2026-06-09 19:47:19,순두부찌개,1,9500
2026-06-09 19:55:40,김치찌개(1인),1,9000
2026-06-09 19:55:40,된장찌개(1인),2,18000
2026-06-09 20:12:54,콜라,1,2000
2026-06-09 20:12:54,계란말이,1,7000
2026-06-09 20:27:10,김치찌개(1인),1,9000
2026-06-09 20:27:10,김치찌개(2인),1,17000
2026-06-09 20:27:10,김치찌개(2인),1,17000
2026-06-09 20:27:26,김치찌개(2인),1,17000
2026-06-09 20:27:26,김치찌개(1인),2,18000
2026-06-09 20:28:35,계란말이,1,7000
2026-06-09 20:28:35,순두부찌개,2,19000
2026-06-10 11:29:24,된장찌개(1인),2,18000
2026-06-10 11:46:02,비빔밥,1,9000
2026-06-10 11:46:02,김치찌개(2인),1,17000
2026-06-10 11:46:02,비빔밥,1,9000
2026-06-10 11:49:12,아메리카노(ICE),1,2000
2026-06-10 12:04:03,공기밥,1,1000
2026-06-10 12:04:03,순두부찌개,2,19000
2026-06-10 12:04:26,김치찌개(1인),1,9000
2026-06-10 12:05:25,비빔밥,1,9000
2026-06-10 12:06:58,된장찌개(1인),1,9000
2026-06-10 12:07:03,아메리카노(ICE),1,2000
2026-06-10 12:10:12,제육볶음,2,22000
2026-06-10 12:10:12,비빔밥,2,18000
2026-06-10 12:10:12,비빔밥,2,18000
2026-06-10 12:14:19,계란말이,1,7000
2026-06-10 12:14:19,김치찌개(1인),2,18000
2026-06-10 12:17:18,비빔밥,2,18000
2026-06-10 12:17:18,불고기 정식,1,13000
2026-06-10 12:19:37,아메리카노(ICE),1,2000
2026-06-10 12:19:37,계란말이,1,7000
2026-06-10 12:19:37,순두부찌개,1,9500
2026-06-10 12:22:34,제육볶음,2,22000
2026-06-10 12:22:34,아메리카노(HOT),2,4000
2026-06-10 12:22:34,된장찌개(1인),1,9000
2026-06-10 12:23:23,제육볶음,2,22000
2026-06-10 12:23:23,순두부찌개,1,9500
2026-06-10 12:28:09,김치찌개(1인),1,9000
2026-06-10 12:28:09,김치찌개(1인),1,9000
2026-06-10 12:28:09,김치찌개(1인),1,9000
2026-06-10 12:30:33,비빔밥,1,9000
2026-06-10 12:32:19,아메리카노(ICE),1,2000
2026-06-10 12:32:19,아메리카노(HOT),1,2000
2026-06-10 12:32:19,제육볶음,1,11000
2026-06-10 12:32:40,아메리카노(ICE),1,2000
2026-06-10 12:32:40,된장찌개(1인),2,18000
2026-06-10 12:32:40,불고기 정식,1,13000
2026-06-10 12:33:48,순두부찌개,1,9500
2026-06-10 12:33:48,계란말이,1,7000
2026-06-10 12:33:48,비빔밥,1,9000
2026-06-10 12:34:56,불고기 정식,1,13000
2026-06-10 12:36:36,아메리카노(ICE),2,4000
2026-06-10 12:36:36,제육볶음,1,11000
2026-06-10 12:40:12,된장찌개(1인),1,9000
2026-06-10 12:40:12,김치찌개(1인),1,9000
2026-06-10 12:44:52,비빔밥,1,9000
2026-06-10 12:54:51,아메리카노(HOT),1,2000
2026-06-10 12:54:51,비빔밥,1,9000
2026-06-10 12:55:52,김치찌개(1인),1,9000
2026-06-10 13:04:19,김치찌개(2인),1,17000
2026-06-10 13:04:31,콜라,1,2000
2026-06-10 13:04:31,된장찌개(1인),2,18000
2026-06-10 13:04:31,김치찌개(1인),1,9000
2026-06-10 13:09:20,된장찌개(1인),1,9000
2026-06-10 13:09:20,김치찌개(2인),2,34000
2026-06-10 13:09:55,김치찌개(1인),1,9000
2026-06-10 13:10:22,아메리카노(HOT),1,2000
2026-06-10 13:14:18,공기밥,2,2000
2026-06-10 13:14:18,된장찌개(1인),1,9000
2026-06-10 13:15:10,계란말이,1,7000
2026-06-10 13:18:04,김치찌개(1인),1,9000
2026-06-10 17:46:19,불고기 정식,1,13000
2026-06-10 17:52:40,불고기 정식,2,26000
2026-06-10 18:11:46,공기밥,2,2000
2026-06-10 18:11:46,된장찌개(1인),2,18000
2026-06-10 18:19:52,아메리카노(HOT),1,2000
2026-06-10 18:19:52,아메리카노(HOT),1,2000
2026-06-10 18:24:13,비빔밥,1,9000
2026-06-10 18:24:13,제육볶음,1,11000
2026-06-10 18:26:37,콜라,1,2000
2026-06-10 18:26:37,불고기 정식,1,13000
2026-06-10 18:28:01,계란말이,1,7000
2026-06-10 18:32:22,제육볶음,1,11000
2026-06-10 18:37:18,아메리카노(ICE),1,2000
2026-06-10 18:37:18,김치찌개(2인),1,17000
2026-06-10 18:43:50,순두부찌개,1,9500
2026-06-10 18:43:50,콜라,1,2000
2026-06-10 18:45:32,갈비탕,1,13000
2026-06-10 18:45:32,김치찌개(1인),1,9000
2026-06-10 18:50:16,순두부찌개,1,9500
2026-06-10 18:50:16,불고기 정식,1,13000
2026-06-10 18:53:24,갈비탕,1,13000
2026-06-10 18:58:46,제육볶음,1,11000
2026-06-10 19:01:59,김치찌개(2인),1,17000
2026-06-10 19:02:05,계란말이,1,7000
2026-06-10 19:02:05,김치찌개(1인),1,9000
2026-06-10 19:18:18,김치찌개(2인),1,17000
2026-06-10 19:25:36,제육볶음,2,22000
2026-06-10 19:25:36,갈비탕,2,26000
2026-06-10 19:28:50,불고기 정식,1,13000
2026-06-10 19:31:55,콜라,1,2000
2026-06-10 19:31:55,불고기 정식,1,13000
2026-06-10 19:32:20,갈비탕,1,13000
2026-06-10 19:32:20,불고기 정식,1,13000
2026-06-10 19:33:27,갈비탕,1,13000
2026-06-10 19:33:27,계란말이,2,14000
2026-06-10 19:45:02,아메리카노(HOT),2,4000
2026-06-10 19:51:25,된장찌개(1인),1,9000
2026-06-10 19:51:25,불고기 정식,1,13000
2026-06-10 19:51:25,순두부찌개,1,9500
2026-06-10 19:51:40,계란말이,1,7000
2026-06-10 19:51:40,김치찌개(1인),1,9000
2026-06-10 19:51:40,제육볶음,1,11000
2026-06-10 20:10:39,공기밥,1,1000
2026-06-10 20:10:39,비빔밥,1,9000
2026-06-11 11:27:11,계란말이,1,7000
2026-06-11 11:27:11,콜라,1,2000
2026-06-11 11:27:29,순두부찌개,1,9500
2026-06-11 11:27:29,불고기 정식,1,13000
2026-06-11 11:27:29,비빔밥,1,9000
2026-06-11 11:36:03,순두부찌개,1,9500
2026-06-11 11:36:03,비빔밥,1,9000
2026-06-11 11:39:25,불고기 정식,1,13000
2026-06-11 11:40:20,된장찌개(1인),1,9000
2026-06-11 11:40:20,공기밥,1,1000
2026-06-11 11:41:19,갈비탕,1,13000
2026-06-11 11:41:22,공기밥,1,1000
2026-06-11 11:45:34,제육볶음,1,11000
2026-06-11 11:45:59,김치찌개(1인),2,18000
2026-06-11 11:45:59,순두부찌개,1,9500
2026-06-11 11:51:10,된장찌개(1인),1,9000
2026-06-11 11:59:26,갈비탕,1,13000
2026-06-11 12:02:37,제육볶음,1,11000
2026-06-11 12:02:37,비빔밥,1,9000
2026-06-11 12:02:37,아메리카노(ICE),2,4000
2026-06-11 12:04:40,김치찌개(1인),1,9000
2026-06-11 12:04:40,불고기 정식,1,13000
2026-06-11 12:04:40,계란말이,2,14000
2026-06-11 12:05:00,순두부찌개,1,9500
2026-06-11 12:05:24,공기밥,1,1000
2026-06-11 12:05:24,비빔밥,1,9000
2026-06-11 12:10:18,김치찌개(1인),1,9000
2026-06-11 12:10:18,된장찌개(1인),2,18000
2026-06-11 12:10:18,비빔밥,1,9000
2026-06-11 12:10:42,제육볶음,1,11000
2026-06-11 12:10:42,아메리카노(HOT),1,2000
2026-06-11 12:10:42,김치찌개(1인),2,18000
2026-06-11 12:14:31,김치찌개(2인),1,17000
2026-06-11 12:18:29,김치찌개(1인),1,9000
2026-06-11 12:18:29,김치찌개(1인),1,9000
2026-06-11 12:21:10,아메리카노(ICE),2,4000
2026-06-11 12:31:41,순두부찌개,1,9500
2026-06-11 12:33:13,비빔밥,2,18000
2026-06-11 12:41:24,김치찌개(1인),1,9000
2026-06-11 12:41:24,아메리카노(ICE),1,2000
2026-06-11 12:45:45,공기밥,1,1000
2026-06-11 12:47:49,김치찌개(1인),1,9000
2026-06-11 12:47:49,불고기 정식,2,26000
2026-06-11 12:55:52,제육볶음,2,22000
2026-06-11 12:55:52,순두부찌개,1,9500
2026-06-11 12:56:00,불고기 정식,1,13000
2026-06-11 12:56:00,김치찌개(1인),1,9000
2026-06-11 12:56:00,제육볶음,1,11000
2026-06-11 12:57:22,계란말이,2,14000
2026-06-11 12:57:22,된장찌개(1인),1,9000
2026-06-11 13:06:13,아메리카노(ICE),2,4000
2026-06-11 13:06:13,김치찌개(1인),1,9000
2026-06-11 13:08:59,된장찌개(1인),1,9000
2026-06-11 13:08:59,김치찌개(1인),1,9000
2026-06-11 13:15:15,된장찌개(1인),2,18000
2026-06-11 13:15:15,계란말이,1,7000
2026-06-11 13:23:38,갈비탕,1,13000
2026-06-11 13:23:38,김치찌개(2인),2,34000
2026-06-11 13:23:38,순두부찌개,1,9500
2026-06-11 13:25:26,제육볶음,1,11000
2026-06-11 13:25:26,콜라,1,2000
2026-06-11 13:28:40,순두부찌개,2,19000
2026-06-11 13:28:40,김치찌개(1인),1,9000
2026-06-11 13:28:40,김치찌개(1인),1,9000
2026-06-11 13:34:18,불고기 정식,1,13000
2026-06-11 13:34:18,불고기 정식,1,13000
2026-06-11 13:41:57,계란말이,2,14000
2026-06-11 13:41:57,된장찌개(1인),2,18000
2026-06-11 13:41:57,아메리카노(ICE),1,2000
2026-06-11 18:01:41,김치찌개(1인),2,18000
2026-06-11 18:01:41,된장찌개(1인),1,9000
2026-06-11 18:03:17,불고기 정식,1,13000
2026-06-11 18:03:17,계란말이,1,7000
2026-06-11 18:09:46,콜라,1,2000
2026-06-11 18:15:04,계란말이,1,7000
2026-06-11 18:15:04,순두부찌개,1,9500
2026-06-11 18:37:39,제육볶음,1,11000
2026-06-11 18:37:39,비빔밥,1,9000
2026-06-11 18:39:41,불고기 정식,1,13000
2026-06-11 18:47:39,제육볶음,2,22000
2026-06-11 18:48:01,불고기 정식,1,13000
2026-06-11 18:48:24,불고기 정식,2,26000
2026-06-11 18:48:44,불고기 정식,1,13000
2026-06-11 18:49:10,콜라,1,2000
2026-06-11 18:49:10,불고기 정식,1,13000
2026-06-11 19:01:04,콜라,1,2000
2026-06-11 19:01:04,계란말이,1,7000
2026-06-11 19:01:28,공기밥,1,1000
2026-06-11 19:03:55,갈비탕,1,13000
2026-06-11 19:03:55,계란말이,1,7000
2026-06-11 19:03:55,된장찌개(1인),1,9000
2026-06-11 19:04:25,공기밥,1,1000
2026-06-11 19:04:25,김치찌개(1인),1,9000
2026-06-11 19:04:25,계란말이,1,7000
2026-06-11 19:04:41,제육볶음,1,11000
2026-06-11 19:04:41,제육볶음,1,11000
2026-06-11 19:07:25,된장찌개(1인),1,9000
2026-06-11 19:07:25,된장찌개(1인),2,18000
2026-06-11 19:07:25,공기밥,1,1000
2026-06-11 19:08:13,김치찌개(1인),1,9000
2026-06-11 19:08:13,김치찌개(2인),1,17000
2026-06-11 19:12:03,순두부찌개,2,19000
2026-06-11 19:12:03,갈비탕,1,13000
2026-06-11 19:12:03,콜라,1,2000
2026-06-11 19:12:06,갈비탕,2,26000
2026-06-11 19:12:06,갈비탕,1,13000
2026-06-11 19:12:06,비빔밥,1,9000
2026-06-11 19:18:04,김치찌개(1인),1,9000
2026-06-11 19:18:04,김치찌개(1인),2,18000
2026-06-11 19:24:34,계란말이,1,7000
2026-06-11 19:24:34,김치찌개(1인),1,9000
2026-06-11 19:24:52,계란말이,1,7000
2026-06-11 19:26:09,계란말이,1,7000
2026-06-11 19:26:09,불고기 정식,1,13000
2026-06-11 19:30:45,공기밥,1,1000
2026-06-11 19:49:01,김치찌개(1인),1,9000
2026-06-11 19:49:01,갈비탕,2,26000
2026-06-11 19:52:18,김치찌개(2인),1,17000
2026-06-11 20:44:11,콜라,2,4000
2026-06-11 20:46:10,김치찌개(1인),2,18000
2026-06-11 20:46:10,콜라,1,2000
2026-06-11 20:46:10,제육볶음,1,11000
2026-06-12 11:26:31,김치찌개(1인),1,9000
2026-06-12 11:26:31,계란말이,2,14000
2026-06-12 11:26:53,김치찌개(1인),2,18000
2026-06-12 11:31:09,아메리카노(ICE),1,2000
2026-06-12 11:31:09,공기밥,1,1000
2026-06-12 11:34:40,비빔밥,1,9000
2026-06-12 11:41:40,김치찌개(1인),2,18000
2026-06-12 11:41:40,된장찌개(1인),1,9000
2026-06-12 11:44:16,된장찌개(1인),1,9000
2026-06-12 11:44:16,아메리카노(HOT),1,2000
2026-06-12 11:45:59,김치찌개(1인),2,18000
2026-06-12 11:45:59,된장찌개(1인),1,9000
2026-06-12 11:47:35,계란말이,1,7000
2026-06-12 11:47:35,아메리카노(HOT),1,2000
2026-06-12 11:49:45,비빔밥,1,9000
2026-06-12 11:49:45,비빔밥,1,9000
2026-06-12 11:49:45,공기밥,2,2000
2026-06-12 11:51:18,김치찌개(1인),1,9000
2026-06-12 11:51:18,김치찌개(1인),1,9000
2026-06-12 11:58:03,된장찌개(1인),1,9000
2026-06-12 11:58:03,김치찌개(1인),1,9000
2026-06-12 12:02:32,비빔밥,1,9000
2026-06-12 12:06:12,김치찌개(2인),1,17000
2026-06-12 12:06:12,된장찌개(1인),2,18000
2026-06-12 12:07:53,아메리카노(ICE),1,2000
2026-06-12 12:07:57,아메리카노(ICE),1,2000
2026-06-12 12:07:57,계란말이,1,7000
2026-06-12 12:07:57,김치찌개(1인),1,9000
2026-06-12 12:12:58,순두부찌개,1,9500
2026-06-12 12:12:58,계란말이,1,7000
2026-06-12 12:13:21,아메리카노(ICE),1,2000
2026-06-12 12:19:28,계란말이,1,7000
2026-06-12 12:19:28,비빔밥,1,9000
2026-06-12 12:23:20,공기밥,1,1000
2026-06-12 12:23:21,콜라,1,2000
2026-06-12 12:25:44,순두부찌개,1,9500
2026-06-12 12:25:44,순두부찌개,1,9500
2026-06-12 12:25:57,불고기 정식,1,13000
2026-06-12 12:25:57,된장찌개(1인),1,9000
2026-06-12 12:26:58,비빔밥,1,9000
2026-06-12 12:26:58,순두부찌개,1,9500
2026-06-12 12:27:38,비빔밥,1,9000
2026-06-12 12:28:10,아메리카노(ICE),1,2000
2026-06-12 12:28:10,김치찌개(1인),2,18000
2026-06-12 12:33:17,비빔밥,2,18000
2026-06-12 12:33:17,불고기 정식,1,13000
2026-06-12 12:33:17,김치찌개(1인),1,9000
2026-06-12 12:40:10,아메리카노(HOT),1,2000
2026-06-12 12:42:45,된장찌개(1인),1,9000
2026-06-12 12:46:58,된장찌개(1인),2,18000
2026-06-12 12:46:58,김치찌개(1인),2,18000
2026-06-12 12:48:19,순두부찌개,1,9500
2026-06-12 12:48:19,제육볶음,1,11000
2026-06-12 12:49:36,된장찌개(1인),1,9000
2026-06-12 12:49:38,된장찌개(1인),2,18000
2026-06-12 12:58:03,아메리카노(ICE),1,2000
2026-06-12 13:15:06,갈비탕,1,13000
2026-06-12 13:15:06,아메리카노(HOT),1,2000
2026-06-12 13:15:06,비빔밥,2,18000
2026-06-12 13:17:20,불고기 정식,1,13000
2026-06-12 13:18:03,제육볶음,1,11000
2026-06-12 13:18:03,순두부찌개,1,9500
2026-06-12 13:19:06,김치찌개(1인),1,9000
2026-06-12 13:19:06,제육볶음,1,11000
2026-06-12 13:24:22,제육볶음,1,11000
2026-06-12 13:24:22,김치찌개(1인),2,18000
2026-06-12 17:44:22,공기밥,1,1000
2026-06-12 17:44:22,제육볶음,1,11000
2026-06-12 17:49:38,김치찌개(2인),1,17000
2026-06-12 17:51:01,비빔밥,1,9000
2026-06-12 17:51:01,계란말이,1,7000
2026-06-12 17:51:01,비빔밥,1,9000
2026-06-12 18:02:29,불고기 정식,1,13000
2026-06-12 18:16:28,김치찌개(1인),2,18000
2026-06-12 18:23:19,제육볶음,2,22000
2026-06-12 18:23:19,공기밥,2,2000
2026-06-12 18:23:19,불고기 정식,1,13000
2026-06-12 18:27:03,불고기 정식,1,13000
2026-06-12 18:27:03,갈비탕,2,26000
2026-06-12 18:27:03,공기밥,1,1000
2026-06-12 18:35:58,콜라,1,2000
2026-06-12 18:36:39,갈비탕,1,13000
2026-06-12 18:46:21,계란말이,2,14000
2026-06-12 18:46:21,순두부찌개,1,9500
2026-06-12 18:47:24,공기밥,1,1000
2026-06-12 18:47:24,갈비탕,1,13000
2026-06-12 18:47:24,불고기 정식,1,13000
2026-06-12 18:52:55,콜라,2,4000
2026-06-12 18:52:55,김치찌개(2인),1,17000
2026-06-12 18:52:55,김치찌개(2인),1,17000
2026-06-12 18:56:56,공기밥,1,1000
2026-06-12 19:11:30,김치찌개(2인),2,34000
2026-06-12 19:22:22,김치찌개(1인),1,9000
2026-06-12 19:22:22,공기밥,2,2000
2026-06-12 19:22:22,제육볶음,2,22000
2026-06-12 19:22:56,순두부찌개,1,9500
2026-06-12 19:22:56,불고기 정식,1,13000
2026-06-12 19:22:56,된장찌개(1인),1,9000
2026-06-12 19:26:24,불고기 정식,1,13000
2026-06-12 19:26:24,순두부찌개,1,9500
2026-06-12 19:31:21,김치찌개(1인),1,9000
2026-06-12 19:37:16,계란말이,1,7000
2026-06-12 19:37:16,된장찌개(1인),1,9000
2026-06-12 19:37:28,갈비탕,1,13000
2026-06-12 19:47:49,아메리카노(ICE),1,2000
2026-06-12 19:47:49,김치찌개(2인),1,17000
2026-06-12 19:47:49,제육볶음,1,11000
2026-06-12 20:08:37,공기밥,1,1000
2026-06-12 20:08:37,불고기 정식,2,26000
2026-06-12 20:09:02,계란말이,1,7000
2026-06-12 20:09:02,김치찌개(1인),2,18000
2026-06-12 20:09:02,제육볶음,1,11000
2026-06-12 20:10:03,계란말이,1,7000
2026-06-12 20:20:37,콜라,1,2000
2026-06-12 20:20:37,김치찌개(1인),2,18000
2026-06-12 20:28:12,공기밥,2,2000
2026-06-12 20:28:12,김치찌개(1인),2,18000
2026-06-13 11:47:14,공기밥,1,1000
2026-06-13 11:57:21,콜라,1,2000
2026-06-13 11:57:21,김치찌개(2인),1,17000
2026-06-13 11:58:21,김치찌개(1인),1,9000
2026-06-13 12:00:39,공기밥,1,1000
2026-06-13 12:06:53,아메리카노(ICE),1,2000
2026-06-13 12:06:53,김치찌개(2인),1,17000
2026-06-13 12:06:53,제육볶음,1,11000
2026-06-13 12:09:27,김치찌개(1인),1,9000
2026-06-13 12:11:03,김치찌개(1인),1,9000
2026-06-13 12:11:03,김치찌개(1인),1,9000
2026-06-13 12:11:03,된장찌개(1인),1,9000
2026-06-13 12:11:28,공기밥,1,1000
2026-06-13 12:11:56,된장찌개(1인),1,9000
2026-06-13 12:11:56,김치찌개(1인),1,9000
2026-06-13 12:11:56,된장찌개(1인),2,18000
2026-06-13 12:24:05,된장찌개(1인),1,9000
2026-06-13 12:25:47,갈비탕,2,26000
2026-06-13 12:25:47,아메리카노(ICE),1,2000
2026-06-13 12:27:35,아메리카노(ICE),1,2000
2026-06-13 12:27:35,김치찌개(1인),2,18000
2026-06-13 12:27:35,아메리카노(ICE),1,2000
2026-06-13 12:27:37,된장찌개(1인),1,9000
2026-06-13 12:27:37,김치찌개(1인),1,9000
2026-06-13 12:30:56,콜라,1,2000
2026-06-13 12:30:56,비빔밥,1,9000
2026-06-13 12:34:05,불고기 정식,1,13000
2026-06-13 12:34:05,제육볶음,1,11000
2026-06-13 12:34:05,순두부찌개,1,9500
2026-06-13 12:45:00,비빔밥,1,9000
2026-06-13 12:45:00,된장찌개(1인),1,9000
2026-06-13 12:45:00,김치찌개(2인),1,17000
2026-06-13 12:52:36,계란말이,2,14000
2026-06-13 12:52:36,비빔밥,1,9000
2026-06-13 12:56:53,아메리카노(HOT),1,2000
2026-06-13 12:56:53,김치찌개(2인),1,17000
2026-06-13 13:25:30,불고기 정식,2,26000
2026-06-13 13:25:30,계란말이,1,7000
2026-06-13 13:27:15,순두부찌개,2,19000
2026-06-13 13:27:15,불고기 정식,1,13000
2026-06-13 17:48:41,갈비탕,1,13000
2026-06-13 17:48:41,불고기 정식,2,26000
2026-06-13 17:48:41,계란말이,2,14000
2026-06-13 18:04:03,갈비탕,1,13000
2026-06-13 18:06:26,제육볶음,1,11000
2026-06-13 18:06:26,갈비탕,1,13000
2026-06-13 18:06:26,된장찌개(1인),1,9000
2026-06-13 18:07:50,된장찌개(1인),1,9000
2026-06-13 18:14:59,김치찌개(1인),1,9000
2026-06-13 18:22:25,갈비탕,2,26000
2026-06-13 18:22:25,제육볶음,2,22000
2026-06-13 18:39:27,콜라,1,2000
2026-06-13 18:56:08,불고기 정식,1,13000
2026-06-13 18:56:58,제육볶음,1,11000
2026-06-13 19:05:39,불고기 정식,1,13000
2026-06-13 19:05:39,갈비탕,1,13000
2026-06-13 19:07:01,공기밥,1,1000
2026-06-13 19:07:42,아메리카노(HOT),1,2000
2026-06-13 19:08:58,순두부찌개,1,9500
2026-06-13 19:08:58,김치찌개(2인),1,17000
2026-06-13 19:18:15,콜라,1,2000
2026-06-13 19:18:15,불고기 정식,1,13000
2026-06-13 19:23:02,김치찌개(1인),2,18000
2026-06-13 19:23:02,갈비탕,1,13000
2026-06-13 19:23:56,제육볶음,2,22000
2026-06-13 19:23:56,김치찌개(1인),1,9000
2026-06-13 19:30:09,김치찌개(2인),1,17000
2026-06-13 19:30:09,김치찌개(1인),1,9000
2026-06-13 19:30:09,제육볶음,1,11000
2026-06-13 19:40:45,콜라,1,2000
2026-06-13 19:40:45,공기밥,1,1000
2026-06-13 19:51:27,아메리카노(HOT),2,4000
2026-06-13 19:51:27,김치찌개(1인),1,9000
2026-06-13 19:51:27,제육볶음,2,22000
2026-06-13 20:00:33,불고기 정식,2,26000
2026-06-13 20:00:33,불고기 정식,1,13000
2026-06-13 20:00:45,갈비탕,1,13000
2026-06-13 20:00:45,갈비탕,1,13000
2026-06-13 20:06:57,비빔밥,1,9000
2026-06-13 20:07:11,김치찌개(2인),1,17000
2026-06-13 20:07:11,된장찌개(1인),1,9000
2026-06-13 20:07:11,아메리카노(ICE),1,2000
2026-06-13 20:13:27,비빔밥,1,9000
2026-06-13 20:13:27,불고기 정식,1,13000
2026-06-14 11:31:38,제육볶음,2,22000
2026-06-14 11:34:19,비빔밥,1,9000
2026-06-14 11:39:03,제육볶음,2,22000
2026-06-14 11:43:21,콜라,1,2000
2026-06-14 11:58:00,공기밥,2,2000
2026-06-14 12:05:23,김치찌개(1인),1,9000
2026-06-14 12:12:30,된장찌개(1인),2,18000
2026-06-14 12:12:46,아메리카노(ICE),1,2000
2026-06-14 12:12:46,순두부찌개,1,9500
2026-06-14 12:12:46,제육볶음,1,11000
2026-06-14 12:16:05,비빔밥,2,18000
2026-06-14 12:16:05,된장찌개(1인),1,9000
2026-06-14 12:16:31,공기밥,1,1000
2026-06-14 12:18:51,김치찌개(2인),2,34000
2026-06-14 12:22:48,갈비탕,1,13000
2026-06-14 12:22:48,갈비탕,1,13000
2026-06-14 12:22:48,불고기 정식,2,26000
2026-06-14 12:23:34,비빔밥,1,9000
2026-06-14 12:32:49,갈비탕,1,13000
2026-06-14 12:32:49,김치찌개(1인),1,9000
2026-06-14 12:32:49,갈비탕,1,13000
2026-06-14 12:40:16,김치찌개(2인),1,17000
2026-06-14 12:40:37,된장찌개(1인),1,9000
2026-06-14 12:49:10,된장찌개(1인),2,18000
2026-06-14 12:49:10,콜라,2,4000
2026-06-14 12:56:36,김치찌개(2인),1,17000
2026-06-14 13:08:49,김치찌개(1인),2,18000
2026-06-14 13:08:49,계란말이,2,14000
2026-06-14 13:09:10,갈비탕,1,13000
2026-06-14 13:09:51,순두부찌개,1,9500
2026-06-14 13:09:51,아메리카노(HOT),1,2000
2026-06-14 13:21:07,아메리카노(HOT),1,2000
2026-06-14 17:53:46,공기밥,1,1000
2026-06-14 17:53:46,김치찌개(1인),1,9000
2026-06-14 18:14:07,콜라,1,2000
2026-06-14 18:14:07,제육볶음,1,11000
2026-06-14 18:17:59,제육볶음,1,11000
2026-06-14 18:27:49,비빔밥,1,9000
2026-06-14 18:27:59,콜라,2,4000
2026-06-14 18:27:59,불고기 정식,2,26000
2026-06-14 18:35:53,공기밥,1,1000
2026-06-14 18:35:53,제육볶음,1,11000
2026-06-14 18:43:20,계란말이,1,7000
2026-06-14 18:43:20,공기밥,1,1000
2026-06-14 18:44:42,갈비탕,1,13000
2026-06-14 18:44:42,계란말이,2,14000
2026-06-14 18:50:00,공기밥,1,1000
2026-06-14 18:50:00,콜라,1,2000
2026-06-14 18:50:36,김치찌개(2인),2,34000
2026-06-14 18:51:15,김치찌개(2인),1,17000
2026-06-14 18:57:16,계란말이,1,7000
2026-06-14 19:01:06,김치찌개(1인),1,9000
2026-06-14 19:17:00,순두부찌개,2,19000
2026-06-14 19:17:04,비빔밥,1,9000
2026-06-14 19:25:45,계란말이,1,7000
2026-06-14 19:27:20,김치찌개(2인),2,34000
2026-06-14 19:27:20,공기밥,1,1000
2026-06-14 19:27:20,김치찌개(2인),1,17000
2026-06-14 19:35:53,제육볶음,1,11000
2026-06-14 19:35:53,계란말이,1,7000
2026-06-14 19:35:53,김치찌개(2인),1,17000
2026-06-14 19:45:39,공기밥,2,2000
2026-06-14 19:45:58,불고기 정식,1,13000
2026-06-14 19:49:32,갈비탕,2,26000
2026-06-14 19:59:01,된장찌개(1인),1,9000
2026-06-14 19:59:01,된장찌개(1인),1,9000
2026-06-14 19:59:01,된장찌개(1인),1,9000
2026-06-14 20:04:27,제육볶음,1,11000
2026-06-14 20:04:27,비빔밥,1,9000
2026-06-14 20:09:37,계란말이,1,7000
2026-06-14 20:18:54,제육볶음,1,11000
2026-06-14 20:19:24,아메리카노(HOT),1,2000
2026-06-14 20:19:24,김치찌개(2인),2,34000
2026-06-14 20:31:45,콜라,1,2000
2026-06-15 11:47:08,공기밥,1,1000
2026-06-15 11:47:08,김치찌개(1인),1,9000
2026-06-15 11:47:08,비빔밥,1,9000
2026-06-15 11:52:44,콜라,2,4000
2026-06-15 11:52:44,제육볶음,1,11000
2026-06-15 11:52:49,비빔밥,1,9000
2026-06-15 12:05:09,김치찌개(1인),1,9000
2026-06-15 12:06:21,갈비탕,1,13000
2026-06-15 12:08:00,계란말이,2,14000
2026-06-15 12:08:00,계란말이,1,7000
2026-06-15 12:09:57,제육볶음,2,22000
2026-06-15 12:09:57,아메리카노(ICE),2,4000
2026-06-15 12:12:02,김치찌개(1인),2,18000
2026-06-15 12:12:02,아메리카노(ICE),1,2000
2026-06-15 12:13:47,제육볶음,1,11000
2026-06-15 12:13:47,된장찌개(1인),1,9000
2026-06-15 12:14:55,비빔밥,2,18000
2026-06-15 12:14:55,아메리카노(HOT),1,2000
2026-06-15 12:19:39,아메리카노(HOT),1,2000
2026-06-15 12:19:39,김치찌개(2인),1,17000
2026-06-15 12:24:35,불고기 정식,1,13000
2026-06-15 12:24:35,비빔밥,1,9000
2026-06-15 12:25:34,김치찌개(1인),1,9000
2026-06-15 12:25:34,콜라,2,4000
2026-06-15 12:26:46,김치찌개(1인),1,9000
2026-06-15 12:26:46,계란말이,1,7000
2026-06-15 12:26:46,제육볶음,1,11000
2026-06-15 12:28:32,공기밥,1,1000
2026-06-15 12:28:32,제육볶음,1,11000
2026-06-15 12:28:32,김치찌개(1인),1,9000
2026-06-15 12:30:37,된장찌개(1인),1,9000
2026-06-15 12:31:53,김치찌개(1인),1,9000
2026-06-15 12:32:57,순두부찌개,1,9500
2026-06-15 12:33:19,순두부찌개,1,9500
2026-06-15 12:35:10,공기밥,1,1000
2026-06-15 12:42:33,갈비탕,1,13000
2026-06-15 12:43:54,아메리카노(ICE),1,2000
2026-06-15 12:43:54,아메리카노(ICE),1,2000
2026-06-15 12:43:54,김치찌개(1인),1,9000
2026-06-15 12:46:59,불고기 정식,1,13000
2026-06-15 12:46:59,된장찌개(1인),1,9000
2026-06-15 12:52:07,김치찌개(1인),1,9000
2026-06-15 12:52:42,김치찌개(1인),1,9000
2026-06-15 12:52:42,김치찌개(1인),1,9000
2026-06-15 12:55:01,비빔밥,1,9000
2026-06-15 13:01:16,콜라,1,2000
2026-06-15 13:01:16,계란말이,1,7000
2026-06-15 13:04:17,갈비탕,1,13000
2026-06-15 13:08:49,김치찌개(2인),1,17000
2026-06-15 13:08:49,비빔밥,1,9000
2026-06-15 13:08:49,제육볶음,1,11000
2026-06-15 13:24:23,아메리카노(ICE),1,2000
2026-06-15 17:55:15,콜라,1,2000
2026-06-15 17:58:18,콜라,1,2000
2026-06-15 17:58:18,제육볶음,1,11000
2026-06-15 18:11:42,공기밥,1,1000
2026-06-15 18:11:42,계란말이,1,7000
2026-06-15 18:25:09,공기밥,2,2000
2026-06-15 18:25:09,공기밥,1,1000
2026-06-15 18:25:09,계란말이,1,7000
2026-06-15 18:28:09,공기밥,2,2000
2026-06-15 18:28:09,계란말이,1,7000
2026-06-15 18:37:28,계란말이,1,7000
2026-06-15 18:37:28,제육볶음,1,11000
2026-06-15 18:37:28,제육볶음,1,11000
2026-06-15 18:44:16,계란말이,1,7000
2026-06-15 18:44:16,김치찌개(1인),1,9000
2026-06-15 18:45:20,김치찌개(2인),1,17000
2026-06-15 18:54:06,불고기 정식,2,26000
2026-06-15 18:57:39,불고기 정식,1,13000
2026-06-15 18:58:16,갈비탕,1,13000
2026-06-15 18:58:16,갈비탕,1,13000
2026-06-15 19:05:16,제육볶음,1,11000
2026-06-15 19:05:16,순두부찌개,1,9500
2026-06-15 19:13:56,제육볶음,2,22000
2026-06-15 19:13:56,비빔밥,1,9000
2026-06-15 19:15:50,갈비탕,1,13000
2026-06-15 19:39:12,순두부찌개,2,19000
2026-06-15 19:39:12,계란말이,1,7000
2026-06-15 19:46:32,불고기 정식,1,13000
2026-06-15 19:47:55,김치찌개(2인),1,17000
2026-07-15 13:00:00,,1,9000
2026-06-15 19:47:55,공기밥,2,2000
2026-06-15 19:47:55,제육볶음,1,11000
2026-06-15 20:23:52,아메리카노(HOT),1,2000
2026-06-15 20:29:15,김치찌개(2인),1,17000
2026-06-15 20:29:15,김치찌개(1인),1,9000
2026-06-15 20:35:26,콜라,1,2000
2026-06-15 20:35:30,순두부찌개,1,9500
2026-06-16 11:52:09,제육볶음,1,11000
2026-06-16 11:52:09,김치찌개(1인),1,9000
2026-06-16 11:55:37,김치찌개(1인),2,18000
2026-06-16 11:56:03,공기밥,2,2000
2026-06-16 11:57:15,김치찌개(1인),1,9000
2026-06-16 11:57:15,공기밥,2,2000
2026-06-16 11:57:15,비빔밥,1,9000
2026-06-16 11:57:24,계란말이,1,7000
2026-06-16 12:02:44,순두부찌개,1,9500
2026-06-16 12:02:44,공기밥,1,1000
2026-06-16 12:02:44,공기밥,1,1000
2026-06-16 12:04:47,김치찌개(1인),1,9000
2026-06-16 12:06:43,공기밥,1,1000
2026-06-16 12:10:51,순두부찌개,2,19000
2026-06-16 12:14:42,김치찌개(1인),1,9000
2026-06-16 12:14:42,불고기 정식,1,13000
2026-06-16 12:14:42,김치찌개(1인),1,9000
2026-06-16 12:15:54,순두부찌개,1,9500
2026-06-16 12:15:54,김치찌개(1인),2,18000
2026-06-16 12:25:44,비빔밥,1,9000
2026-06-16 12:26:21,아메리카노(ICE),1,2000
2026-06-16 12:27:13,된장찌개(1인),1,9000
2026-06-16 12:42:12,순두부찌개,2,19000
2026-06-16 12:46:57,불고기 정식,1,13000
2026-06-16 12:46:57,아메리카노(HOT),1,2000
2026-06-16 12:48:18,불고기 정식,2,26000
2026-06-16 13:01:20,김치찌개(2인),2,34000
2026-06-16 13:01:20,된장찌개(1인),1,9000
2026-06-16 13:02:54,계란말이,1,7000
2026-06-16 13:02:54,공기밥,1,1000
2026-06-16 13:03:25,된장찌개(1인),2,18000
2026-06-16 13:03:25,비빔밥,2,18000
2026-06-16 13:07:07,김치찌개(1인),1,9000
2026-06-16 13:07:07,제육볶음,1,11000
2026-06-16 13:13:16,갈비탕,1,13000
2026-06-16 13:13:16,제육볶음,1,11000
2026-06-16 13:13:16,김치찌개(2인),1,17000
2026-06-16 13:13:19,제육볶음,1,11000
2026-06-16 13:16:28,불고기 정식,1,13000
2026-06-16 13:20:59,된장찌개(1인),1,9000
2026-06-16 13:20:59,공기밥,1,1000
2026-06-16 13:25:57,김치찌개(1인),2,18000
2026-06-16 13:25:57,된장찌개(1인),1,9000
2026-06-16 13:25:57,비빔밥,1,9000
2026-06-16 13:31:44,제육볶음,1,11000
2026-06-16 13:42:12,김치찌개(1인),1,9000
2026-06-16 17:44:49,제육볶음,1,11000
2026-06-16 17:44:49,김치찌개(1인),1,9000
2026-06-16 17:44:49,김치찌개(2인),2,34000
2026-06-16 17:51:24,된장찌개(1인),1,9000
2026-06-16 17:51:24,아메리카노(ICE),1,2000
2026-06-16 17:51:24,아메리카노(HOT),1,2000
2026-06-16 18:10:40,제육볶음,2,22000
2026-06-16 18:10:58,불고기 정식,1,13000
2026-06-16 18:10:58,불고기 정식,1,13000
2026-06-16 18:11:31,콜라,2,4000
2026-06-16 18:11:31,제육볶음,1,11000
2026-06-16 18:21:27,갈비탕,1,13000
2026-06-16 18:21:27,김치찌개(1인),1,9000
2026-06-16 18:21:27,공기밥,1,1000
2026-06-16 18:32:39,아메리카노(HOT),2,4000
2026-06-16 18:32:39,김치찌개(1인),1,9000
2026-06-16 18:35:12,된장찌개(1인),1,9000
2026-06-16 18:37:38,계란말이,1,7000
2026-06-16 18:44:35,김치찌개(1인),1,9000
2026-06-16 18:44:35,제육볶음,1,11000
2026-06-16 18:45:51,김치찌개(1인),1,9000
2026-06-16 18:49:00,김치찌개(1인),2,18000
2026-06-16 18:49:00,김치찌개(2인),1,17000
2026-06-16 18:59:01,제육볶음,2,22000
2026-06-16 18:59:08,콜라,1,2000
2026-06-16 19:01:09,계란말이,1,7000
2026-06-16 19:01:09,된장찌개(1인),2,18000
2026-06-16 19:12:41,콜라,1,2000
2026-06-16 19:23:26,김치찌개(1인),1,9000
2026-06-16 19:23:26,순두부찌개,1,9500
2026-06-16 19:25:39,불고기 정식,2,26000
2026-06-16 19:47:14,비빔밥,2,18000
2026-06-16 19:47:14,제육볶음,1,11000
2026-06-16 20:03:23,계란말이,1,7000
2026-06-16 20:03:23,된장찌개(1인),1,9000
2026-06-16 20:03:23,불고기 정식,1,13000
2026-06-16 20:25:23,콜라,1,2000
2026-06-16 20:25:23,계란말이,1,7000
2026-06-16 20:36:38,제육볶음,2,22000
2026-06-16 20:36:38,콜라,1,2000
2026-06-16 20:38:40,제육볶음,1,11000
2026-06-16 20:38:40,비빔밥,1,9000
2026-06-17 11:35:04,김치찌개(1인),1,9000
2026-06-17 11:37:33,콜라,2,4000
2026-06-17 11:37:33,순두부찌개,2,19000
2026-06-17 11:37:33,갈비탕,2,26000
2026-06-17 11:39:30,김치찌개(1인),1,9000
2026-06-17 11:46:15,불고기 정식,1,13000
2026-06-17 11:51:02,비빔밥,1,9000
2026-06-17 11:51:02,된장찌개(1인),1,9000
2026-06-17 11:51:02,비빔밥,1,9000
2026-06-17 11:52:26,제육볶음,1,11000
2026-06-17 11:52:26,불고기 정식,1,13000
2026-06-17 12:04:57,김치찌개(1인),1,9000
2026-06-17 12:04:57,아메리카노(HOT),1,2000
2026-06-17 12:06:04,비빔밥,1,9000
2026-06-17 12:06:04,제육볶음,1,11000
2026-06-17 12:06:48,콜라,2,4000
2026-06-17 12:08:57,불고기 정식,1,13000
2026-06-17 12:08:57,순두부찌개,1,9500
2026-06-17 12:09:08,김치찌개(2인),2,34000
2026-06-17 12:10:46,김치찌개(2인),1,17000
2026-06-17 12:14:13,공기밥,1,1000
2026-06-17 12:14:13,된장찌개(1인),1,9000
2026-06-17 12:14:13,공기밥,2,2000
2026-06-17 12:14:38,김치찌개(1인),1,9000
2026-06-17 12:14:38,김치찌개(1인),2,18000
2026-06-17 12:14:38,된장찌개(1인),2,18000
2026-06-17 12:17:19,순두부찌개,1,9500
2026-06-17 12:17:19,갈비탕,1,13000
2026-06-17 12:19:15,비빔밥,2,18000
2026-06-17 12:19:15,순두부찌개,1,9500
2026-06-17 12:19:28,김치찌개(1인),1,9000
2026-06-17 12:19:28,불고기 정식,1,13000
2026-06-17 12:23:51,순두부찌개,1,9500
2026-06-17 12:32:35,아메리카노(HOT),1,2000
2026-06-17 12:37:20,불고기 정식,1,13000
2026-06-17 12:37:20,제육볶음,1,11000
2026-06-17 12:37:20,김치찌개(2인),2,34000
2026-06-17 12:37:40,순두부찌개,1,9500
2026-06-17 12:39:40,제육볶음,1,11000
2026-06-17 12:39:40,아메리카노(ICE),1,2000
2026-06-17 12:41:18,제육볶음,1,11000
2026-06-17 12:41:43,계란말이,1,7000
2026-06-17 12:43:10,된장찌개(1인),1,9000
2026-06-17 12:44:27,된장찌개(1인),1,9000
2026-06-17 12:48:53,공기밥,1,1000
2026-06-17 12:59:06,아메리카노(ICE),1,2000
2026-06-17 12:59:06,비빔밥,1,9000
2026-06-17 12:59:47,순두부찌개,2,19000
2026-06-17 13:02:29,공기밥,1,1000
2026-06-17 13:02:29,제육볶음,1,11000
2026-06-17 13:02:58,갈비탕,1,13000
2026-06-17 13:02:58,제육볶음,2,22000
2026-06-17 13:07:47,공기밥,2,2000
2026-06-17 13:11:13,계란말이,1,7000
2026-06-17 13:13:31,비빔밥,1,9000
2026-06-17 13:13:31,불고기 정식,1,13000
2026-06-17 13:23:04,김치찌개(1인),1,9000
2026-06-17 13:23:04,김치찌개(1인),2,18000
2026-06-17 13:31:07,비빔밥,1,9000
2026-06-17 13:31:07,불고기 정식,1,13000
2026-06-17 13:36:57,순두부찌개,1,9500
2026-06-17 13:36:57,갈비탕,1,13000
2026-06-17 13:36:57,순두부찌개,1,9500
2026-06-17 18:06:27,김치찌개(2인),1,17000
2026-06-17 18:06:27,김치찌개(1인),1,9000
2026-06-17 18:16:05,김치찌개(2인),2,34000
2026-06-17 18:17:46,김치찌개(2인),1,17000
2026-06-17 18:17:46,공기밥,1,1000
2026-06-17 18:17:46,순두부찌개,1,9500
2026-06-17 18:20:35,공기밥,1,1000
2026-06-17 18:20:35,김치찌개(2인),1,17000
2026-06-17 18:22:36,계란말이,1,7000
2026-06-17 18:29:13,김치찌개(1인),1,9000
2026-06-17 18:29:13,제육볶음,2,22000
2026-06-17 18:33:15,불고기 정식,1,13000
2026-06-17 18:36:48,김치찌개(2인),1,17000
2026-06-17 18:40:59,계란말이,1,7000
2026-06-17 18:40:59,제육볶음,1,11000
2026-06-17 18:40:59,계란말이,1,7000
2026-06-17 18:42:55,불고기 정식,1,13000
2026-06-17 18:48:11,불고기 정식,1,13000
2026-06-17 18:48:11,계란말이,1,7000
2026-06-17 18:59:32,불고기 정식,1,13000
2026-06-17 19:03:38,비빔밥,1,9000
2026-06-17 19:05:28,제육볶음,1,11000
2026-06-17 19:05:28,순두부찌개,1,9500
2026-06-17 19:09:05,김치찌개(1인),1,9000
2026-06-17 19:10:21,콜라,1,2000
2026-06-17 19:10:21,갈비탕,1,13000
2026-06-17 19:10:21,비빔밥,1,9000
2026-06-17 19:11:46,김치찌개(2인),2,34000
2026-06-17 19:11:46,콜라,1,2000
2026-06-17 19:12:44,제육볶음,1,11000
2026-06-17 19:16:27,불고기 정식,1,13000
2026-06-17 19:16:27,제육볶음,1,11000
2026-06-17 19:21:15,제육볶음,1,11000
2026-06-17 19:21:15,콜라,1,2000
2026-06-17 19:23:21,제육볶음,1,11000
2026-06-17 19:23:21,계란말이,1,7000
2026-06-17 19:23:21,콜라,2,4000
2026-06-17 19:35:26,계란말이,1,7000
2026-06-17 19:45:50,된장찌개(1인),1,9000
2026-06-17 19:52:39,순두부찌개,2,19000
2026-06-17 20:10:27,제육볶음,1,11000
2026-06-17 20:10:27,콜라,1,2000
2026-06-17 20:19:26,제육볶음,1,11000
2026-06-17 20:26:54,공기밥,1,1000
2026-06-17 20:26:54,불고기 정식,1,13000
2026-06-18 11:29:06,제육볶음,1,11000
2026-06-18 11:29:06,된장찌개(1인),1,9000
2026-06-18 11:45:21,김치찌개(1인),1,9000
2026-06-18 11:45:27,갈비탕,1,13000
2026-06-18 11:45:27,된장찌개(1인),1,9000
2026-06-18 11:46:14,된장찌개(1인),1,9000
2026-06-18 11:55:57,김치찌개(2인),1,17000
2026-06-18 11:57:40,김치찌개(1인),1,9000
2026-06-18 12:03:45,비빔밥,1,9000
2026-06-18 12:03:45,불고기 정식,2,26000
2026-06-18 12:04:38,비빔밥,2,18000
2026-06-18 12:08:26,비빔밥,1,9000
2026-06-18 12:08:26,불고기 정식,1,13000
2026-06-18 12:09:11,계란말이,2,14000
2026-06-18 12:10:43,아메리카노(HOT),1,2000
2026-06-18 12:10:43,불고기 정식,1,13000
2026-06-18 12:15:36,갈비탕,1,13000
2026-06-18 12:18:30,비빔밥,1,9000
2026-06-18 12:20:46,된장찌개(1인),1,9000
2026-06-18 12:20:46,비빔밥,1,9000
2026-06-18 12:25:01,비빔밥,2,18000
2026-06-18 12:25:01,아메리카노(HOT),2,4000
2026-06-18 12:34:52,갈비탕,2,26000
2026-06-18 12:34:52,아메리카노(ICE),2,4000
2026-06-18 12:35:55,김치찌개(1인),1,9000
2026-06-18 12:35:55,비빔밥,1,9000
2026-06-18 12:35:55,순두부찌개,1,9500
2026-06-18 12:38:23,김치찌개(1인),1,9000
2026-06-18 12:38:23,불고기 정식,1,13000
2026-06-18 12:47:47,갈비탕,2,26000
2026-06-18 13:02:05,아메리카노(ICE),1,2000
2026-06-18 13:03:21,아메리카노(HOT),1,2000
2026-06-18 13:04:54,아메리카노(HOT),1,2000
2026-06-18 13:04:54,김치찌개(2인),1,17000
2026-06-18 13:08:39,공기밥,1,1000
2026-06-18 13:08:39,콜라,1,2000
2026-06-18 13:08:39,공기밥,1,1000
2026-06-18 13:11:23,김치찌개(2인),1,17000
2026-06-18 13:11:23,김치찌개(1인),1,9000
2026-06-18 13:15:28,순두부찌개,1,9500
2026-06-18 13:15:28,계란말이,1,7000
2026-06-18 13:19:40,불고기 정식,1,13000
2026-06-18 13:20:02,순두부찌개,1,9500
2026-06-18 13:20:02,김치찌개(2인),1,17000
2026-06-18 13:36:16,아메리카노(HOT),1,2000
2026-06-18 13:36:16,김치찌개(1인),1,9000
2026-06-18 17:45:11,된장찌개(1인),1,9000
2026-06-18 17:52:41,김치찌개(2인),1,17000
2026-06-18 17:58:55,김치찌개(2인),2,34000
2026-06-18 17:58:55,아메리카노(HOT),1,2000
2026-06-18 17:58:55,불고기 정식,1,13000
2026-06-18 18:28:38,아메리카노(ICE),1,2000
2026-06-18 18:28:38,불고기 정식,1,13000
2026-06-18 18:33:16,공기밥,1,1000
2026-06-18 18:33:16,김치찌개(2인),1,17000
2026-06-18 18:33:55,콜라,2,4000
2026-06-18 18:33:55,불고기 정식,1,13000
2026-06-18 18:33:55,공기밥,1,1000
2026-06-18 18:35:19,공기밥,2,2000
2026-06-18 18:35:19,공기밥,2,2000
2026-06-18 18:35:19,된장찌개(1인),1,9000
2026-06-18 18:36:14,갈비탕,2,26000
2026-06-18 18:36:14,김치찌개(1인),1,9000
2026-06-18 18:44:03,순두부찌개,2,19000
2026-06-18 18:44:16,비빔밥,1,9000
2026-06-18 18:53:37,계란말이,1,7000
2026-06-18 18:54:38,공기밥,1,1000
2026-06-18 19:01:49,김치찌개(2인),2,34000
2026-06-18 19:01:49,갈비탕,1,13000
2026-06-18 19:13:32,불고기 정식,2,26000
2026-06-18 19:13:32,갈비탕,1,13000
2026-06-18 19:29:36,아메리카노(HOT),1,2000
2026-06-18 19:29:36,공기밥,2,2000
2026-06-18 19:34:46,김치찌개(2인),1,17000
2026-06-18 19:34:46,순두부찌개,1,9500
2026-06-18 19:34:51,김치찌개(2인),2,34000
2026-06-18 19:46:01,불고기 정식,2,26000
2026-06-18 19:49:08,계란말이,1,7000
2026-06-18 19:49:42,갈비탕,1,13000
2026-06-18 19:54:38,계란말이,1,7000
2026-06-18 20:02:31,제육볶음,1,11000
2026-06-18 20:06:50,된장찌개(1인),1,9000
2026-06-18 20:06:50,아메리카노(HOT),1,2000
2026-06-18 20:18:47,김치찌개(1인),1,9000
2026-06-18 20:19:36,김치찌개(2인),2,34000
2026-06-18 20:23:00,제육볶음,1,11000
2026-06-18 20:23:00,순두부찌개,2,19000
2026-06-18 20:39:24,갈비탕,2,26000
2026-06-18 20:41:16,콜라,1,2000
2026-06-19 11:37:44,불고기 정식,1,13000
2026-06-19 11:37:44,된장찌개(1인),1,9000
2026-06-19 11:38:51,김치찌개(1인),1,9000
2026-06-19 11:43:07,제육볶음,2,22000
2026-06-19 11:43:07,계란말이,1,7000
2026-06-19 11:48:57,순두부찌개,1,9500
2026-06-19 11:52:01,계란말이,1,7000
2026-06-19 11:52:01,제육볶음,2,22000
2026-06-19 11:55:57,계란말이,1,7000
2026-06-19 11:55:57,아메리카노(ICE),1,2000
2026-06-19 11:57:06,김치찌개(1인),2,18000
2026-06-19 11:59:32,된장찌개(1인),1,9000
2026-06-19 11:59:32,아메리카노(ICE),1,2000
2026-06-19 12:00:03,된장찌개(1인),2,18000
2026-06-19 12:06:00,아메리카노(ICE),2,4000
2026-06-19 12:07:21,된장찌개(1인),1,9000
2026-06-19 12:08:21,비빔밥,1,9000
2026-06-19 12:08:21,제육볶음,1,11000
2026-06-19 12:11:33,순두부찌개,1,9500
2026-06-19 12:19:29,된장찌개(1인),1,9000
2026-06-19 12:22:46,공기밥,1,1000
2026-06-19 12:22:46,된장찌개(1인),1,9000
2026-06-19 12:24:17,비빔밥,1,9000
2026-06-19 12:24:17,김치찌개(1인),2,18000
2026-06-19 12:31:35,공기밥,1,1000
2026-06-19 12:39:03,불고기 정식,1,13000
2026-06-19 12:39:03,아메리카노(HOT),1,2000
2026-06-19 12:39:03,제육볶음,1,11000
2026-06-19 12:39:59,비빔밥,1,9000
2026-06-19 12:46:24,불고기 정식,1,13000
2026-06-19 12:51:09,갈비탕,1,13000
2026-06-19 12:52:15,순두부찌개,1,9500
2026-06-19 12:53:53,김치찌개(1인),2,18000
2026-06-19 12:59:55,제육볶음,2,22000
2026-06-19 13:01:44,불고기 정식,2,26000
2026-06-19 13:02:13,갈비탕,1,13000
2026-06-19 13:02:13,비빔밥,2,18000
2026-06-19 13:02:13,된장찌개(1인),1,9000
2026-06-19 13:03:25,김치찌개(1인),2,18000
2026-06-19 13:03:25,된장찌개(1인),2,18000
2026-06-19 13:03:25,순두부찌개,1,9500
2026-06-19 13:07:18,김치찌개(1인),1,9000
2026-06-19 13:15:38,불고기 정식,1,13000
2026-06-19 13:21:18,김치찌개(1인),1,9000
2026-06-19 13:24:11,제육볶음,1,11000
2026-06-19 13:24:11,비빔밥,1,9000
2026-06-19 13:24:11,김치찌개(2인),2,34000
2026-06-19 17:52:22,갈비탕,1,13000
2026-06-19 17:57:36,김치찌개(1인),2,18000
2026-06-19 17:57:36,갈비탕,2,26000
2026-06-19 18:08:23,갈비탕,1,13000
2026-06-19 18:08:23,김치찌개(1인),1,9000
2026-06-19 18:13:49,김치찌개(1인),1,9000
2026-06-19 18:14:51,공기밥,2,2000
2026-06-19 18:14:51,공기밥,1,1000
2026-06-19 18:32:01,공기밥,1,1000
2026-06-19 18:32:01,순두부찌개,1,9500
2026-06-19 18:32:43,제육볶음,1,11000
2026-06-19 18:32:43,콜라,1,2000
2026-06-19 18:42:42,된장찌개(1인),1,9000
2026-06-19 18:42:42,계란말이,1,7000
2026-06-19 18:42:42,계란말이,2,14000
2026-06-19 18:43:19,김치찌개(1인),1,9000
2026-06-19 18:43:19,불고기 정식,1,13000
2026-06-19 18:43:19,계란말이,1,7000
2026-06-19 19:01:27,계란말이,1,7000
2026-06-19 19:01:27,계란말이,1,7000
2026-06-19 19:03:52,불고기 정식,1,13000
2026-06-19 19:12:37,콜라,1,2000
2026-06-19 19:12:37,김치찌개(2인),1,17000
2026-06-19 19:15:40,김치찌개(1인),1,9000
2026-06-19 19:18:51,갈비탕,1,13000
2026-06-19 19:21:05,아메리카노(HOT),2,4000
2026-06-19 19:28:58,아메리카노(ICE),1,2000
2026-06-19 19:28:58,콜라,1,2000
2026-06-19 19:29:28,제육볶음,1,11000
2026-06-19 19:29:28,김치찌개(2인),1,17000
2026-06-19 19:31:53,순두부찌개,1,9500
2026-06-19 19:33:04,된장찌개(1인),1,9000
2026-06-19 19:33:04,갈비탕,1,13000
2026-06-19 19:33:04,김치찌개(2인),2,34000
2026-06-19 19:37:32,순두부찌개,1,9500
2026-06-19 19:37:32,공기밥,1,1000
2026-06-19 19:37:32,콜라,1,2000
2026-06-19 19:40:15,김치찌개(2인),1,17000
2026-06-19 19:40:15,김치찌개(2인),1,17000
2026-06-19 19:43:40,불고기 정식,1,13000
2026-06-19 19:45:18,제육볶음,1,11000
2026-06-19 19:54:02,김치찌개(2인),1,17000
2026-06-19 19:54:02,된장찌개(1인),1,9000
2026-06-19 19:58:54,불고기 정식,1,13000
2026-06-19 19:58:54,공기밥,1,1000
2026-06-19 19:58:54,불고기 정식,1,13000
2026-06-19 20:02:26,된장찌개(1인),1,9000
2026-06-19 20:08:23,콜라,1,2000
2026-06-19 20:39:49,계란말이,2,14000
2026-06-19 20:43:48,김치찌개(1인),1,9000
2026-06-19 20:43:48,순두부찌개,1,9500
2026-06-19 20:43:48,제육볶음,1,11000
2026-06-20 11:30:51,갈비탕,1,13000
2026-06-20 11:30:51,제육볶음,1,11000
2026-06-20 11:47:19,아메리카노(ICE),1,2000
2026-06-20 12:03:45,계란말이,1,7000
2026-06-20 12:05:09,김치찌개(1인),1,9000
2026-06-20 12:10:19,김치찌개(1인),1,9000
2026-06-20 12:10:19,순두부찌개,1,9500
2026-06-20 12:10:19,갈비탕,1,13000
2026-06-20 12:16:09,김치찌개(2인),1,17000
2026-06-20 12:19:32,김치찌개(1인),1,9000
2026-06-20 12:19:32,김치찌개(2인),1,17000
2026-06-20 12:19:32,김치찌개(1인),1,9000
2026-06-20 12:22:03,된장찌개(1인),2,18000
2026-06-20 12:25:01,순두부찌개,2,19000
2026-06-20 12:35:49,된장찌개(1인),2,18000
2026-06-20 12:40:25,김치찌개(1인),1,9000
2026-06-20 12:40:25,제육볶음,2,22000
2026-06-20 12:46:18,제육볶음,1,11000
2026-06-20 12:46:18,된장찌개(1인),1,9000
2026-06-20 12:46:18,콜라,1,2000
2026-06-20 12:57:59,공기밥,1,1000
2026-06-20 13:01:31,공기밥,1,1000
2026-06-20 13:02:03,김치찌개(1인),1,9000
2026-06-20 13:07:01,콜라,1,2000
2026-06-20 13:28:29,갈비탕,2,26000
2026-06-20 13:32:42,제육볶음,1,11000
2026-06-20 13:32:42,김치찌개(2인),1,17000
2026-06-20 13:32:42,제육볶음,2,22000
2026-06-20 17:41:35,불고기 정식,2,26000
2026-06-20 17:41:35,불고기 정식,1,13000
2026-06-20 17:44:38,계란말이,2,14000
2026-06-20 17:44:38,콜라,2,4000
2026-06-20 18:18:16,공기밥,1,1000
2026-06-20 18:34:26,아메리카노(HOT),1,2000
2026-06-20 18:35:23,김치찌개(1인),1,9000
2026-06-20 18:39:06,김치찌개(1인),1,9000
2026-06-20 18:39:06,계란말이,1,7000
2026-06-20 18:39:59,갈비탕,1,13000
2026-06-20 18:42:28,아메리카노(HOT),1,2000
2026-06-20 18:42:28,제육볶음,1,11000
2026-06-20 18:42:40,제육볶음,1,11000
2026-06-20 18:42:40,불고기 정식,1,13000
2026-06-20 18:43:33,된장찌개(1인),1,9000
2026-06-20 18:43:33,콜라,1,2000
2026-06-20 18:43:33,김치찌개(1인),1,9000
2026-06-20 18:49:55,공기밥,2,2000
2026-06-20 18:51:44,콜라,1,2000
2026-06-20 18:57:22,공기밥,2,2000
2026-06-20 18:57:22,제육볶음,1,11000
2026-06-20 19:00:21,김치찌개(1인),1,9000
2026-06-20 19:00:21,갈비탕,2,26000
2026-06-20 19:00:22,김치찌개(2인),1,17000
2026-06-20 19:00:22,불고기 정식,1,13000
2026-06-20 19:05:34,불고기 정식,1,13000
2026-06-20 19:08:34,된장찌개(1인),1,9000
2026-06-20 19:08:55,제육볶음,1,11000
2026-06-20 19:11:38,된장찌개(1인),1,9000
2026-06-20 19:11:38,김치찌개(2인),1,17000
2026-06-20 19:17:11,김치찌개(1인),1,9000
2026-06-20 19:17:11,불고기 정식,1,13000
2026-06-20 19:17:14,콜라,1,2000
2026-06-20 19:17:14,제육볶음,1,11000
2026-06-20 19:18:44,김치찌개(2인),1,17000
2026-06-20 19:18:44,계란말이,1,7000
2026-06-20 19:24:57,갈비탕,1,13000
2026-06-20 19:29:27,갈비탕,1,13000
2026-06-20 19:29:27,제육볶음,1,11000
2026-06-20 19:37:00,제육볶음,1,11000
2026-06-20 19:37:59,김치찌개(1인),1,9000
2026-06-20 19:38:32,계란말이,2,14000
2026-06-20 19:38:32,계란말이,2,14000
2026-06-20 19:49:39,된장찌개(1인),1,9000
2026-06-20 19:49:39,공기밥,1,1000
2026-06-20 19:51:08,공기밥,1,1000
2026-06-20 19:51:15,된장찌개(1인),2,18000
2026-06-20 19:53:14,불고기 정식,2,26000
2026-06-20 20:05:08,불고기 정식,1,13000
2026-06-20 20:05:08,계란말이,1,7000
2026-06-20 20:51:29,공기밥,1,1000
2026-06-20 20:51:29,된장찌개(1인),1,9000
2026-06-21 12:00:31,된장찌개(1인),1,9000
2026-06-21 12:00:37,아메리카노(HOT),2,4000
2026-06-21 12:03:54,아메리카노(HOT),1,2000
2026-06-21 12:03:54,비빔밥,1,9000
2026-06-21 12:05:09,된장찌개(1인),1,9000
2026-06-21 12:05:09,된장찌개(1인),1,9000
2026-06-21 12:05:09,제육볶음,1,11000
2026-06-21 12:05:59,김치찌개(2인),2,34000
2026-06-21 12:05:59,된장찌개(1인),1,9000
2026-06-21 12:10:39,된장찌개(1인),1,9000
2026-06-21 12:10:39,불고기 정식,1,13000
2026-06-21 12:15:19,된장찌개(1인),1,9000
2026-06-21 12:15:19,불고기 정식,1,13000
2026-06-21 12:15:19,공기밥,1,1000
2026-06-21 12:18:53,계란말이,2,14000
2026-06-21 12:19:27,계란말이,2,14000
2026-06-21 12:19:27,된장찌개(1인),1,9000
2026-06-21 12:22:20,김치찌개(1인),1,9000
2026-06-21 12:22:59,된장찌개(1인),1,9000
2026-06-21 12:23:03,된장찌개(1인),1,9000
2026-06-21 12:23:03,아메리카노(ICE),1,2000
2026-06-21 12:23:03,비빔밥,1,9000
2026-06-21 12:24:46,계란말이,1,7000
2026-06-21 12:24:46,김치찌개(1인),1,9000
2026-06-21 12:25:34,김치찌개(2인),1,17000
2026-06-21 12:25:34,된장찌개(1인),1,9000
2026-06-21 12:25:34,불고기 정식,1,13000
2026-06-21 12:28:16,김치찌개(2인),1,17000
2026-06-21 12:29:26,순두부찌개,1,9500
2026-06-21 12:33:34,김치찌개(1인),1,9000
2026-06-21 12:33:34,김치찌개(1인),2,18000
2026-06-21 12:39:37,비빔밥,1,9000
2026-06-21 12:39:37,공기밥,1,1000
2026-06-21 12:39:37,김치찌개(1인),1,9000
2026-06-21 12:46:15,공기밥,1,1000
2026-06-21 12:58:46,순두부찌개,1,9500
2026-06-21 13:02:16,불고기 정식,1,13000
2026-06-21 13:02:16,비빔밥,2,18000
2026-06-21 13:02:16,계란말이,2,14000
2026-06-21 13:02:24,제육볶음,1,11000
2026-06-21 13:02:24,불고기 정식,1,13000
2026-06-21 13:07:10,김치찌개(2인),1,17000
2026-06-21 13:15:05,갈비탕,2,26000
2026-06-21 13:33:04,된장찌개(1인),1,9000
2026-06-21 13:33:04,비빔밥,1,9000
2026-06-21 13:39:37,김치찌개(1인),1,9000
2026-06-21 13:39:37,순두부찌개,2,19000
2026-06-21 17:40:59,제육볶음,1,11000
2026-06-21 17:50:46,아메리카노(HOT),1,2000
2026-06-21 17:50:46,제육볶음,2,22000
2026-06-21 17:52:37,순두부찌개,1,9500
2026-06-21 18:10:26,된장찌개(1인),2,18000
2026-06-21 18:10:26,불고기 정식,1,13000
2026-06-21 18:16:01,계란말이,1,7000
2026-06-21 18:16:01,불고기 정식,2,26000
2026-06-21 18:16:01,불고기 정식,1,13000
2026-06-21 18:17:06,불고기 정식,1,13000
2026-06-21 18:17:06,비빔밥,1,9000
2026-06-21 18:17:06,제육볶음,2,22000
2026-06-21 18:22:03,된장찌개(1인),1,9000
2026-06-21 18:22:03,갈비탕,2,26000
2026-06-21 18:42:51,계란말이,1,7000
2026-06-21 18:42:51,콜라,1,2000
2026-06-21 18:42:51,계란말이,2,14000
2026-06-21 18:44:09,계란말이,1,7000
2026-06-21 18:44:09,비빔밥,1,9000
2026-06-21 18:47:43,김치찌개(2인),1,17000
2026-06-21 18:47:43,갈비탕,1,13000
2026-06-21 18:51:09,계란말이,1,7000
2026-06-21 18:52:47,비빔밥,1,9000
2026-06-21 18:54:09,비빔밥,2,18000
2026-06-21 18:54:09,계란말이,1,7000
2026-06-21 18:54:35,비빔밥,1,9000
2026-06-21 18:55:37,된장찌개(1인),1,9000
2026-06-21 18:55:37,콜라,1,2000
2026-06-21 18:55:56,순두부찌개,1,9500
2026-06-21 18:56:21,갈비탕,1,13000
2026-06-21 18:56:21,순두부찌개,1,9500
2026-06-21 19:03:26,불고기 정식,1,13000
2026-06-21 19:03:26,된장찌개(1인),1,9000
2026-06-21 19:06:58,공기밥,1,1000
2026-06-21 19:06:58,김치찌개(1인),1,9000
2026-06-21 19:09:50,순두부찌개,1,9500
2026-06-21 19:09:50,제육볶음,1,11000
2026-06-21 19:12:30,계란말이,1,7000
2026-06-21 19:12:30,비빔밥,2,18000
2026-06-21 19:16:31,된장찌개(1인),1,9000
2026-06-21 19:17:53,계란말이,1,7000
2026-06-21 19:17:53,김치찌개(1인),2,18000
2026-06-21 19:17:53,김치찌개(1인),1,9000
2026-06-21 19:26:07,김치찌개(1인),1,9000
2026-06-21 19:37:21,계란말이,2,14000
2026-06-21 19:39:32,김치찌개(2인),1,17000
2026-06-21 20:00:54,갈비탕,2,26000
2026-06-21 20:00:54,김치찌개(2인),1,17000
2026-06-21 20:04:55,제육볶음,1,11000
2026-06-21 20:29:02,제육볶음,1,11000
2026-06-22 11:29:40,제육볶음,1,11000
2026-06-22 11:29:40,된장찌개(1인),1,9000
2026-06-22 11:29:40,김치찌개(2인),1,17000
2026-06-22 11:35:40,갈비탕,1,13000
2026-06-22 11:41:18,아메리카노(ICE),1,2000
2026-06-22 11:41:18,불고기 정식,2,26000
2026-06-22 11:55:27,아메리카노(HOT),1,2000
2026-06-22 11:55:27,비빔밥,2,18000
2026-06-22 11:55:27,불고기 정식,1,13000
2026-06-22 12:04:44,불고기 정식,1,13000
2026-06-22 12:04:44,콜라,1,2000
2026-06-22 12:05:46,된장찌개(1인),1,9000
2026-06-22 12:05:46,계란말이,1,7000
2026-06-22 12:09:24,김치찌개(2인),1,17000
2026-06-22 12:09:56,제육볶음,2,22000
2026-06-22 12:15:59,아메리카노(ICE),1,2000
2026-06-22 12:16:34,갈비탕,1,13000
2026-06-22 12:16:34,갈비탕,1,13000
2026-06-22 12:16:34,아메리카노(ICE),1,2000
2026-06-22 12:17:16,제육볶음,1,11000
2026-06-22 12:19:26,순두부찌개,1,9500
2026-06-22 12:19:26,된장찌개(1인),1,9000
2026-06-22 12:19:26,제육볶음,1,11000
2026-06-22 12:23:07,불고기 정식,1,13000
2026-06-22 12:26:45,제육볶음,1,11000
2026-06-22 12:28:28,된장찌개(1인),1,9000
2026-06-22 12:28:28,김치찌개(1인),1,9000
2026-06-22 12:28:28,아메리카노(ICE),1,2000
2026-06-22 12:30:57,김치찌개(1인),1,9000
2026-06-22 12:30:57,제육볶음,1,11000
2026-06-22 12:32:34,제육볶음,2,22000
2026-06-22 12:32:34,아메리카노(ICE),2,4000
2026-06-22 12:35:40,김치찌개(1인),2,18000
2026-06-22 12:36:58,제육볶음,1,11000
2026-06-22 12:39:04,비빔밥,1,9000
2026-06-22 12:43:07,공기밥,1,1000
2026-06-22 12:43:07,비빔밥,1,9000
2026-06-22 12:43:07,김치찌개(1인),1,9000
2026-06-22 12:45:46,불고기 정식,1,13000
2026-06-22 12:54:42,불고기 정식,1,13000
2026-06-22 12:54:42,제육볶음,1,11000
2026-06-22 12:55:52,공기밥,1,1000
2026-06-22 12:55:52,공기밥,1,1000
2026-06-22 12:55:52,순두부찌개,2,19000
2026-06-22 12:56:06,비빔밥,1,9000
2026-06-22 13:00:58,아메리카노(ICE),1,2000
2026-06-22 13:00:58,제육볶음,2,22000
2026-06-22 13:00:58,제육볶음,1,11000
2026-06-22 13:02:25,된장찌개(1인),2,18000
2026-06-22 13:02:25,비빔밥,1,9000
2026-06-22 13:04:22,공기밥,2,2000
2026-06-22 13:04:22,김치찌개(1인),1,9000
2026-06-22 13:05:10,제육볶음,1,11000
2026-06-22 13:05:10,된장찌개(1인),2,18000
2026-06-22 13:05:10,공기밥,1,1000
2026-06-22 13:10:06,계란말이,1,7000
2026-06-22 13:10:06,된장찌개(1인),1,9000
2026-06-22 13:22:19,제육볶음,1,11000
2026-06-22 13:22:19,순두부찌개,1,9500
2026-06-22 13:22:19,비빔밥,1,9000
2026-06-22 13:31:17,공기밥,2,2000
2026-06-22 13:31:17,아메리카노(HOT),1,2000
2026-06-22 13:31:17,비빔밥,1,9000
2026-06-22 13:36:55,된장찌개(1인),1,9000
2026-06-22 13:36:55,비빔밥,1,9000
2026-06-22 17:59:25,순두부찌개,1,9500
2026-06-22 17:59:25,비빔밥,1,9000
2026-06-22 18:12:23,된장찌개(1인),2,18000
2026-06-22 18:12:23,콜라,1,2000
2026-06-22 18:21:12,순두부찌개,1,9500
2026-06-22 18:27:52,불고기 정식,1,13000
2026-06-22 18:27:52,된장찌개(1인),1,9000
2026-06-22 18:32:20,갈비탕,2,26000
2026-06-22 18:32:20,콜라,2,4000
2026-06-22 18:32:20,불고기 정식,2,26000
2026-06-22 18:33:36,제육볶음,1,11000
2026-06-22 18:41:13,제육볶음,1,11000
2026-06-22 18:41:33,공기밥,1,1000
2026-06-22 18:41:33,김치찌개(1인),1,9000
2026-06-22 18:41:33,계란말이,2,14000
2026-06-22 18:49:25,김치찌개(2인),2,34000
2026-06-22 18:49:25,콜라,1,2000
2026-06-22 18:59:21,김치찌개(2인),1,17000
2026-06-22 18:59:46,비빔밥,1,9000
2026-06-22 18:59:46,제육볶음,2,22000
2026-06-22 18:59:46,김치찌개(1인),2,18000
2026-06-22 19:06:07,갈비탕,1,13000
2026-06-22 19:06:07,김치찌개(1인),2,18000
2026-06-22 19:07:19,콜라,1,2000
2026-06-22 19:07:33,제육볶음,1,11000
2026-06-22 19:11:06,콜라,1,2000
2026-06-22 19:16:10,순두부찌개,1,9500
2026-06-22 19:16:10,제육볶음,1,11000
2026-06-22 19:17:24,공기밥,1,1000
2026-06-22 19:17:24,비빔밥,1,9000
2026-06-22 19:33:13,김치찌개(1인),1,9000
2026-06-22 19:33:13,계란말이,1,7000
2026-06-22 19:33:13,계란말이,1,7000
2026-06-22 19:33:26,순두부찌개,2,19000
2026-06-22 19:33:26,된장찌개(1인),1,9000
2026-06-22 19:33:26,갈비탕,1,13000
2026-06-22 19:34:51,된장찌개(1인),1,9000
2026-06-22 19:34:51,김치찌개(1인),1,9000
2026-06-22 19:34:51,된장찌개(1인),1,9000
2026-06-22 19:39:55,콜라,1,2000
2026-06-22 19:42:18,김치찌개(1인),1,9000
2026-06-22 19:42:18,아메리카노(HOT),1,2000
2026-06-22 19:45:07,불고기 정식,1,13000
2026-06-22 19:45:07,공기밥,2,2000
2026-06-22 19:46:01,콜라,2,4000
2026-06-22 19:46:01,순두부찌개,1,9500
2026-06-22 19:46:06,김치찌개(2인),1,17000
2026-06-22 19:57:37,김치찌개(1인),1,9000
2026-06-22 19:57:41,김치찌개(1인),1,9000
2026-06-22 20:07:53,김치찌개(1인),1,9000
2026-06-22 20:07:53,김치찌개(1인),1,9000
2026-06-22 20:14:59,비빔밥,1,9000
2026-06-22 20:24:36,공기밥,2,2000
2026-06-22 20:24:36,순두부찌개,1,9500
2026-06-22 20:24:36,제육볶음,1,11000
2026-06-23 11:29:51,순두부찌개,1,9500
2026-06-23 11:29:51,김치찌개(1인),1,9000
2026-06-23 11:29:51,김치찌개(1인),2,18000
2026-06-23 11:37:17,갈비탕,1,13000
2026-06-23 12:04:06,공기밥,1,1000
2026-06-23 12:04:06,순두부찌개,2,19000
2026-06-23 12:05:04,공기밥,1,1000
2026-06-23 12:08:05,순두부찌개,1,9500
2026-06-23 12:08:05,김치찌개(1인),1,9000
2026-06-23 12:09:05,김치찌개(1인),1,9000
2026-06-23 12:12:06,된장찌개(1인),1,9000
2026-06-23 12:14:08,김치찌개(1인),2,18000
2026-06-23 12:16:42,김치찌개(1인),1,9000
2026-06-23 12:16:42,된장찌개(1인),2,18000
2026-06-23 12:17:04,된장찌개(1인),2,18000
2026-06-23 12:17:04,비빔밥,1,9000
2026-06-23 12:18:18,김치찌개(1인),2,18000
2026-06-23 12:19:07,갈비탕,1,13000
2026-06-23 12:19:07,불고기 정식,1,13000
2026-06-23 12:20:51,제육볶음,1,11000
2026-06-23 12:23:24,공기밥,1,1000
2026-06-23 12:24:36,된장찌개(1인),1,9000
2026-06-23 12:24:36,갈비탕,1,13000
2026-06-23 12:25:14,된장찌개(1인),1,9000
2026-06-23 12:26:00,순두부찌개,2,19000
2026-06-23 12:31:43,김치찌개(1인),1,9000
2026-06-23 12:31:43,된장찌개(1인),1,9000
2026-06-23 12:31:43,콜라,1,2000
2026-06-23 12:33:53,김치찌개(1인),1,9000
2026-06-23 12:33:53,공기밥,1,1000
2026-06-23 12:36:20,김치찌개(2인),2,34000
2026-06-23 12:36:20,비빔밥,1,9000
2026-06-23 12:39:02,순두부찌개,2,19000
2026-06-23 12:41:42,김치찌개(1인),1,9000
2026-06-23 12:42:56,된장찌개(1인),1,9000
2026-06-23 12:42:56,제육볶음,1,11000
2026-06-23 12:48:07,갈비탕,1,13000
2026-06-23 12:48:07,갈비탕,2,26000
2026-06-23 12:48:07,아메리카노(ICE),1,2000
2026-06-23 12:48:56,비빔밥,1,9000
2026-06-23 12:48:56,김치찌개(1인),2,18000
2026-06-23 12:55:16,김치찌개(2인),1,17000
2026-06-23 12:55:16,순두부찌개,2,19000
2026-06-23 13:03:03,된장찌개(1인),1,9000
2026-06-23 13:04:20,김치찌개(2인),1,17000
2026-06-23 13:04:20,아메리카노(ICE),1,2000
2026-06-23 13:07:50,제육볶음,1,11000
2026-06-23 13:12:11,제육볶음,1,11000
2026-06-23 13:12:11,김치찌개(1인),1,9000
2026-06-23 13:12:11,김치찌개(1인),1,9000
2026-06-23 13:13:34,된장찌개(1인),1,9000
2026-06-23 13:16:16,김치찌개(1인),1,9000
2026-06-23 13:19:03,된장찌개(1인),1,9000
2026-06-23 13:19:24,김치찌개(1인),2,18000
2026-06-23 13:22:54,제육볶음,1,11000
2026-06-23 13:23:48,제육볶음,1,11000
2026-06-23 13:23:48,공기밥,2,2000
2026-06-23 13:35:18,된장찌개(1인),1,9000
2026-06-23 17:43:10,콜라,1,2000
2026-06-23 17:53:36,계란말이,1,7000
2026-06-23 17:53:36,제육볶음,2,22000
2026-06-23 18:07:24,김치찌개(2인),1,17000
2026-06-23 18:07:24,제육볶음,1,11000
2026-06-23 18:24:50,순두부찌개,1,9500
2026-06-23 18:24:50,김치찌개(2인),1,17000
2026-06-23 18:24:50,갈비탕,2,26000
2026-06-23 18:37:28,갈비탕,1,13000
2026-06-23 18:37:57,제육볶음,1,11000
2026-06-23 18:37:57,계란말이,1,7000
2026-06-23 18:40:28,김치찌개(2인),1,17000
2026-06-23 19:00:41,갈비탕,1,13000
2026-06-23 19:00:41,계란말이,2,14000
2026-06-23 19:05:16,된장찌개(1인),1,9000
2026-06-23 19:12:42,공기밥,1,1000
2026-06-23 19:12:42,된장찌개(1인),2,18000
2026-06-23 19:12:42,불고기 정식,2,26000
2026-06-23 19:13:17,제육볶음,1,11000
2026-06-23 19:13:17,갈비탕,1,13000
2026-06-23 19:18:21,계란말이,1,7000
2026-06-23 19:18:21,계란말이,2,14000
2026-06-23 19:18:21,계란말이,1,7000
2026-06-23 19:25:11,콜라,2,4000
2026-06-23 19:25:11,순두부찌개,1,9500
2026-06-23 19:25:24,불고기 정식,2,26000
2026-06-23 19:25:24,김치찌개(1인),1,9000
2026-06-23 19:31:43,제육볶음,1,11000
2026-06-23 19:31:43,김치찌개(2인),1,17000
2026-06-23 19:32:04,불고기 정식,2,26000
2026-06-23 19:32:04,공기밥,1,1000
2026-06-23 19:33:13,불고기 정식,1,13000
2026-06-23 19:33:13,콜라,1,2000
2026-06-23 19:33:16,불고기 정식,1,13000
2026-06-23 19:33:16,갈비탕,1,13000
2026-06-23 19:45:00,불고기 정식,2,26000
2026-06-23 19:45:00,콜라,1,2000
2026-06-23 19:45:00,된장찌개(1인),1,9000
2026-06-23 19:59:25,제육볶음,1,11000
2026-06-23 19:59:25,계란말이,1,7000
2026-06-23 20:07:33,순두부찌개,2,19000
2026-06-23 20:07:33,김치찌개(1인),1,9000
2026-06-23 20:14:39,제육볶음,1,11000
2026-06-23 20:14:39,불고기 정식,2,26000
2026-06-24 11:27:03,김치찌개(1인),1,9000
2026-06-24 11:27:03,된장찌개(1인),1,9000
2026-06-24 11:39:21,된장찌개(1인),1,9000
2026-06-24 11:44:23,된장찌개(1인),1,9000
2026-06-24 11:46:11,비빔밥,1,9000
2026-06-24 11:47:29,김치찌개(1인),1,9000
2026-06-24 11:47:29,제육볶음,2,22000
2026-06-24 11:47:32,김치찌개(2인),2,34000
2026-06-24 11:47:32,된장찌개(1인),1,9000
2026-06-24 11:49:02,불고기 정식,1,13000
2026-06-24 11:49:02,된장찌개(1인),1,9000
2026-06-24 11:52:34,제육볶음,1,11000
2026-06-24 11:52:34,된장찌개(1인),1,9000
2026-06-24 11:54:45,순두부찌개,1,9500
2026-06-24 11:54:45,김치찌개(1인),2,18000
2026-06-24 11:59:14,비빔밥,1,9000
2026-06-24 11:59:14,비빔밥,1,9000
2026-06-24 11:59:41,불고기 정식,1,13000
2026-06-24 12:01:06,비빔밥,1,9000
2026-06-24 12:01:06,비빔밥,1,9000
2026-06-24 12:02:55,아메리카노(ICE),1,2000
2026-06-24 12:02:55,비빔밥,1,9000
2026-06-24 12:03:34,계란말이,2,14000
2026-06-24 12:11:35,김치찌개(1인),1,9000
2026-06-24 12:11:35,된장찌개(1인),2,18000
2026-06-24 12:11:35,아메리카노(HOT),1,2000
2026-06-24 12:13:26,김치찌개(1인),1,9000
2026-06-24 12:13:26,불고기 정식,1,13000
2026-06-24 12:13:41,제육볶음,2,22000
2026-06-24 12:15:14,된장찌개(1인),1,9000
2026-06-24 12:15:14,공기밥,1,1000
2026-06-24 12:20:03,비빔밥,1,9000
2026-06-24 12:21:05,공기밥,2,2000
2026-06-24 12:21:05,된장찌개(1인),1,9000
2026-06-24 12:23:04,제육볶음,1,11000
2026-06-24 12:23:04,제육볶음,1,11000
2026-06-24 12:23:41,아메리카노(HOT),2,4000
2026-06-24 12:23:41,김치찌개(1인),1,9000
2026-06-24 12:23:46,콜라,1,2000
2026-06-24 12:23:46,공기밥,1,1000
2026-06-24 12:23:46,순두부찌개,1,9500
2026-06-24 12:27:28,비빔밥,1,9000
2026-06-24 12:29:32,된장찌개(1인),1,9000
2026-06-24 12:29:35,된장찌개(1인),1,9000
2026-06-24 12:32:41,제육볶음,1,11000
2026-06-24 12:33:36,순두부찌개,1,9500
2026-06-24 12:33:36,아메리카노(ICE),1,2000
2026-06-24 12:43:20,김치찌개(2인),1,17000
2026-06-24 12:46:02,공기밥,2,2000
2026-06-24 12:46:02,된장찌개(1인),1,9000
2026-06-24 12:46:02,아메리카노(HOT),1,2000
2026-06-24 13:00:49,공기밥,1,1000
2026-06-24 13:00:49,순두부찌개,1,9500
2026-06-24 13:00:49,비빔밥,1,9000
2026-06-24 13:02:52,공기밥,1,1000
2026-06-24 13:02:52,공기밥,1,1000
2026-06-24 13:05:56,계란말이,1,7000
2026-06-24 13:13:23,제육볶음,2,22000
2026-06-24 13:19:47,공기밥,1,1000
2026-06-24 13:19:56,김치찌개(1인),1,9000
2026-06-24 13:19:56,공기밥,1,1000
2026-06-24 13:19:56,불고기 정식,2,26000
2026-06-24 13:20:32,김치찌개(1인),1,9000
2026-06-24 18:02:07,콜라,1,2000
2026-06-24 18:25:58,아메리카노(HOT),1,2000
2026-06-24 18:25:58,불고기 정식,1,13000
2026-06-24 18:30:19,순두부찌개,2,19000
2026-06-24 18:30:19,김치찌개(2인),1,17000
2026-06-24 18:39:23,제육볶음,2,22000
2026-06-24 18:39:23,계란말이,1,7000
2026-06-24 18:51:22,제육볶음,1,11000
2026-06-24 18:51:22,김치찌개(2인),1,17000
2026-06-24 19:00:13,계란말이,1,7000
2026-06-24 19:00:13,아메리카노(HOT),1,2000
2026-06-24 19:04:42,제육볶음,1,11000
2026-06-24 19:04:42,제육볶음,1,11000
2026-06-24 19:13:08,김치찌개(1인),1,9000
2026-06-24 19:13:08,공기밥,2,2000
2026-06-24 19:13:08,제육볶음,1,11000
2026-06-24 19:14:03,불고기 정식,1,13000
2026-06-24 19:14:03,제육볶음,1,11000
2026-06-24 19:15:12,비빔밥,1,9000
2026-06-24 19:15:12,제육볶음,1,11000
2026-06-24 19:15:48,김치찌개(1인),2,18000
2026-06-24 19:15:48,김치찌개(1인),1,9000
2026-06-24 19:31:47,순두부찌개,2,19000
2026-06-24 19:31:47,김치찌개(2인),1,17000
2026-06-24 19:31:47,김치찌개(1인),1,9000
2026-06-24 19:32:34,계란말이,2,14000
2026-06-24 19:32:34,제육볶음,2,22000
2026-06-24 19:36:03,계란말이,1,7000
2026-06-24 19:36:03,콜라,1,2000
2026-06-24 19:44:32,제육볶음,1,11000
2026-06-24 19:45:05,아메리카노(ICE),1,2000
2026-06-24 19:45:05,순두부찌개,1,9500
2026-06-24 19:57:25,계란말이,1,7000
2026-06-24 20:03:10,콜라,2,4000
2026-06-24 20:03:10,김치찌개(2인),2,34000
2026-06-24 20:15:52,제육볶음,1,11000
2026-06-24 20:31:35,불고기 정식,1,13000
2026-06-25 11:22:18,비빔밥,1,9000
2026-06-25 11:29:29,김치찌개(1인),1,9000
2026-06-25 11:31:01,김치찌개(1인),1,9000
2026-06-25 11:31:01,아메리카노(ICE),2,4000
2026-06-25 11:48:19,김치찌개(1인),1,9000
2026-06-25 11:48:19,순두부찌개,2,19000
2026-06-25 11:50:46,김치찌개(1인),1,9000
2026-06-25 11:55:38,김치찌개(2인),1,17000
2026-06-25 11:55:38,비빔밥,1,9000
2026-06-25 11:56:03,공기밥,1,1000
2026-06-25 11:56:03,순두부찌개,1,9500
2026-06-25 11:58:41,김치찌개(2인),1,17000
2026-06-25 12:02:36,불고기 정식,1,13000
2026-06-25 12:02:36,아메리카노(HOT),2,4000
2026-06-25 12:10:19,제육볶음,1,11000
2026-06-25 12:10:19,김치찌개(2인),1,17000
2026-06-25 12:10:44,비빔밥,1,9000
2026-06-25 12:15:26,김치찌개(1인),1,9000
2026-06-25 12:15:26,김치찌개(1인),1,9000
2026-06-25 12:15:26,계란말이,1,7000
2026-06-25 12:20:28,된장찌개(1인),1,9000
2026-06-25 12:23:52,비빔밥,1,9000
2026-06-25 12:23:52,김치찌개(1인),1,9000
2026-06-25 12:25:02,갈비탕,1,13000
2026-06-25 12:25:52,비빔밥,1,9000
2026-06-25 12:25:52,순두부찌개,1,9500
2026-06-25 12:28:07,비빔밥,1,9000
2026-06-25 12:28:07,불고기 정식,2,26000
2026-06-25 12:28:47,순두부찌개,1,9500
2026-06-25 12:28:58,순두부찌개,1,9500
2026-06-25 12:28:58,순두부찌개,1,9500
2026-06-25 12:32:45,불고기 정식,1,13000
2026-06-25 12:45:43,순두부찌개,1,9500
2026-06-25 12:45:43,김치찌개(1인),1,9000
2026-06-25 12:45:43,제육볶음,1,11000
2026-06-25 12:52:16,김치찌개(1인),1,9000
2026-06-25 12:52:16,비빔밥,1,9000
2026-06-25 12:55:30,불고기 정식,1,13000
2026-06-25 12:55:30,순두부찌개,1,9500
2026-06-25 13:03:40,비빔밥,1,9000
2026-06-25 13:17:41,김치찌개(2인),1,17000
2026-06-25 13:17:41,계란말이,2,14000
2026-06-25 13:18:17,아메리카노(ICE),1,2000
2026-06-25 13:24:38,불고기 정식,1,13000
2026-06-25 13:24:38,김치찌개(2인),2,34000
2026-06-25 13:30:57,제육볶음,2,22000
2026-06-25 13:34:15,공기밥,2,2000
2026-06-25 13:34:15,갈비탕,1,13000
2026-06-25 13:36:21,김치찌개(2인),1,17000
2026-06-25 13:36:21,공기밥,1,1000
2026-06-25 13:36:21,공기밥,1,1000
2026-06-25 18:16:03,김치찌개(2인),1,17000
2026-06-25 18:16:32,갈비탕,1,13000
2026-06-25 18:16:32,불고기 정식,2,26000
2026-06-25 18:16:32,김치찌개(1인),1,9000
2026-06-25 18:30:16,콜라,1,2000
2026-06-25 18:30:16,비빔밥,1,9000
2026-06-25 18:30:16,계란말이,2,14000
2026-06-25 18:36:00,김치찌개(2인),1,17000
2026-06-25 18:37:18,김치찌개(1인),2,18000
2026-06-25 18:40:03,갈비탕,2,26000
2026-06-25 18:40:03,공기밥,1,1000
2026-06-25 18:40:23,불고기 정식,1,13000
2026-06-25 18:52:07,공기밥,1,1000
2026-06-25 18:59:28,김치찌개(2인),1,17000
2026-06-25 19:01:06,제육볶음,1,11000
2026-06-25 19:01:06,김치찌개(1인),1,9000
2026-06-25 19:01:06,된장찌개(1인),1,9000
2026-06-25 19:04:13,김치찌개(1인),1,9000
2026-06-25 19:04:13,김치찌개(1인),2,18000
2026-06-25 19:10:32,불고기 정식,1,13000
2026-06-25 19:11:25,된장찌개(1인),1,9000
2026-06-25 19:11:25,계란말이,1,7000
2026-06-25 19:19:44,갈비탕,1,13000
2026-06-25 19:19:44,된장찌개(1인),2,18000
2026-06-25 19:20:18,제육볶음,2,22000
2026-06-25 19:20:25,제육볶음,1,11000
2026-06-25 19:20:39,김치찌개(1인),1,9000
2026-06-25 19:20:39,계란말이,1,7000
2026-06-25 19:20:39,콜라,1,2000
2026-06-25 19:26:54,갈비탕,2,26000
2026-06-25 19:26:54,계란말이,1,7000
2026-06-25 19:30:36,김치찌개(2인),1,17000
2026-06-25 19:30:36,김치찌개(2인),1,17000
2026-06-25 19:33:36,비빔밥,1,9000
2026-06-25 19:34:34,계란말이,1,7000
2026-06-25 19:34:34,비빔밥,1,9000
2026-06-25 19:35:32,콜라,2,4000
2026-06-25 19:45:46,김치찌개(2인),1,17000
2026-06-25 19:45:46,김치찌개(1인),2,18000
2026-06-25 20:38:24,제육볶음,2,22000
2026-06-25 20:38:24,김치찌개(1인),1,9000
2026-06-26 11:29:47,된장찌개(1인),1,9000
2026-06-26 11:29:47,된장찌개(1인),1,9000
2026-06-26 11:34:15,김치찌개(1인),1,9000
2026-06-26 11:34:15,순두부찌개,1,9500
2026-06-26 11:34:22,순두부찌개,1,9500
2026-06-26 11:42:33,공기밥,2,2000
2026-06-26 11:42:33,불고기 정식,1,13000
2026-06-26 11:46:40,김치찌개(1인),2,18000
2026-06-26 11:46:40,갈비탕,1,13000
2026-06-26 11:53:45,제육볶음,1,11000
2026-06-26 11:53:45,갈비탕,1,13000
2026-06-26 11:55:42,아메리카노(HOT),1,2000
2026-06-26 11:58:49,불고기 정식,1,13000
2026-06-26 12:00:00,아메리카노(ICE),2,4000
2026-06-26 12:00:00,비빔밥,1,9000
2026-06-26 12:05:09,아메리카노(HOT),1,2000
2026-06-26 12:06:39,비빔밥,1,9000
2026-06-26 12:06:39,된장찌개(1인),1,9000
2026-06-26 12:08:24,김치찌개(1인),1,9000
2026-06-26 12:13:10,비빔밥,1,9000
2026-06-26 12:13:16,김치찌개(1인),1,9000
2026-06-26 12:16:04,제육볶음,1,11000
2026-06-26 12:16:04,불고기 정식,1,13000
2026-06-26 12:17:55,공기밥,1,1000
2026-06-26 12:17:55,순두부찌개,1,9500
2026-06-26 12:23:49,제육볶음,1,11000
2026-06-26 12:24:13,갈비탕,1,13000
2026-06-26 12:24:13,제육볶음,1,11000
2026-06-26 12:24:13,불고기 정식,2,26000
2026-06-26 12:24:24,된장찌개(1인),1,9000
2026-06-26 12:27:06,김치찌개(1인),1,9000
2026-06-26 12:27:51,콜라,1,2000
2026-06-26 12:27:53,된장찌개(1인),1,9000
2026-06-26 12:29:08,계란말이,1,7000
2026-06-26 12:32:08,비빔밥,2,18000
2026-06-26 12:32:08,제육볶음,1,11000
2026-06-26 12:33:24,김치찌개(1인),1,9000
2026-06-26 12:33:24,김치찌개(1인),1,9000
2026-06-26 12:36:32,순두부찌개,2,19000
2026-06-26 12:42:46,비빔밥,1,9000
2026-06-26 12:42:46,비빔밥,2,18000
2026-06-26 12:42:46,김치찌개(1인),1,9000
2026-06-26 12:42:55,순두부찌개,1,9500
2026-06-26 12:43:11,된장찌개(1인),1,9000
2026-06-26 12:43:13,김치찌개(2인),2,34000
2026-06-26 12:52:20,순두부찌개,1,9500
2026-06-26 12:53:23,아메리카노(ICE),1,2000
2026-06-26 12:53:23,불고기 정식,2,26000
2026-06-26 12:53:23,순두부찌개,1,9500
2026-06-26 13:01:07,불고기 정식,1,13000
2026-06-26 13:01:07,갈비탕,1,13000
2026-06-26 13:01:21,김치찌개(1인),1,9000
2026-06-26 13:01:21,제육볶음,2,22000
2026-06-26 13:01:22,된장찌개(1인),1,9000
2026-06-26 13:01:22,된장찌개(1인),1,9000
2026-06-26 13:01:22,공기밥,1,1000
2026-06-26 13:19:43,된장찌개(1인),2,18000
2026-06-26 13:19:43,김치찌개(2인),1,17000
2026-06-26 13:19:43,계란말이,2,14000
2026-06-26 13:44:29,김치찌개(1인),1,9000
2026-06-26 13:44:29,불고기 정식,1,13000
2026-06-26 17:59:12,계란말이,1,7000
2026-06-26 18:11:02,갈비탕,2,26000
2026-06-26 18:15:53,김치찌개(1인),1,9000
2026-06-26 18:21:47,김치찌개(1인),1,9000
2026-06-26 18:21:47,계란말이,1,7000
2026-06-26 18:31:25,제육볶음,1,11000
2026-06-26 18:31:25,불고기 정식,1,13000
2026-06-26 18:38:21,김치찌개(2인),1,17000
2026-06-26 18:42:32,불고기 정식,1,13000
2026-06-26 18:42:32,김치찌개(1인),1,9000
2026-06-26 18:48:53,계란말이,1,7000
2026-06-26 18:48:53,제육볶음,2,22000
2026-06-26 18:52:36,제육볶음,2,22000
2026-06-26 18:52:36,갈비탕,1,13000
2026-06-26 18:55:08,비빔밥,1,9000
2026-06-26 18:55:08,갈비탕,1,13000
2026-06-26 18:58:38,제육볶음,1,11000
2026-06-26 19:05:14,김치찌개(2인),1,17000
2026-06-26 19:06:30,제육볶음,1,11000
2026-06-26 19:06:30,제육볶음,1,11000
2026-06-26 19:07:48,김치찌개(2인),2,34000
2026-06-26 19:08:35,제육볶음,1,11000
2026-06-26 19:08:35,콜라,1,2000
2026-06-26 19:15:24,아메리카노(HOT),2,4000
2026-06-26 19:15:24,김치찌개(1인),1,9000
2026-06-26 19:28:19,제육볶음,1,11000
2026-06-26 19:28:19,콜라,1,2000
2026-06-26 19:28:19,된장찌개(1인),1,9000
2026-06-26 19:31:14,계란말이,1,7000
2026-06-26 19:37:50,불고기 정식,2,26000
2026-06-26 19:37:50,비빔밥,1,9000
2026-06-26 19:37:50,비빔밥,1,9000
2026-06-26 20:02:04,콜라,1,2000
2026-06-26 20:02:04,계란말이,1,7000
2026-06-26 20:02:04,김치찌개(1인),1,9000
2026-06-26 20:24:03,순두부찌개,1,9500
2026-06-26 20:24:03,계란말이,1,7000
2026-06-26 20:39:15,계란말이,1,7000
2026-06-26 20:39:15,공기밥,1,1000
2026-06-27 11:46:43,비빔밥,2,18000
2026-06-27 11:46:48,된장찌개(1인),1,9000
2026-06-27 11:53:03,된장찌개(1인),1,9000
2026-06-27 11:59:15,비빔밥,1,9000
2026-06-27 12:19:11,공기밥,2,2000
2026-06-27 12:19:11,된장찌개(1인),2,18000
2026-06-27 12:20:11,제육볶음,1,11000
2026-06-27 12:26:12,순두부찌개,1,9500
2026-06-27 12:27:31,불고기 정식,1,13000
2026-06-27 12:27:31,김치찌개(1인),1,9000
2026-06-27 12:29:34,제육볶음,1,11000
2026-06-27 12:31:25,김치찌개(2인),1,17000
2026-06-27 12:32:18,아메리카노(ICE),1,2000
2026-06-27 12:33:11,제육볶음,1,11000
2026-06-27 12:33:11,제육볶음,1,11000
2026-06-27 12:33:11,불고기 정식,1,13000
2026-06-27 12:33:34,김치찌개(2인),1,17000
2026-06-27 12:38:45,김치찌개(1인),1,9000
2026-06-27 12:44:31,김치찌개(1인),1,9000
2026-06-27 12:44:31,순두부찌개,1,9500
2026-06-27 12:49:35,불고기 정식,1,13000
2026-06-27 12:49:35,아메리카노(HOT),1,2000
2026-06-27 12:52:21,김치찌개(1인),2,18000
2026-06-27 12:55:35,제육볶음,1,11000
2026-06-27 12:55:35,공기밥,1,1000
2026-06-27 12:56:46,제육볶음,1,11000
2026-06-27 12:56:46,순두부찌개,2,19000
2026-06-27 12:59:55,공기밥,1,1000
2026-06-27 13:08:55,갈비탕,1,13000
2026-06-27 13:14:33,아메리카노(ICE),2,4000
2026-06-27 13:14:33,불고기 정식,2,26000
2026-06-27 13:15:43,아메리카노(HOT),1,2000
2026-06-27 13:15:43,갈비탕,1,13000
2026-06-27 13:17:50,김치찌개(1인),2,18000
2026-06-27 13:17:50,된장찌개(1인),1,9000
2026-06-27 13:36:12,된장찌개(1인),1,9000
2026-06-27 17:45:50,순두부찌개,1,9500
2026-06-27 18:07:35,제육볶음,2,22000
2026-06-27 18:29:14,갈비탕,1,13000
2026-06-27 18:32:53,된장찌개(1인),1,9000
2026-06-27 18:32:53,제육볶음,1,11000
2026-06-27 18:32:53,콜라,2,4000
2026-06-27 18:34:42,갈비탕,1,13000
2026-06-27 18:34:42,불고기 정식,1,13000
2026-06-27 18:36:38,갈비탕,2,26000
2026-06-27 18:36:38,제육볶음,1,11000
2026-06-27 18:36:38,아메리카노(HOT),1,2000
2026-06-27 18:42:58,김치찌개(1인),2,18000
2026-06-27 18:42:58,비빔밥,1,9000
2026-06-27 18:46:12,계란말이,1,7000
2026-06-27 18:46:12,콜라,1,2000
2026-06-27 18:47:14,불고기 정식,1,13000
2026-06-27 18:47:14,비빔밥,2,18000
2026-06-27 18:47:14,된장찌개(1인),1,9000
2026-06-27 19:01:49,제육볶음,1,11000
2026-06-27 19:01:49,비빔밥,1,9000
2026-06-27 19:07:23,순두부찌개,1,9500
2026-06-27 19:07:23,김치찌개(2인),1,17000
2026-06-27 19:07:40,갈비탕,2,26000
2026-06-27 19:07:40,공기밥,1,1000
2026-06-27 19:07:40,순두부찌개,1,9500
2026-06-27 19:08:31,김치찌개(1인),1,9000
2026-06-27 19:08:31,김치찌개(1인),1,9000
2026-06-27 19:13:30,순두부찌개,1,9500
2026-06-27 19:13:30,공기밥,1,1000
2026-06-27 19:19:32,계란말이,1,7000
2026-06-27 19:19:32,김치찌개(1인),1,9000
2026-06-27 19:19:32,공기밥,2,2000
2026-06-27 19:25:56,김치찌개(1인),1,9000
2026-06-27 19:25:56,공기밥,1,1000
2026-06-27 19:26:39,콜라,1,2000
2026-06-27 19:27:32,불고기 정식,1,13000
2026-06-27 19:27:32,콜라,2,4000
2026-06-27 19:27:32,공기밥,2,2000
2026-06-27 19:32:46,된장찌개(1인),2,18000
2026-06-27 19:32:46,갈비탕,1,13000
2026-06-27 19:36:04,공기밥,1,1000
2026-06-27 19:36:04,제육볶음,2,22000
2026-06-27 19:39:44,순두부찌개,1,9500
2026-06-27 19:39:44,김치찌개(1인),2,18000
2026-06-27 19:41:17,비빔밥,1,9000
2026-06-27 19:41:17,콜라,2,4000
2026-06-27 19:42:26,계란말이,1,7000
2026-06-27 19:42:26,콜라,2,4000
2026-06-27 19:42:26,갈비탕,1,13000
2026-06-27 19:49:08,불고기 정식,1,13000
2026-06-27 19:49:32,불고기 정식,1,13000
2026-06-27 19:49:32,김치찌개(1인),1,9000
2026-06-27 19:50:53,계란말이,1,7000
2026-06-27 19:51:29,계란말이,1,7000
2026-06-27 19:51:29,김치찌개(1인),1,9000
2026-06-27 19:51:29,김치찌개(1인),1,9000
2026-06-27 19:51:35,순두부찌개,1,9500
2026-06-27 19:51:35,계란말이,1,7000
2026-06-27 19:53:51,김치찌개(2인),2,34000
2026-06-27 19:53:51,계란말이,2,14000
2026-06-27 19:53:51,비빔밥,1,9000
2026-06-27 20:02:01,불고기 정식,1,13000
2026-06-27 20:02:01,불고기 정식,1,13000
2026-06-27 20:05:16,공기밥,1,1000
2026-06-27 20:05:16,계란말이,2,14000
2026-06-27 20:05:16,갈비탕,1,13000
2026-06-27 20:16:43,갈비탕,1,13000
2026-06-27 20:16:43,된장찌개(1인),1,9000
2026-06-27 20:16:43,불고기 정식,1,13000
2026-06-27 20:32:22,김치찌개(2인),1,17000
2026-06-27 20:32:22,김치찌개(1인),1,9000
2026-06-27 20:40:26,김치찌개(2인),1,17000
2026-06-27 20:40:26,김치찌개(1인),1,9000
2026-06-27 20:40:53,불고기 정식,1,13000
2026-06-27 20:40:53,된장찌개(1인),1,9000
2026-06-28 11:36:45,순두부찌개,1,9500
2026-06-28 11:42:11,제육볶음,1,11000
2026-06-28 11:53:06,불고기 정식,2,26000
2026-06-28 11:53:06,불고기 정식,1,13000
2026-06-28 11:54:41,제육볶음,1,11000
2026-06-28 11:55:58,김치찌개(1인),1,9000
2026-06-28 11:55:58,된장찌개(1인),2,18000
2026-06-28 11:55:58,제육볶음,2,22000
2026-06-28 12:00:26,제육볶음,1,11000
2026-06-28 12:00:26,제육볶음,1,11000
2026-06-28 12:00:37,된장찌개(1인),1,9000
2026-06-28 12:02:01,갈비탕,1,13000
2026-06-28 12:02:01,갈비탕,1,13000
2026-06-28 12:04:42,비빔밥,1,9000
2026-06-28 12:04:42,순두부찌개,1,9500
2026-06-28 12:15:03,공기밥,1,1000
2026-06-28 12:16:00,제육볶음,1,11000
2026-06-28 12:16:00,공기밥,1,1000
2026-06-28 12:16:58,김치찌개(1인),1,9000
2026-06-28 12:16:58,비빔밥,1,9000
2026-06-28 12:16:58,불고기 정식,1,13000
2026-06-28 12:19:47,불고기 정식,1,13000
2026-06-28 12:19:47,김치찌개(1인),1,9000
2026-06-28 12:20:00,순두부찌개,1,9500
2026-06-28 12:20:00,김치찌개(1인),1,9000
2026-06-28 12:25:18,아메리카노(HOT),1,2000
2026-06-28 12:28:49,김치찌개(1인),1,9000
2026-06-28 12:28:49,김치찌개(1인),1,9000
2026-06-28 12:29:23,제육볶음,1,11000
2026-06-28 12:29:23,순두부찌개,2,19000
2026-06-28 12:37:34,불고기 정식,2,26000
2026-06-28 12:37:34,갈비탕,1,13000
2026-06-28 12:37:34,아메리카노(ICE),1,2000
2026-06-28 12:37:36,아메리카노(ICE),1,2000
2026-06-28 12:37:36,불고기 정식,1,13000
2026-06-28 12:37:36,갈비탕,1,13000
2026-06-28 12:53:58,순두부찌개,1,9500
2026-06-28 12:53:58,순두부찌개,1,9500
2026-06-28 13:20:25,불고기 정식,1,13000
2026-06-28 13:20:25,비빔밥,1,9000
2026-06-28 13:27:17,된장찌개(1인),1,9000
2026-06-28 13:39:19,불고기 정식,1,13000
2026-06-28 17:37:09,비빔밥,1,9000
2026-06-28 17:37:09,공기밥,1,1000
2026-06-28 17:37:09,김치찌개(1인),1,9000
2026-06-28 18:31:19,김치찌개(2인),1,17000
2026-06-28 18:35:03,갈비탕,2,26000
2026-06-28 18:43:29,비빔밥,2,18000
2026-06-28 18:46:55,제육볶음,2,22000
2026-06-28 18:46:55,불고기 정식,2,26000
2026-06-28 18:48:55,공기밥,1,1000
2026-06-28 18:48:55,제육볶음,1,11000
2026-06-28 18:49:59,공기밥,1,1000
2026-06-28 18:49:59,된장찌개(1인),1,9000
2026-06-28 18:52:19,아메리카노(ICE),1,2000
2026-06-28 18:52:19,콜라,1,2000
2026-06-28 18:56:09,된장찌개(1인),2,18000
2026-06-28 18:56:09,비빔밥,1,9000
2026-06-28 19:02:30,김치찌개(2인),1,17000
2026-06-28 19:02:30,김치찌개(2인),1,17000
2026-06-28 19:05:02,계란말이,1,7000
2026-06-28 19:05:02,순두부찌개,1,9500
2026-06-28 19:09:09,불고기 정식,2,26000
2026-06-28 19:09:09,김치찌개(2인),2,34000
2026-06-28 19:09:58,불고기 정식,1,13000
2026-06-28 19:09:58,순두부찌개,2,19000
2026-06-28 19:09:58,계란말이,1,7000
2026-06-28 19:16:39,갈비탕,1,13000
2026-06-28 19:16:39,공기밥,1,1000
2026-06-28 19:16:39,김치찌개(1인),1,9000
2026-06-28 19:16:51,콜라,2,4000
2026-06-28 19:16:51,갈비탕,1,13000
2026-06-28 19:17:56,계란말이,1,7000
2026-06-28 19:17:56,갈비탕,2,26000
2026-06-28 19:17:56,제육볶음,1,11000
2026-06-28 19:27:23,계란말이,2,14000
2026-06-28 19:27:23,순두부찌개,2,19000
2026-06-28 19:28:50,김치찌개(2인),1,17000
2026-06-28 19:29:32,순두부찌개,1,9500
2026-06-28 19:31:31,김치찌개(1인),1,9000
2026-06-28 19:31:31,불고기 정식,2,26000
2026-06-28 19:35:06,김치찌개(2인),1,17000
2026-06-28 19:35:06,김치찌개(2인),1,17000
2026-06-28 19:37:12,김치찌개(1인),1,9000
2026-06-28 19:43:32,김치찌개(1인),2,18000
2026-06-28 19:43:32,계란말이,1,7000
2026-06-28 19:57:39,김치찌개(1인),1,9000
2026-06-28 19:57:39,된장찌개(1인),1,9000
2026-06-28 20:03:44,제육볶음,1,11000
2026-06-28 20:06:34,불고기 정식,1,13000
2026-06-28 20:06:34,된장찌개(1인),1,9000
2026-06-28 20:06:34,김치찌개(2인),1,17000
2026-06-29 11:26:38,김치찌개(1인),1,9000
2026-06-29 11:26:38,제육볶음,2,22000
2026-06-29 11:27:44,제육볶음,1,11000
2026-06-29 11:36:40,김치찌개(1인),1,9000
2026-06-29 11:36:40,공기밥,1,1000
2026-06-29 11:37:07,제육볶음,1,11000
2026-06-29 11:44:00,공기밥,1,1000
2026-06-29 11:45:30,비빔밥,1,9000
2026-06-29 11:45:36,갈비탕,1,13000
2026-06-29 11:45:36,불고기 정식,1,13000
2026-06-29 11:48:22,된장찌개(1인),1,9000
2026-06-29 11:48:22,김치찌개(1인),1,9000
2026-06-29 11:48:22,김치찌개(1인),1,9000
2026-06-29 11:50:26,제육볶음,1,11000
2026-06-29 11:50:26,김치찌개(1인),1,9000
2026-06-29 11:50:26,된장찌개(1인),2,18000
2026-06-29 11:58:11,제육볶음,1,11000
2026-06-29 11:58:11,비빔밥,1,9000
2026-06-29 12:03:46,비빔밥,2,18000
2026-06-29 12:03:46,김치찌개(1인),1,9000
2026-06-29 12:03:46,김치찌개(1인),1,9000
2026-06-29 12:03:54,계란말이,2,14000
2026-06-29 12:03:54,공기밥,1,1000
2026-06-29 12:11:28,공기밥,1,1000
2026-06-29 12:11:28,불고기 정식,2,26000
2026-06-29 12:13:13,된장찌개(1인),1,9000
2026-06-29 12:13:13,김치찌개(1인),1,9000
2026-06-29 12:17:42,제육볶음,2,22000
2026-06-29 12:19:28,공기밥,1,1000
2026-06-29 12:25:28,순두부찌개,1,9500
2026-06-29 12:26:04,콜라,1,2000
2026-06-29 12:29:42,공기밥,1,1000
2026-06-29 12:29:42,제육볶음,1,11000
2026-06-29 12:31:58,김치찌개(1인),1,9000
2026-06-29 12:31:58,계란말이,1,7000
2026-06-29 12:33:39,김치찌개(1인),1,9000
2026-06-29 12:33:46,된장찌개(1인),1,9000
2026-06-29 12:33:46,김치찌개(1인),1,9000
2026-06-29 12:39:13,비빔밥,1,9000
2026-06-29 12:44:45,아메리카노(HOT),1,2000
2026-06-29 12:44:45,공기밥,1,1000
2026-06-29 12:50:02,김치찌개(1인),1,9000
2026-06-29 12:50:02,김치찌개(1인),1,9000
2026-06-29 12:50:30,김치찌개(1인),2,18000
2026-06-29 12:53:51,아메리카노(ICE),2,4000
2026-06-29 12:55:33,비빔밥,1,9000
2026-06-29 12:56:53,비빔밥,1,9000
2026-06-29 12:56:53,비빔밥,1,9000
2026-06-29 13:00:41,갈비탕,1,13000
2026-06-29 13:01:41,김치찌개(2인),1,17000
2026-06-29 13:01:41,비빔밥,1,9000
2026-06-29 13:07:21,된장찌개(1인),1,9000
2026-06-29 13:07:21,비빔밥,1,9000
2026-06-29 13:11:07,공기밥,1,1000
2026-06-29 13:11:07,제육볶음,1,11000
2026-06-29 13:13:50,김치찌개(1인),2,18000
2026-06-29 13:25:11,계란말이,1,7000
2026-06-29 13:28:21,김치찌개(1인),1,9000
2026-06-29 13:28:21,된장찌개(1인),1,9000
2026-06-29 13:32:12,콜라,2,4000
2026-06-29 13:32:12,순두부찌개,1,9500
2026-06-29 13:32:12,공기밥,1,1000
2026-06-29 13:33:11,제육볶음,1,11000
2026-06-29 17:50:08,비빔밥,1,9000
2026-06-29 17:53:04,김치찌개(2인),1,17000
2026-06-29 17:53:04,제육볶음,2,22000
2026-06-29 18:05:50,김치찌개(2인),1,17000
2026-06-29 18:06:06,계란말이,1,7000
2026-06-29 18:06:06,김치찌개(2인),1,17000
2026-06-29 18:07:01,콜라,1,2000
2026-06-29 18:07:01,제육볶음,1,11000
2026-06-29 18:07:01,계란말이,2,14000
2026-06-29 18:24:36,계란말이,1,7000
2026-06-29 18:28:31,김치찌개(1인),1,9000
2026-06-29 18:29:12,비빔밥,1,9000
2026-06-29 18:29:12,콜라,1,2000
2026-06-29 18:29:12,김치찌개(1인),2,18000
2026-06-29 18:47:19,김치찌개(1인),1,9000
2026-06-29 18:47:57,콜라,2,4000
2026-06-29 18:47:57,김치찌개(1인),1,9000
2026-06-29 18:47:57,계란말이,1,7000
2026-06-29 18:56:40,김치찌개(1인),2,18000
2026-06-29 18:56:40,제육볶음,1,11000
2026-06-29 18:57:54,제육볶음,1,11000
2026-06-29 19:03:03,제육볶음,1,11000
2026-06-29 19:03:38,갈비탕,1,13000
2026-06-29 19:05:56,불고기 정식,1,13000
2026-06-29 19:05:56,김치찌개(2인),1,17000
2026-06-29 19:06:09,계란말이,1,7000
2026-06-29 19:22:11,계란말이,2,14000
2026-06-29 19:22:11,김치찌개(1인),2,18000
2026-06-29 19:35:09,제육볶음,1,11000
2026-06-29 19:43:27,된장찌개(1인),2,18000
2026-06-29 19:43:27,된장찌개(1인),1,9000
2026-06-29 19:48:49,된장찌개(1인),1,9000
2026-06-29 19:48:49,갈비탕,2,26000
2026-06-29 19:48:59,제육볶음,1,11000
2026-06-29 19:56:43,불고기 정식,1,13000
2026-06-29 19:57:14,불고기 정식,1,13000
2026-06-29 20:23:47,된장찌개(1인),1,9000
2026-06-29 20:41:38,갈비탕,2,26000
2026-06-30 11:33:05,된장찌개(1인),1,9000
2026-06-30 11:33:05,불고기 정식,1,13000
2026-06-30 11:36:33,된장찌개(1인),1,9000
2026-06-30 11:36:33,김치찌개(1인),1,9000
2026-06-30 11:36:33,김치찌개(2인),1,17000
2026-06-30 11:42:43,제육볶음,1,11000
2026-06-30 11:42:43,계란말이,2,14000
2026-06-30 11:47:07,순두부찌개,1,9500
2026-06-30 11:47:07,김치찌개(1인),1,9000
2026-06-30 11:47:07,비빔밥,1,9000
2026-06-30 11:51:51,비빔밥,1,9000
2026-06-30 11:51:51,순두부찌개,1,9500
2026-06-30 11:54:40,된장찌개(1인),1,9000
2026-06-30 11:55:48,김치찌개(1인),1,9000
2026-06-30 11:55:56,아메리카노(HOT),1,2000
2026-06-30 11:55:56,불고기 정식,1,13000
2026-06-30 11:55:56,비빔밥,1,9000
2026-06-30 11:56:31,된장찌개(1인),1,9000
2026-06-30 11:56:31,불고기 정식,2,26000
2026-06-30 11:56:31,순두부찌개,2,19000
2026-06-30 12:06:58,비빔밥,1,9000
2026-06-30 12:06:58,아메리카노(ICE),1,2000
2026-06-30 12:08:14,김치찌개(1인),1,9000
2026-06-30 12:14:04,갈비탕,1,13000
2026-06-30 12:17:49,제육볶음,2,22000
2026-06-30 12:17:49,불고기 정식,1,13000
2026-06-30 12:23:20,계란말이,1,7000
2026-06-30 12:23:20,공기밥,2,2000
2026-06-30 12:23:20,제육볶음,1,11000
2026-06-30 12:25:17,비빔밥,1,9000
2026-06-30 12:27:14,순두부찌개,1,9500
2026-06-30 12:27:14,김치찌개(2인),2,34000
2026-06-30 12:27:14,공기밥,1,1000
2026-06-30 12:28:08,아메리카노(ICE),2,4000
2026-06-30 12:29:48,된장찌개(1인),2,18000
2026-06-30 12:29:48,순두부찌개,1,9500
2026-06-30 12:29:48,공기밥,1,1000
2026-06-30 12:30:11,아메리카노(ICE),1,2000
2026-06-30 12:31:45,순두부찌개,1,9500
2026-06-30 12:32:34,아메리카노(ICE),1,2000
2026-06-30 12:32:34,공기밥,1,1000
2026-06-30 12:32:41,김치찌개(2인),1,17000
2026-06-30 12:33:41,공기밥,1,1000
2026-06-30 12:33:41,김치찌개(2인),1,17000
2026-06-30 12:35:26,된장찌개(1인),1,9000
2026-06-30 12:36:21,비빔밥,1,9000
2026-06-30 12:42:46,아메리카노(ICE),2,4000
2026-06-30 12:46:01,아메리카노(HOT),1,2000
2026-06-30 12:49:10,공기밥,2,2000
2026-06-30 12:51:46,불고기 정식,1,13000
2026-06-30 12:51:46,김치찌개(2인),1,17000
2026-06-30 12:51:46,순두부찌개,1,9500
2026-06-30 12:56:10,김치찌개(2인),1,17000
2026-06-30 12:56:10,아메리카노(ICE),1,2000
2026-06-30 12:56:55,김치찌개(2인),1,17000
2026-06-30 12:58:08,제육볶음,1,11000
2026-06-30 13:01:25,콜라,1,2000
2026-06-30 13:01:25,계란말이,2,14000
2026-06-30 13:06:39,김치찌개(1인),2,18000
2026-06-30 13:21:52,비빔밥,1,9000
2026-06-30 13:21:52,갈비탕,2,26000
2026-06-30 13:21:52,제육볶음,1,11000
2026-06-30 13:28:05,계란말이,1,7000
2026-06-30 13:28:05,불고기 정식,1,13000
2026-06-30 13:28:05,비빔밥,2,18000
2026-06-30 13:36:15,아메리카노(ICE),2,4000
2026-06-30 18:35:49,순두부찌개,2,19000
2026-06-30 18:42:50,제육볶음,1,11000
2026-06-30 18:42:50,계란말이,1,7000
2026-06-30 18:49:11,김치찌개(2인),1,17000
2026-06-30 18:58:06,불고기 정식,1,13000
2026-06-30 18:58:06,공기밥,1,1000
2026-06-30 19:00:09,김치찌개(1인),1,9000
2026-06-30 19:00:09,김치찌개(1인),2,18000
2026-06-30 19:00:09,갈비탕,1,13000
2026-06-30 19:00:41,김치찌개(1인),2,18000
2026-06-30 19:00:41,계란말이,1,7000
2026-06-30 19:01:17,제육볶음,1,11000
2026-06-30 19:01:17,비빔밥,1,9000
2026-06-30 19:01:17,비빔밥,1,9000
2026-06-30 19:04:19,제육볶음,2,22000
2026-06-30 19:10:10,순두부찌개,1,9500
2026-06-30 19:10:10,김치찌개(1인),2,18000
2026-06-30 19:10:25,불고기 정식,1,13000
2026-06-30 19:10:25,공기밥,1,1000
2026-06-30 19:10:25,불고기 정식,1,13000
2026-06-30 19:19:45,공기밥,1,1000
2026-06-30 19:19:45,제육볶음,2,22000
2026-06-30 19:27:10,제육볶음,1,11000
2026-06-30 19:33:31,불고기 정식,1,13000
2026-06-30 19:38:35,공기밥,1,1000
2026-06-30 19:38:35,불고기 정식,1,13000
2026-06-30 19:39:05,공기밥,2,2000
2026-06-30 19:39:05,공기밥,1,1000
2026-06-30 19:41:30,계란말이,1,7000
2026-06-30 19:44:37,김치찌개(1인),2,18000
2026-06-30 19:44:37,김치찌개(2인),2,34000
2026-06-30 19:56:29,제육볶음,1,11000
2026-06-30 19:56:29,제육볶음,1,11000
2026-06-30 19:59:12,갈비탕,1,13000
2026-06-30 20:02:29,김치찌개(2인),2,34000
2026-06-30 20:02:29,공기밥,2,2000
2026-06-30 20:02:29,제육볶음,1,11000
2026-06-30 20:45:37,제육볶음,1,11000
2026-06-30 20:45:37,제육볶음,2,22000
2026-07-01 11:27:02,제육볶음,1,11000
2026-07-01 11:32:52,김치찌개(1인),1,9000
2026-07-01 11:43:09,김치찌개(2인),1,17000
2026-07-01 11:50:49,제육볶음,1,11000
2026-07-01 11:50:49,김치찌개(1인),1,9000
2026-07-01 11:50:49,제육볶음,1,11000
2026-07-01 11:50:52,공기밥,1,1000
2026-07-01 11:50:52,김치찌개(2인),1,17000
2026-07-01 11:50:52,비빔밥,1,9000
2026-07-01 11:51:14,비빔밥,1,9000
2026-07-01 11:51:14,김치찌개(1인),2,18000
2026-07-01 11:53:46,아메리카노(ICE),2,4000
2026-07-01 11:54:14,공기밥,1,1000
2026-07-01 11:54:31,갈비탕,1,13000
2026-07-01 12:00:29,김치찌개(1인),1,9000
2026-07-01 12:00:29,공기밥,1,1000
2026-07-01 12:02:32,제육볶음,1,11000
2026-07-01 12:02:32,김치찌개(1인),1,9000
2026-07-01 12:02:56,순두부찌개,1,9500
2026-07-01 12:03:23,김치찌개(2인),1,17000
2026-07-01 12:04:17,계절한정 냉면,2,20000
2026-07-01 12:06:41,공기밥,2,2000
2026-07-01 12:07:30,비빔밥,2,18000
2026-07-01 12:07:30,순두부찌개,1,9500
2026-07-01 12:09:37,계란말이,1,7000
2026-07-01 12:09:37,공기밥,2,2000
2026-07-01 12:10:01,된장찌개(1인),1,9000
2026-07-01 12:10:20,아메리카노(ICE),2,4000
2026-07-01 12:10:20,김치찌개(1인),1,9000
2026-07-01 12:11:15,계란말이,1,7000
2026-07-01 12:11:15,계란말이,1,7000
2026-07-01 12:12:55,순두부찌개,2,19000
2026-07-01 12:12:55,갈비탕,1,13000
2026-07-01 12:12:55,아메리카노(HOT),1,2000
2026-07-01 12:12:55,비빔밥,1,9000
2026-07-01 12:14:20,계란말이,1,7000
2026-07-01 12:17:18,불고기 정식,2,26000
2026-07-01 12:17:20,제육볶음,1,11000
2026-07-01 12:17:20,순두부찌개,1,9500
2026-07-01 12:17:20,김치찌개(1인),1,9000
2026-07-01 12:18:39,된장찌개(1인),1,9000
2026-07-01 12:18:39,비빔밥,1,9000
2026-07-01 12:18:39,갈비탕,1,13000
2026-07-01 12:20:56,제육볶음,1,11000
2026-07-01 12:20:56,공기밥,1,1000
2026-07-01 12:25:42,김치찌개(1인),1,9000
2026-07-01 12:26:06,비빔밥,2,18000
2026-07-01 12:28:04,아메리카노(ICE),1,2000
2026-07-01 12:28:38,불고기 정식,1,13000
2026-07-01 12:32:29,비빔밥,1,9000
2026-07-01 12:53:24,비빔밥,1,9000
2026-07-01 12:55:47,된장찌개(1인),1,9000
2026-07-01 12:58:30,불고기 정식,1,13000
2026-07-01 13:01:02,계절한정 냉면,1,10000
2026-07-01 13:01:02,아메리카노(ICE),1,2000
2026-07-01 13:14:22,순두부찌개,1,9500
2026-07-01 13:14:22,불고기 정식,1,13000
2026-07-01 13:14:22,계절한정 냉면,1,10000
2026-07-01 13:14:59,제육볶음,1,11000
2026-07-01 13:14:59,갈비탕,2,26000
2026-07-01 13:18:19,제육볶음,1,11000
2026-07-01 13:36:19,불고기 정식,1,13000
2026-07-01 13:36:19,아메리카노(ICE),1,2000
2026-07-01 17:32:38,순두부찌개,1,9500
2026-07-01 17:49:58,비빔밥,1,9000
2026-07-01 17:49:58,제육볶음,1,11000
2026-07-01 17:49:58,계란말이,1,7000
2026-07-01 17:57:30,제육볶음,1,11000
2026-07-01 17:58:14,갈비탕,1,13000
2026-07-01 17:58:14,불고기 정식,1,13000
2026-07-01 18:03:32,계절한정 냉면,1,10000
2026-07-01 18:03:32,불고기 정식,1,13000
2026-07-01 18:11:45,된장찌개(1인),1,9000
2026-07-01 18:11:45,김치찌개(1인),1,9000
2026-07-01 18:11:45,공기밥,1,1000
2026-07-01 18:15:06,콜라,1,2000
2026-07-01 18:15:06,된장찌개(1인),1,9000
2026-07-01 18:15:06,비빔밥,2,18000
2026-07-01 18:18:39,계절한정 냉면,1,10000
2026-07-01 18:23:13,공기밥,1,1000
2026-07-01 18:23:13,갈비탕,1,13000
2026-07-01 18:23:13,김치찌개(1인),2,18000
2026-07-01 18:23:20,콜라,1,2000
2026-07-01 18:23:20,계절한정 냉면,1,10000
2026-07-01 18:23:20,비빔밥,1,9000
2026-07-01 18:37:37,아메리카노(ICE),1,2000
2026-07-01 19:12:43,콜라,1,2000
2026-07-01 19:17:48,김치찌개(2인),2,34000
2026-07-01 19:17:48,콜라,2,4000
2026-07-01 19:25:53,제육볶음,1,11000
2026-07-01 19:26:07,김치찌개(1인),2,18000
2026-07-01 19:40:31,불고기 정식,1,13000
2026-07-01 19:40:31,계란말이,2,14000
2026-07-01 19:51:53,불고기 정식,1,13000
2026-07-01 19:51:53,된장찌개(1인),1,9000
2026-07-01 19:51:53,공기밥,2,2000
2026-07-01 19:55:37,김치찌개(1인),1,9000
2026-07-01 19:55:37,된장찌개(1인),1,9000
2026-07-01 19:55:37,아메리카노(ICE),1,2000
2026-07-01 20:08:41,불고기 정식,1,13000
2026-07-01 20:08:41,갈비탕,1,13000
2026-07-01 20:10:57,제육볶음,1,11000
2026-07-01 20:10:57,제육볶음,1,11000
2026-07-02 11:24:04,비빔밥,1,9000
2026-07-02 11:32:53,비빔밥,2,18000
2026-07-02 11:32:53,계란말이,1,7000
2026-07-02 11:32:53,제육볶음,1,11000
2026-07-02 11:42:45,갈비탕,1,13000
2026-07-02 11:42:45,계절한정 냉면,1,10000
2026-07-02 11:42:45,된장찌개(1인),1,9000
2026-07-02 11:46:38,김치찌개(2인),1,17000
2026-07-02 11:46:38,갈비탕,2,26000
2026-07-02 11:46:38,콜라,1,2000
2026-07-02 11:55:55,비빔밥,2,18000
2026-07-02 11:57:41,제육볶음,2,22000
2026-07-02 12:03:34,불고기 정식,1,13000
2026-07-02 12:11:07,된장찌개(1인),1,9000
2026-07-02 12:13:43,공기밥,2,2000
2026-07-02 12:13:59,비빔밥,1,9000
2026-07-02 12:13:59,비빔밥,2,18000
2026-07-02 12:14:43,제육볶음,1,11000
2026-07-02 12:14:43,된장찌개(1인),1,9000
2026-07-02 12:14:43,불고기 정식,1,13000
2026-07-02 12:15:59,콜라,1,2000
2026-07-02 12:23:28,계절한정 냉면,1,10000
2026-07-02 12:30:58,아메리카노(HOT),1,2000
2026-07-02 12:30:58,콜라,1,2000
2026-07-02 12:31:51,된장찌개(1인),1,9000
2026-07-02 12:32:49,아메리카노(ICE),1,2000
2026-07-02 12:32:58,비빔밥,1,9000
2026-07-02 12:33:39,김치찌개(1인),1,9000
2026-07-02 12:37:06,아메리카노(ICE),1,2000
2026-07-02 12:37:06,공기밥,1,1000
2026-07-02 12:39:33,콜라,1,2000
2026-07-02 12:39:33,된장찌개(1인),1,9000
2026-07-02 12:46:26,비빔밥,1,9000
2026-07-02 12:46:26,김치찌개(1인),1,9000
2026-07-02 12:52:30,비빔밥,1,9000
2026-07-02 12:52:30,김치찌개(1인),2,18000
2026-07-02 12:59:40,갈비탕,1,13000
2026-07-02 12:59:40,순두부찌개,1,9500
2026-07-02 13:02:34,제육볶음,1,11000
2026-07-02 13:02:34,김치찌개(2인),1,17000
2026-07-02 13:02:38,계절한정 냉면,1,10000
2026-07-02 13:03:17,비빔밥,1,9000
2026-07-02 13:03:17,김치찌개(1인),1,9000
2026-07-02 13:03:43,아메리카노(HOT),1,2000
2026-07-02 13:03:43,제육볶음,1,11000
2026-07-02 13:03:43,순두부찌개,1,9500
2026-07-02 13:09:20,김치찌개(1인),1,9000
2026-07-02 13:09:20,김치찌개(1인),1,9000
2026-07-02 13:15:52,아메리카노(ICE),1,2000
2026-07-02 13:15:52,된장찌개(1인),2,18000
2026-07-02 13:29:40,제육볶음,1,11000
2026-07-02 13:29:40,된장찌개(1인),2,18000
2026-07-02 13:29:40,된장찌개(1인),1,9000
2026-07-02 13:35:23,순두부찌개,1,9500
2026-07-02 13:35:23,김치찌개(1인),1,9000
2026-07-02 17:45:10,계란말이,1,7000
2026-07-02 17:52:50,아메리카노(HOT),2,4000
2026-07-02 18:01:00,순두부찌개,1,9500
2026-07-02 18:01:00,비빔밥,1,9000
2026-07-02 18:07:15,계란말이,1,7000
2026-07-02 18:07:15,콜라,1,2000
2026-07-02 18:10:48,순두부찌개,1,9500
2026-07-02 18:10:48,불고기 정식,1,13000
2026-07-02 18:16:12,불고기 정식,1,13000
2026-07-02 18:16:12,순두부찌개,1,9500
2026-07-02 18:16:23,계란말이,1,7000
2026-07-02 18:16:23,순두부찌개,1,9500
2026-07-02 18:27:55,된장찌개(1인),1,9000
2026-07-02 18:27:55,김치찌개(2인),1,17000
2026-07-02 18:35:31,불고기 정식,2,26000
2026-07-02 18:35:31,계란말이,1,7000
2026-07-02 18:39:21,제육볶음,2,22000
2026-07-02 18:39:21,콜라,1,2000
2026-07-02 18:46:55,불고기 정식,1,13000
2026-07-02 18:46:55,제육볶음,1,11000
2026-07-02 18:52:03,갈비탕,1,13000
2026-07-02 18:52:03,콜라,2,4000
2026-07-02 18:59:45,된장찌개(1인),1,9000
2026-07-02 19:06:13,계란말이,1,7000
2026-07-02 19:13:06,된장찌개(1인),1,9000
2026-07-02 19:13:06,계란말이,1,7000
2026-07-02 19:21:04,비빔밥,1,9000
2026-07-02 19:23:25,비빔밥,1,9000
2026-07-02 19:23:25,계란말이,1,7000
2026-07-02 19:32:52,제육볶음,1,11000
2026-07-02 19:32:52,비빔밥,1,9000
2026-07-02 19:32:52,갈비탕,1,13000
2026-07-02 19:33:03,순두부찌개,1,9500
2026-07-02 19:33:03,비빔밥,1,9000
2026-07-02 19:33:03,된장찌개(1인),1,9000
2026-07-02 19:36:50,계란말이,1,7000
2026-07-02 19:36:50,콜라,1,2000
2026-07-02 19:42:46,비빔밥,1,9000
2026-07-02 19:48:45,계절한정 냉면,2,20000
2026-07-02 19:48:45,김치찌개(2인),1,17000
2026-07-02 19:54:13,제육볶음,1,11000
2026-07-02 19:56:45,갈비탕,1,13000
2026-07-02 19:56:45,순두부찌개,1,9500
2026-07-02 20:07:35,콜라,2,4000
2026-07-02 20:07:35,된장찌개(1인),1,9000
2026-07-02 20:10:58,김치찌개(2인),1,17000
2026-07-02 20:10:58,계란말이,1,7000
2026-07-02 20:24:49,공기밥,1,1000
2026-07-02 20:35:30,김치찌개(1인),2,18000
2026-07-03 11:30:28,된장찌개(1인),1,9000
2026-07-03 11:56:00,제육볶음,1,11000
2026-07-03 11:57:08,갈비탕,1,13000
2026-07-03 11:57:08,계절한정 냉면,1,10000
2026-07-03 12:04:54,계절한정 냉면,1,10000
2026-07-03 12:04:54,갈비탕,1,13000
2026-07-03 12:04:54,계란말이,1,7000
2026-07-03 12:06:13,갈비탕,1,13000
2026-07-03 12:06:13,갈비탕,2,26000
2026-07-03 12:12:41,김치찌개(1인),2,18000
2026-07-03 12:13:41,제육볶음,1,11000
2026-07-03 12:14:10,김치찌개(2인),1,17000
2026-07-03 12:14:10,아메리카노(ICE),1,2000
2026-07-03 12:14:10,공기밥,1,1000
2026-07-03 12:14:20,제육볶음,1,11000
2026-07-03 12:14:20,된장찌개(1인),1,9000
2026-07-03 12:15:30,된장찌개(1인),1,9000
2026-07-03 12:15:30,공기밥,2,2000
2026-07-03 12:16:47,계절한정 냉면,1,10000
2026-07-03 12:21:32,제육볶음,1,11000
2026-07-03 12:22:45,김치찌개(1인),1,9000
2026-07-03 12:22:45,아메리카노(ICE),2,4000
2026-07-03 12:23:18,김치찌개(1인),1,9000
2026-07-03 12:23:18,불고기 정식,2,26000
2026-07-03 12:23:27,된장찌개(1인),1,9000
2026-07-03 12:23:27,콜라,2,4000
2026-07-03 12:23:27,아메리카노(ICE),1,2000
2026-07-03 12:25:45,불고기 정식,1,13000
2026-07-03 12:28:49,제육볶음,1,11000
2026-07-03 12:28:49,순두부찌개,1,9500
2026-07-03 12:29:50,순두부찌개,1,9500
2026-07-03 12:34:21,제육볶음,1,11000
2026-07-03 12:35:01,김치찌개(1인),2,18000
2026-07-03 12:42:11,김치찌개(1인),1,9000
2026-07-03 12:42:11,된장찌개(1인),2,18000
2026-07-03 12:42:13,비빔밥,1,9000
2026-07-03 12:42:15,순두부찌개,1,9500
2026-07-03 12:42:15,콜라,2,4000
2026-07-03 12:42:33,아메리카노(HOT),1,2000
2026-07-03 12:42:33,아메리카노(HOT),2,4000
2026-07-03 12:42:33,불고기 정식,1,13000
2026-07-03 12:47:19,비빔밥,1,9000
2026-07-03 12:47:19,공기밥,1,1000
2026-07-03 12:47:19,비빔밥,1,9000
2026-07-03 12:51:10,갈비탕,1,13000
2026-07-03 12:51:10,된장찌개(1인),1,9000
2026-07-03 12:52:54,공기밥,1,1000
2026-07-03 12:52:54,순두부찌개,1,9500
2026-07-03 12:53:13,제육볶음,1,11000
2026-07-03 12:53:59,불고기 정식,1,13000
2026-07-03 12:53:59,공기밥,1,1000
2026-07-03 12:58:10,갈비탕,1,13000
2026-07-03 12:58:10,된장찌개(1인),1,9000
2026-07-03 13:11:00,불고기 정식,1,13000
2026-07-03 13:18:31,된장찌개(1인),2,18000
2026-07-03 13:19:24,아메리카노(HOT),1,2000
2026-07-03 13:19:24,김치찌개(1인),1,9000
2026-07-03 13:20:01,비빔밥,1,9000
2026-07-03 13:20:01,제육볶음,1,11000
2026-07-03 13:21:24,김치찌개(1인),1,9000
2026-07-03 13:21:24,순두부찌개,2,19000
2026-07-03 13:21:24,공기밥,1,1000
2026-07-03 13:23:31,순두부찌개,1,9500
2026-07-03 13:23:31,제육볶음,1,11000
2026-07-03 13:23:31,제육볶음,1,11000
2026-07-03 13:29:51,아메리카노(ICE),1,2000
2026-07-03 13:31:02,김치찌개(1인),2,18000
2026-07-03 13:36:04,김치찌개(2인),1,17000
2026-07-03 18:05:48,된장찌개(1인),1,9000
2026-07-03 18:05:48,된장찌개(1인),1,9000
2026-07-03 18:10:00,계란말이,1,7000
2026-07-03 18:10:00,갈비탕,2,26000
2026-07-03 18:10:00,김치찌개(1인),1,9000
2026-07-03 18:27:55,공기밥,1,1000
2026-07-03 18:27:55,계절한정 냉면,1,10000
2026-07-03 18:31:20,공기밥,1,1000
2026-07-03 18:31:20,계란말이,1,7000
2026-07-03 18:31:20,김치찌개(2인),1,17000
2026-07-03 18:34:56,순두부찌개,2,19000
2026-07-03 18:34:56,된장찌개(1인),1,9000
2026-07-03 18:43:01,공기밥,1,1000
2026-07-03 18:46:42,아메리카노(ICE),1,2000
2026-07-03 18:46:42,불고기 정식,1,13000
2026-07-03 18:47:32,공기밥,1,1000
2026-07-03 18:47:32,콜라,1,2000
2026-07-03 18:48:47,불고기 정식,2,26000
2026-07-03 18:48:47,비빔밥,1,9000
2026-07-03 18:52:36,불고기 정식,1,13000
2026-07-03 18:52:36,갈비탕,1,13000
2026-07-03 18:52:36,아메리카노(HOT),1,2000
2026-07-03 19:00:48,김치찌개(2인),1,17000
2026-07-03 19:00:48,김치찌개(1인),1,9000
2026-07-03 19:00:48,계절한정 냉면,1,10000
2026-07-03 19:03:07,제육볶음,1,11000
2026-07-03 19:03:07,갈비탕,1,13000
2026-07-03 19:03:42,콜라,1,2000
2026-07-03 19:03:42,계란말이,1,7000
2026-07-03 19:09:04,공기밥,1,1000
2026-07-03 19:09:04,불고기 정식,1,13000
2026-07-03 19:24:50,김치찌개(1인),1,9000
2026-07-03 19:32:03,비빔밥,2,18000
2026-07-03 19:32:03,된장찌개(1인),1,9000
2026-07-03 19:40:27,김치찌개(1인),2,18000
2026-07-03 19:40:27,불고기 정식,1,13000
2026-07-03 19:42:00,계란말이,1,7000
2026-07-03 19:42:00,콜라,1,2000
2026-07-03 19:45:43,계절한정 냉면,1,10000
2026-07-03 19:45:43,계란말이,1,7000
2026-07-03 19:46:16,계란말이,2,14000
2026-07-03 19:46:16,순두부찌개,1,9500
2026-07-03 19:46:16,공기밥,1,1000
2026-07-03 19:52:55,김치찌개(1인),1,9000
2026-07-03 19:54:14,김치찌개(2인),2,34000
2026-07-03 20:26:33,계란말이,1,7000
2026-07-04 11:30:29,순두부찌개,2,19000
2026-07-04 11:40:23,된장찌개(1인),1,9000
2026-07-04 11:43:37,공기밥,1,1000
2026-07-04 11:43:37,제육볶음,1,11000
2026-07-04 11:43:37,김치찌개(1인),1,9000
2026-07-04 11:51:58,갈비탕,1,13000
2026-07-04 11:51:58,순두부찌개,2,19000
2026-07-04 11:51:58,제육볶음,1,11000
2026-07-04 12:18:23,된장찌개(1인),1,9000
2026-07-04 12:20:09,순두부찌개,1,9500
2026-07-04 12:28:50,비빔밥,1,9000
2026-07-04 12:28:50,김치찌개(1인),1,9000
2026-07-04 12:30:02,김치찌개(1인),2,18000
2026-07-04 12:30:02,공기밥,1,1000
2026-07-04 12:30:02,김치찌개(1인),1,9000
2026-07-04 12:30:23,김치찌개(1인),1,9000
2026-07-04 12:30:23,계절한정 냉면,2,20000
2026-07-04 12:33:02,된장찌개(1인),1,9000
2026-07-04 12:33:02,공기밥,1,1000
2026-07-04 12:33:02,된장찌개(1인),2,18000
2026-07-04 12:37:44,된장찌개(1인),1,9000
2026-07-04 12:37:44,순두부찌개,1,9500
2026-07-04 12:40:20,김치찌개(1인),1,9000
2026-07-04 12:41:30,계절한정 냉면,1,10000
2026-07-04 12:41:46,비빔밥,1,9000
2026-07-04 12:41:46,계란말이,2,14000
2026-07-04 12:41:46,콜라,1,2000
2026-07-04 12:48:52,제육볶음,1,11000
2026-07-04 12:48:52,김치찌개(2인),1,17000
2026-07-04 12:54:47,비빔밥,1,9000
2026-07-04 12:54:47,불고기 정식,1,13000
2026-07-04 13:09:44,김치찌개(1인),1,9000
2026-07-04 13:41:39,된장찌개(1인),1,9000
2026-07-04 17:43:35,된장찌개(1인),1,9000
2026-07-04 17:43:35,김치찌개(2인),2,34000
2026-07-04 17:56:38,갈비탕,2,26000
2026-07-04 17:56:38,된장찌개(1인),1,9000
2026-07-04 17:56:38,아메리카노(ICE),1,2000
2026-07-04 17:58:41,불고기 정식,1,13000
2026-07-04 18:01:36,제육볶음,1,11000
2026-07-04 18:01:36,김치찌개(2인),1,17000
2026-07-04 18:01:36,콜라,2,4000
2026-07-04 18:03:01,공기밥,1,1000
2026-07-04 18:25:08,갈비탕,1,13000
2026-07-04 18:25:08,갈비탕,1,13000
2026-07-04 18:29:06,갈비탕,1,13000
2026-07-04 18:29:07,불고기 정식,2,26000
2026-07-04 18:29:07,불고기 정식,1,13000
2026-07-04 18:29:36,순두부찌개,1,9500
2026-07-04 18:29:36,갈비탕,1,13000
2026-07-04 18:35:23,김치찌개(2인),1,17000
2026-07-04 18:36:29,된장찌개(1인),2,18000
2026-07-04 18:38:02,제육볶음,2,22000
2026-07-04 18:43:01,계란말이,1,7000
2026-07-04 18:46:46,김치찌개(1인),1,9000
2026-07-04 18:50:58,김치찌개(1인),2,18000
2026-07-04 18:50:58,공기밥,1,1000
2026-07-04 18:51:25,콜라,2,4000
2026-07-04 18:51:25,계란말이,1,7000
2026-07-04 18:56:57,제육볶음,2,22000
2026-07-04 19:05:11,순두부찌개,2,19000
2026-07-04 19:05:11,제육볶음,2,22000
2026-07-04 19:05:11,제육볶음,1,11000
2026-07-04 19:08:13,제육볶음,2,22000
2026-07-04 19:13:25,김치찌개(1인),2,18000
2026-07-04 19:13:25,제육볶음,1,11000
2026-07-04 19:13:25,제육볶음,1,11000
2026-07-04 19:18:04,갈비탕,1,13000
2026-07-04 19:18:04,비빔밥,1,9000
2026-07-04 19:23:40,갈비탕,1,13000
2026-07-04 19:23:40,불고기 정식,1,13000
2026-07-04 19:23:40,제육볶음,1,11000
2026-07-04 19:28:24,순두부찌개,2,19000
2026-07-04 19:46:29,비빔밥,1,9000
2026-07-04 19:48:00,김치찌개(2인),1,17000
2026-07-04 20:00:33,순두부찌개,1,9500
2026-07-04 20:00:33,제육볶음,1,11000
2026-07-04 20:00:33,된장찌개(1인),1,9000
2026-07-04 20:12:42,된장찌개(1인),1,9000
2026-07-06 11:30:50,된장찌개(1인),1,9000
2026-07-06 11:30:50,제육볶음,1,11000
2026-07-06 11:43:13,순두부찌개,1,9500
2026-07-06 11:43:45,순두부찌개,1,9500
2026-07-06 11:46:20,된장찌개(1인),1,9000
2026-07-06 11:51:45,불고기 정식,1,13000
2026-07-06 11:51:45,김치찌개(1인),1,9000
2026-07-06 11:51:45,제육볶음,1,11000
2026-07-06 11:52:26,순두부찌개,1,9500
2026-07-06 11:52:27,계절한정 냉면,1,10000
2026-07-06 12:01:28,비빔밥,1,9000
2026-07-06 12:01:28,된장찌개(1인),1,9000
2026-07-06 12:07:09,비빔밥,1,9000
2026-07-06 12:07:09,순두부찌개,1,9500
2026-07-06 12:09:44,제육볶음,2,22000
2026-07-06 12:09:44,순두부찌개,1,9500
2026-07-06 12:09:44,된장찌개(1인),1,9000
2026-07-06 12:15:45,제육볶음,2,22000
2026-07-06 12:15:45,김치찌개(1인),2,18000
2026-07-06 12:15:45,된장찌개(1인),1,9000
2026-07-06 12:18:11,된장찌개(1인),1,9000
2026-07-06 12:18:11,아메리카노(ICE),1,2000
2026-07-06 12:18:43,순두부찌개,2,19000
2026-07-06 12:18:43,비빔밥,1,9000
2026-07-06 12:20:01,된장찌개(1인),1,9000
2026-07-06 12:20:01,공기밥,1,1000
2026-07-06 12:20:01,불고기 정식,1,13000
2026-07-06 12:21:38,비빔밥,1,9000
2026-07-06 12:25:57,불고기 정식,1,13000
2026-07-06 12:32:40,콜라,1,2000
2026-07-06 12:33:57,김치찌개(1인),1,9000
2026-07-06 12:33:57,계절한정 냉면,2,20000
2026-07-06 12:34:46,제육볶음,1,11000
2026-07-06 12:34:46,김치찌개(1인),1,9000
2026-07-06 12:34:46,공기밥,1,1000
2026-07-06 12:37:53,아메리카노(ICE),1,2000
2026-07-06 12:37:53,김치찌개(1인),2,18000
2026-07-06 12:44:19,김치찌개(1인),1,9000
2026-07-06 12:44:19,김치찌개(1인),2,18000
2026-07-06 12:45:47,김치찌개(1인),1,9000
2026-07-06 12:45:47,순두부찌개,1,9500
2026-07-06 12:45:58,불고기 정식,1,13000
2026-07-06 12:46:54,제육볶음,1,11000
2026-07-06 12:46:54,순두부찌개,1,9500
2026-07-06 12:46:54,김치찌개(1인),1,9000
2026-07-06 12:48:02,제육볶음,1,11000
2026-07-06 12:48:02,콜라,1,2000
2026-07-06 12:48:02,공기밥,1,1000
2026-07-06 12:57:37,김치찌개(1인),1,9000
2026-07-06 12:57:43,제육볶음,1,11000
2026-07-06 12:57:43,콜라,1,2000
2026-07-06 13:01:23,갈비탕,1,13000
2026-07-06 13:16:24,제육볶음,1,11000
2026-07-06 13:16:24,불고기 정식,2,26000
2026-07-06 13:27:16,콜라,1,2000
2026-07-06 17:41:56,불고기 정식,1,13000
2026-07-06 17:41:56,김치찌개(2인),2,34000
2026-07-06 17:41:56,갈비탕,1,13000
2026-07-06 17:51:49,된장찌개(1인),2,18000
2026-07-06 17:51:49,김치찌개(1인),1,9000
2026-07-06 17:53:17,김치찌개(1인),2,18000
2026-07-06 17:53:17,불고기 정식,1,13000
2026-07-06 18:02:41,공기밥,1,1000
2026-07-06 18:02:41,순두부찌개,1,9500
2026-07-06 18:45:26,계란말이,1,7000
2026-07-06 18:45:26,갈비탕,2,26000
2026-07-06 18:48:35,김치찌개(2인),1,17000
2026-07-06 18:50:41,순두부찌개,2,19000
2026-07-06 18:53:03,콜라,1,2000
2026-07-06 18:53:03,제육볶음,1,11000
2026-07-06 18:54:19,김치찌개(1인),1,9000
2026-07-06 18:54:19,된장찌개(1인),1,9000
2026-07-06 18:54:19,콜라,1,2000
2026-07-06 19:00:30,김치찌개(1인),1,9000
2026-07-06 19:00:30,된장찌개(1인),1,9000
2026-06-31 12:10:00,김치찌개(1인),1,9000
2026-07-06 19:00:30,공기밥,2,2000
2026-07-06 19:08:28,계란말이,1,7000
2026-07-06 19:10:48,제육볶음,1,11000
2026-07-06 19:12:31,김치찌개(2인),1,17000
2026-07-06 19:12:31,아메리카노(ICE),1,2000
2026-07-06 19:18:05,순두부찌개,1,9500
2026-07-06 19:31:27,김치찌개(2인),1,17000
2026-07-06 19:31:27,순두부찌개,1,9500
2026-07-06 19:50:07,김치찌개(1인),2,18000
2026-07-06 19:50:07,공기밥,2,2000
2026-07-06 20:01:04,불고기 정식,1,13000
2026-07-06 20:02:39,김치찌개(1인),1,9000
2026-07-06 20:06:17,갈비탕,2,26000
2026-07-06 20:11:14,제육볶음,1,11000
2026-07-06 20:15:08,불고기 정식,1,13000
2026-07-06 20:15:08,제육볶음,1,11000
2026-07-06 20:15:16,김치찌개(2인),2,34000
2026-07-06 20:16:11,제육볶음,1,11000
2026-07-06 20:16:11,공기밥,1,1000
2026-07-06 20:16:11,계란말이,1,7000
2026-07-06 20:45:04,갈비탕,1,13000
2026-07-06 20:45:04,제육볶음,1,11000
2026-07-07 11:37:35,된장찌개(1인),1,9000
2026-07-07 11:37:35,김치찌개(1인),1,9000
2026-07-07 11:40:40,된장찌개(1인),1,9000
2026-07-07 11:40:40,제육볶음,1,11000
2026-07-07 11:40:40,순두부찌개,1,9500
2026-07-07 11:44:25,갈비탕,1,13000
2026-07-07 11:44:25,아메리카노(HOT),2,4000
2026-07-07 11:44:25,김치찌개(1인),2,18000
2026-07-07 11:49:39,공기밥,2,2000
2026-07-07 11:50:35,김치찌개(2인),1,17000
2026-07-07 11:50:35,김치찌개(1인),1,9000
2026-07-07 11:53:39,된장찌개(1인),2,18000
2026-07-07 11:53:39,아메리카노(ICE),1,2000
2026-07-07 11:53:39,불고기 정식,1,13000
2026-07-07 11:55:48,김치찌개(2인),1,17000
2026-07-07 11:58:27,아메리카노(ICE),1,2000
2026-07-07 11:58:44,불고기 정식,1,13000
2026-07-07 11:58:44,순두부찌개,1,9500
2026-07-07 12:00:25,제육볶음,1,11000
2026-07-07 12:00:25,공기밥,2,2000
2026-07-07 12:00:25,김치찌개(1인),1,9000
2026/07/02 12:30,제육볶음,하나,11000
2026-07-07 12:07:06,공기밥,1,1000
2026-07-07 12:07:06,계절한정 냉면,1,10000
2026-07-07 12:11:44,김치찌개(2인),1,17000
2026-07-07 12:11:44,아메리카노(ICE),2,4000
2026-07-07 12:11:44,아메리카노(ICE),1,2000
2026-07-07 12:13:20,불고기 정식,2,26000
2026-07-07 12:15:44,김치찌개(2인),1,17000
2026-07-07 12:15:44,공기밥,1,1000
2026-07-07 12:19:23,제육볶음,1,11000
2026-07-07 12:20:06,불고기 정식,1,13000
2026-07-07 12:20:06,김치찌개(1인),1,9000
2026-07-07 12:23:57,제육볶음,1,11000
2026-07-07 12:23:57,비빔밥,1,9000
2026-07-07 12:30:47,된장찌개(1인),1,9000
2026-07-07 12:30:47,아메리카노(HOT),1,2000
2026-07-07 12:31:59,김치찌개(1인),1,9000
2026-07-07 12:31:59,계절한정 냉면,1,10000
2026-07-07 12:31:59,비빔밥,1,9000
2026-07-07 12:34:37,제육볶음,1,11000
2026-07-07 12:36:56,비빔밥,1,9000
2026-07-07 12:37:22,된장찌개(1인),2,18000
2026-07-07 12:40:04,김치찌개(1인),1,9000
2026-07-07 12:40:04,비빔밥,1,9000
2026-07-07 12:40:04,된장찌개(1인),2,18000
2026-07-07 12:42:39,김치찌개(1인),1,9000
2026-07-07 12:42:39,불고기 정식,1,13000
2026-07-07 12:42:39,순두부찌개,1,9500
2026-07-07 12:45:05,계절한정 냉면,1,10000
2026-07-07 12:45:05,계절한정 냉면,2,20000
2026-07-07 12:45:40,비빔밥,1,9000
2026-07-07 12:45:40,김치찌개(1인),2,18000
2026-07-07 12:45:40,아메리카노(ICE),1,2000
2026-07-07 12:55:40,김치찌개(1인),2,18000
2026-07-07 12:55:40,순두부찌개,1,9500
2026-07-07 12:55:40,된장찌개(1인),1,9000
2026-07-07 12:56:01,불고기 정식,1,13000
2026-07-07 12:56:01,순두부찌개,1,9500
2026-07-07 12:56:01,공기밥,1,1000
2026-07-07 13:08:24,순두부찌개,1,9500
2026-07-07 13:08:24,제육볶음,1,11000
2026-07-07 13:11:15,김치찌개(2인),1,17000
2026-07-07 13:33:54,갈비탕,1,13000
2026-07-07 13:33:54,비빔밥,1,9000
2026-07-07 13:38:30,된장찌개(1인),2,18000
2026-07-07 17:37:41,제육볶음,1,11000
2026-07-07 17:37:41,공기밥,1,1000
2026-07-07 17:58:58,공기밥,1,1000
2026-07-07 18:11:37,김치찌개(2인),2,34000
2026-07-07 18:11:37,순두부찌개,1,9500
2026-07-07 18:11:37,불고기 정식,1,13000
2026-07-07 18:24:38,김치찌개(1인),2,18000
2026-07-07 18:24:38,비빔밥,1,9000
2026-07-07 18:41:54,계란말이,1,7000
2026-07-07 18:43:13,공기밥,1,1000
2026-07-07 18:43:13,공기밥,1,1000
2026-07-07 18:45:32,제육볶음,1,11000
2026-07-07 18:52:27,김치찌개(2인),2,34000
2026-07-07 18:52:27,콜라,1,2000
2026-07-07 18:52:27,콜라,1,2000
2026-07-07 18:53:30,김치찌개(2인),1,17000
2026-07-07 18:53:30,갈비탕,1,13000
2026-07-07 18:57:41,비빔밥,2,18000
2026-07-07 18:57:41,김치찌개(1인),1,9000
2026-07-07 18:57:41,제육볶음,1,11000
2026-07-07 18:59:40,계란말이,1,7000
2026-07-07 18:59:40,순두부찌개,1,9500
2026-07-07 18:59:40,순두부찌개,2,19000
2026-07-07 19:02:37,김치찌개(2인),1,17000
2026-07-07 19:05:31,김치찌개(1인),2,18000
2026-07-07 19:10:40,갈비탕,1,13000
2026-07-07 19:10:40,순두부찌개,1,9500
2026-07-07 19:10:40,김치찌개(2인),1,17000
2026-07-07 19:15:13,갈비탕,1,13000
2026-07-07 19:15:13,콜라,1,2000
2026-07-07 19:24:47,계란말이,1,7000
2026-07-07 19:29:51,계절한정 냉면,1,10000
2026-07-07 19:29:51,불고기 정식,2,26000
2026-07-07 19:32:53,순두부찌개,1,9500
2026-07-07 19:32:53,계란말이,2,14000
2026-07-07 19:44:40,불고기 정식,1,13000
2026-07-07 19:44:40,순두부찌개,1,9500
2026-07-07 19:54:22,계란말이,1,7000
2026-07-07 20:09:10,아메리카노(ICE),1,2000
2026-07-07 20:09:10,된장찌개(1인),1,9000
2026-07-07 20:09:10,계란말이,1,7000
2026-07-07 20:15:52,콜라,1,2000
2026-07-07 20:15:52,김치찌개(1인),1,9000
2026-07-07 20:15:52,제육볶음,1,11000
2026-07-07 20:24:46,콜라,1,2000
2026-07-07 20:24:46,비빔밥,1,9000
2026-07-07 20:28:15,김치찌개(1인),1,9000
2026-07-07 20:38:42,불고기 정식,1,13000
2026-07-07 20:38:42,제육볶음,1,11000
2026-07-07 20:38:42,공기밥,1,1000
2026-07-07 20:53:39,불고기 정식,1,13000
2026-07-08 11:29:35,된장찌개(1인),1,9000
2026-07-08 11:29:35,아메리카노(ICE),1,2000
2026-07-08 11:29:35,김치찌개(1인),1,9000
2026-07-08 11:36:30,김치찌개(2인),1,17000
2026-07-08 11:36:30,김치찌개(1인),1,9000
2026-07-08 11:36:30,순두부찌개,1,9500
2026-07-08 11:37:47,제육볶음,1,11000
2026-07-08 11:37:47,계란말이,2,14000
2026-07-08 11:37:55,불고기 정식,1,13000
2026-07-08 11:43:39,김치찌개(1인),1,9000
2026-07-08 11:52:34,비빔밥,2,18000
2026-07-08 11:52:34,아메리카노(HOT),1,2000
2026-07-08 11:52:34,김치찌개(1인),1,9000
2026-07-08 11:54:52,콜라,1,2000
2026-07-08 11:54:52,김치찌개(1인),1,9000
2026-07-08 11:55:45,순두부찌개,2,19000
2026-07-08 11:55:45,콜라,1,2000
2026-07-08 11:55:45,순두부찌개,2,19000
2026-07-08 11:59:48,김치찌개(1인),1,9000
2026-07-08 12:05:09,불고기 정식,1,13000
2026-07-08 12:12:19,공기밥,1,1000
2026-07-08 12:12:55,순두부찌개,1,9500
2026-07-08 12:14:05,김치찌개(1인),1,9000
2026-07-08 12:14:05,공기밥,1,1000
2026-07-08 12:16:04,김치찌개(1인),1,9000
2026-07-08 12:16:04,계란말이,1,7000
2026-07-08 12:16:17,아메리카노(ICE),1,2000
2026-07-08 12:20:45,아메리카노(ICE),1,2000
2026-07-08 12:23:34,된장찌개(1인),1,9000
2026-07-08 12:31:39,김치찌개(1인),1,9000
2026-07-08 12:33:53,갈비탕,1,13000
2026-07-08 12:33:53,김치찌개(1인),2,18000
2026-07-08 12:34:25,순두부찌개,1,9500
2026-07-08 12:34:25,공기밥,2,2000
2026-07-08 12:34:25,비빔밥,1,9000
2026-07-08 12:38:42,비빔밥,1,9000
2026-07-08 12:46:45,공기밥,1,1000
2026-07-08 12:51:49,아메리카노(ICE),1,2000
2026-07-08 12:51:49,김치찌개(2인),1,17000
2026-07-08 12:51:49,아메리카노(ICE),1,2000
2026-07-08 12:51:49,김치찌개(1인),2,18000
2026-07-08 12:52:45,계란말이,1,7000
2026-07-08 12:52:45,콜라,1,2000
2026-07-08 13:06:49,순두부찌개,1,9500
2026-07-08 13:10:20,김치찌개(1인),1,9000
2026-07-08 13:23:34,순두부찌개,1,9500
2026-07-08 13:29:23,아메리카노(ICE),1,2000
2026-07-08 17:51:41,갈비탕,1,13000
2026-07-08 17:51:41,콜라,2,4000
2026-07-08 17:55:13,계란말이,1,7000
2026-07-08 18:07:03,된장찌개(1인),1,9000
2026-07-08 18:08:06,김치찌개(1인),1,9000
2026-07-08 18:08:06,계란말이,1,7000
2026-07-08 18:23:06,된장찌개(1인),1,9000
2026-07-08 18:23:06,계란말이,1,7000
2026-07-08 18:23:06,갈비탕,1,13000
2026-07-08 18:23:55,계란말이,1,7000
2026-07-08 18:23:55,계란말이,1,7000
2026-07-08 18:26:38,갈비탕,1,13000
2026-07-08 18:26:38,콜라,1,2000
2026-07-08 18:45:01,비빔밥,1,9000
2026-07-08 18:48:16,공기밥,2,2000
2026-07-08 18:59:29,된장찌개(1인),1,9000
2026-07-08 18:59:29,김치찌개(2인),1,17000
2026-07-08 19:01:59,공기밥,1,1000
2026-07-08 19:02:52,김치찌개(2인),1,17000
2026-07-08 19:02:52,불고기 정식,1,13000
2026-07-08 19:02:52,공기밥,1,1000
2026-07-08 19:04:13,계란말이,1,7000
2026-07-08 19:06:55,갈비탕,1,13000
2026-07-08 19:06:55,김치찌개(1인),1,9000
2026-07-08 19:08:38,공기밥,1,1000
2026-07-08 19:08:38,순두부찌개,1,9500
2026-07-08 19:08:38,계란말이,1,7000
2026-07-08 19:14:38,계절한정 냉면,1,10000
2026-07-08 19:14:57,김치찌개(1인),1,9000
2026-07-08 19:15:24,갈비탕,1,13000
2026-07-08 19:15:24,콜라,2,4000
2026-07-08 19:15:24,공기밥,2,2000
2026-07-08 19:18:39,불고기 정식,1,13000
2026-07-08 19:19:57,공기밥,1,1000
2026-07-08 19:19:57,계란말이,1,7000
2026-07-08 19:22:17,제육볶음,1,11000
2026-07-08 19:37:00,순두부찌개,1,9500
2026-07-08 19:42:33,순두부찌개,1,9500
2026-07-08 19:42:33,공기밥,1,1000
2026-07-08 19:58:49,비빔밥,1,9000
2026-07-08 20:00:52,김치찌개(1인),1,9000
2026-07-08 20:00:52,갈비탕,2,26000
2026-07-08 20:04:36,순두부찌개,1,9500
2026-07-08 20:04:36,갈비탕,1,13000
2026-07-08 20:04:36,제육볶음,1,11000
2026-07-08 20:05:11,갈비탕,1,13000
2026-07-08 20:05:11,공기밥,1,1000
2026-07-08 20:16:02,불고기 정식,1,13000
2026-07-08 20:16:02,김치찌개(1인),1,9000
2026-07-08 20:16:02,계란말이,1,7000
2026-07-08 20:20:11,갈비탕,1,13000
2026-07-08 20:37:54,불고기 정식,1,13000
2026-07-09 11:33:06,순두부찌개,1,9500
2026-07-09 11:33:06,불고기 정식,1,13000
2026-07-09 11:33:06,갈비탕,1,13000
2026-07-09 11:33:28,제육볶음,2,22000
2026-07-09 11:52:43,김치찌개(1인),1,9000
2026-07-09 11:57:01,비빔밥,1,9000
2026-07-09 11:57:01,순두부찌개,1,9500
2026-07-09 11:57:01,된장찌개(1인),1,9000
2026-07-09 11:59:39,제육볶음,2,22000
2026-07-09 11:59:39,김치찌개(2인),1,17000
2026-07-09 12:02:24,순두부찌개,2,19000
2026-07-09 12:06:48,아메리카노(ICE),1,2000
2026-07-09 12:06:55,김치찌개(2인),1,17000
2026-07-09 12:06:55,갈비탕,1,13000
2026-07-09 12:07:46,제육볶음,1,11000
2026-07-09 12:07:46,공기밥,2,2000
2026-07-09 12:10:09,계절한정 냉면,1,10000
2026-07-09 12:10:09,제육볶음,1,11000
2026-07-09 12:10:09,제육볶음,1,11000
2026-07-09 12:11:53,비빔밥,1,9000
2026-07-09 12:12:11,콜라,1,2000
2026-07-09 12:13:37,갈비탕,1,13000
2026-07-09 12:13:37,제육볶음,1,11000
2026-07-09 12:14:50,김치찌개(1인),1,9000
2026-07-09 12:14:50,된장찌개(1인),1,9000
2026-07-09 12:16:21,된장찌개(1인),2,18000
2026-07-09 12:19:21,아메리카노(ICE),1,2000
2026-07-09 12:19:21,불고기 정식,2,26000
2026-07-09 12:19:21,순두부찌개,1,9500
2026-07-09 12:19:40,김치찌개(1인),2,18000
2026-07-09 12:19:40,된장찌개(1인),1,9000
2026-07-09 12:19:40,갈비탕,1,13000
2026-07-09 12:21:52,갈비탕,1,13000
2026-07-09 12:21:52,공기밥,1,1000
2026-07-09 12:21:52,불고기 정식,1,13000
2026-07-09 12:23:21,갈비탕,1,13000
2026-07-09 12:23:21,순두부찌개,1,9500
2026-07-09 12:24:52,김치찌개(2인),2,34000
2026-07-09 12:24:52,계란말이,1,7000
2026-07-09 12:25:59,비빔밥,1,9000
2026-07-09 12:25:59,불고기 정식,1,13000
2026-07-09 12:34:53,불고기 정식,1,13000
2026-07-09 12:34:53,아메리카노(ICE),1,2000
2026-07-09 12:37:09,아메리카노(HOT),2,4000
2026-07-09 12:37:09,제육볶음,1,11000
2026-07-09 12:37:22,아메리카노(HOT),2,4000
2026-07-09 12:37:22,제육볶음,1,11000
2026-07-09 12:37:22,김치찌개(2인),2,34000
2026-07-09 12:44:39,된장찌개(1인),1,9000
2026-07-09 12:44:39,아메리카노(ICE),2,4000
2026-07-09 12:44:39,갈비탕,2,26000
2026-07-09 12:45:54,김치찌개(2인),2,34000
2026-07-09 12:45:54,된장찌개(1인),1,9000
2026-07-09 12:45:54,순두부찌개,1,9500
2026-07-09 12:46:51,비빔밥,1,9000
2026-07-09 12:46:51,비빔밥,1,9000
2026-07-09 12:47:54,아메리카노(ICE),1,2000
2026-07-09 12:47:54,계란말이,1,7000
2026-07-09 12:54:52,계란말이,1,7000
2026-07-09 12:54:52,김치찌개(1인),1,9000
2026-07-09 12:57:25,계절한정 냉면,2,20000
2026-07-09 12:57:25,된장찌개(1인),1,9000
2026-07-09 13:05:35,순두부찌개,1,9500
2026-07-09 13:05:35,김치찌개(1인),2,18000
2026-07-09 13:07:11,아메리카노(HOT),1,2000
2026-07-09 13:07:11,갈비탕,1,13000
2026-07-09 13:07:11,김치찌개(1인),1,9000
2026-07-09 13:08:57,갈비탕,1,13000
2026-07-09 13:12:16,아메리카노(ICE),2,4000
2026-07-09 13:12:16,콜라,2,4000
2026-07-09 13:17:47,아메리카노(ICE),2,4000
2026-07-09 13:17:47,비빔밥,1,9000
2026-07-09 13:18:33,제육볶음,1,11000
2026-07-09 13:18:33,김치찌개(1인),1,9000
2026-07-09 13:18:57,불고기 정식,2,26000
2026-07-09 13:18:57,김치찌개(2인),1,17000
2026-07-09 13:18:57,제육볶음,1,11000
2026-07-09 13:33:09,계절한정 냉면,1,10000
2026-07-09 13:40:23,불고기 정식,1,13000
2026-07-09 18:00:01,불고기 정식,1,13000
2026-07-09 18:01:00,불고기 정식,1,13000
2026-07-09 18:01:00,갈비탕,1,13000
2026-07-09 18:07:15,계란말이,1,7000
2026-07-09 18:08:19,계절한정 냉면,2,20000
2026-07-09 18:08:19,계란말이,2,14000
2026-07-09 18:20:39,순두부찌개,1,9500
2026-07-09 18:20:39,제육볶음,1,11000
2026-07-09 18:20:39,제육볶음,1,11000
2026-07-09 18:24:46,공기밥,2,2000
2026-07-09 18:26:04,제육볶음,1,11000
2026-07-09 18:26:04,제육볶음,1,11000
2026-07-09 18:43:59,공기밥,1,1000
2026-07-09 18:43:59,불고기 정식,1,13000
2026-07-09 18:43:59,된장찌개(1인),2,18000
2026-07-09 18:52:18,불고기 정식,1,13000
2026-07-09 18:55:13,김치찌개(2인),1,17000
2026-07-09 18:56:30,불고기 정식,1,13000
2026-07-09 18:56:30,공기밥,2,2000
2026-07-09 18:57:09,제육볶음,1,11000
2026-07-09 19:01:32,된장찌개(1인),1,9000
2026-07-09 19:05:19,김치찌개(1인),1,9000
2026-07-09 19:05:19,김치찌개(2인),1,17000
2026-07-09 19:08:42,순두부찌개,1,9500
2026-07-09 19:08:42,김치찌개(1인),2,18000
2026-07-09 19:10:21,김치찌개(2인),1,17000
2026-07-09 19:10:21,콜라,2,4000
2026-07-09 19:11:04,계란말이,1,7000
2026-07-09 19:11:04,제육볶음,1,11000
2026-07-09 19:11:04,갈비탕,2,26000
2026-07-09 19:20:42,제육볶음,2,22000
2026-07-09 19:20:42,계절한정 냉면,1,10000
2026-07-09 19:20:55,공기밥,1,1000
2026-07-09 19:27:44,계란말이,1,7000
2026-07-09 19:43:12,계란말이,2,14000
2026-07-09 19:43:12,된장찌개(1인),1,9000
2026-07-09 19:45:24,콜라,1,2000
2026-07-09 19:45:24,갈비탕,1,13000
2026-07-09 19:45:24,된장찌개(1인),1,9000
2026-07-09 19:53:41,공기밥,1,1000
2026-07-09 19:53:41,순두부찌개,1,9500
2026-07-09 20:06:05,김치찌개(2인),1,17000
2026-07-09 20:38:03,제육볶음,1,11000
2026-07-09 20:39:37,비빔밥,1,9000
2026-07-09 20:39:37,순두부찌개,1,9500
2026-07-09 20:44:32,공기밥,1,1000
2026-07-09 20:46:44,비빔밥,2,18000
2026-07-10 11:32:26,제육볶음,1,11000
2026-07-10 11:35:01,김치찌개(1인),1,9000
2026-07-10 11:35:01,제육볶음,1,11000
2026-07-10 11:38:27,계란말이,1,7000
2026-07-10 11:38:27,제육볶음,1,11000
2026-07-10 11:38:27,콜라,1,2000
2026-07-10 11:48:17,아메리카노(ICE),1,2000
2026-07-10 11:48:17,된장찌개(1인),1,9000
2026-07-10 11:51:34,계절한정 냉면,2,20000
2026-07-10 11:51:53,김치찌개(2인),2,34000
2026-07-10 11:51:53,계란말이,1,7000
2026-07-10 11:53:17,계절한정 냉면,1,10000
2026-07-10 11:53:17,계절한정 냉면,1,10000
2026-07-10 11:53:49,불고기 정식,1,13000
2026-07-10 11:53:49,제육볶음,1,11000
2026-07-10 11:58:54,순두부찌개,1,9500
2026-07-10 11:59:59,김치찌개(1인),1,9000
2026-07-10 12:00:10,김치찌개(1인),1,9000
2026-07-10 12:08:07,김치찌개(1인),2,18000
2026-07-10 12:08:07,아메리카노(ICE),1,2000
2026-07-10 12:08:07,비빔밥,1,9000
2026-07-10 12:12:34,아메리카노(ICE),1,2000
2026-07-10 12:13:14,아메리카노(ICE),1,2000
2026-07-10 12:13:14,김치찌개(1인),1,9000
2026-07-10 12:14:01,아메리카노(ICE),1,2000
2026-07-10 12:15:55,아메리카노(ICE),2,4000
2026-07-10 12:15:55,김치찌개(2인),2,34000
2026-07-10 12:18:35,김치찌개(1인),1,9000
2026-07-10 12:23:54,공기밥,1,1000
2026-07-10 12:23:54,김치찌개(1인),1,9000
2026-07-10 12:26:41,비빔밥,2,18000
2026-07-10 12:26:41,계절한정 냉면,1,10000
2026-07-10 12:28:41,비빔밥,1,9000
2026-07-10 12:28:41,된장찌개(1인),1,9000
2026-07-10 12:28:41,된장찌개(1인),2,18000
2026-07-10 12:30:55,순두부찌개,2,19000
2026-07-10 12:30:55,된장찌개(1인),2,18000
2026-07-10 12:30:55,김치찌개(2인),1,17000
2026-07-10 12:33:29,비빔밥,1,9000
2026-07-10 12:40:23,김치찌개(1인),1,9000
2026-07-10 12:40:23,계절한정 냉면,1,10000
2026-07-10 12:43:53,불고기 정식,1,13000
2026-07-10 12:43:53,계란말이,1,7000
2026-07-10 12:44:26,된장찌개(1인),1,9000
2026-07-10 12:44:26,아메리카노(ICE),1,2000
2026-07-10 12:44:26,갈비탕,1,13000
2026-07-10 12:44:48,계란말이,1,7000
2026-07-10 12:46:03,콜라,2,4000
2026-07-10 12:46:03,공기밥,1,1000
2026-07-10 12:46:03,제육볶음,1,11000
2026-07-10 12:55:53,아메리카노(ICE),2,4000
2026-07-10 12:55:53,공기밥,1,1000
2026-07-10 12:55:53,아메리카노(HOT),1,2000
2026-07-10 12:56:15,제육볶음,1,11000
2026-07-10 12:56:41,아메리카노(ICE),1,2000
2026-07-10 12:56:41,된장찌개(1인),1,9000
2026-07-10 12:59:59,비빔밥,2,18000
2026-07-10 12:59:59,순두부찌개,1,9500
2026-07-10 13:04:47,아메리카노(ICE),1,2000
2026-07-10 13:04:47,공기밥,1,1000
2026-07-10 13:04:47,된장찌개(1인),2,18000
2026-07-10 13:06:37,김치찌개(2인),1,17000
2026-07-10 13:09:12,제육볶음,2,22000
2026-07-10 13:09:12,공기밥,1,1000
2026-07-10 13:09:29,된장찌개(1인),1,9000
2026-07-10 13:09:29,공기밥,2,2000
2026-07-10 13:09:29,비빔밥,1,9000
2026-07-10 13:13:22,김치찌개(1인),2,18000
2026-07-10 13:13:22,비빔밥,1,9000
2026-07-10 13:13:22,제육볶음,1,11000
2026-07-10 13:13:41,된장찌개(1인),2,18000
2026-07-10 13:13:41,아메리카노(ICE),1,2000
2026-07-10 13:29:29,불고기 정식,1,13000
2026-07-10 13:29:29,비빔밥,1,9000
2026-07-10 13:29:29,김치찌개(1인),1,9000
2026-07-10 13:29:53,불고기 정식,2,26000
2026-07-10 13:29:53,갈비탕,2,26000
2026-07-10 17:49:05,갈비탕,2,26000
2026-07-10 18:01:29,공기밥,1,1000
2026-07-10 18:04:53,공기밥,2,2000
2026-07-10 18:04:53,제육볶음,2,22000
2026-07-10 18:06:40,갈비탕,1,13000
2026-07-10 18:08:20,불고기 정식,1,13000
2026-07-10 18:08:20,갈비탕,1,13000
2026-07-10 18:11:26,김치찌개(1인),1,9000
2026-07-10 18:11:26,공기밥,1,1000
2026-07-10 18:21:15,갈비탕,1,13000
2026-07-10 18:21:15,계란말이,2,14000
2026-07-10 18:21:39,비빔밥,1,9000
2026-07-10 18:21:39,순두부찌개,1,9500
2026-07-10 18:22:57,계란말이,1,7000
2026-07-10 18:22:57,제육볶음,2,22000
2026-07-10 18:31:02,김치찌개(1인),1,9000
2026-07-10 18:31:02,불고기 정식,1,13000
2026-07-10 18:37:07,제육볶음,1,11000
2026-07-10 18:37:07,비빔밥,1,9000
2026-07-10 18:39:15,계란말이,1,7000
2026-07-10 18:41:53,비빔밥,1,9000
2026-07-10 18:44:52,제육볶음,1,11000
2026-07-10 18:44:52,제육볶음,2,22000
2026-07-10 18:54:13,된장찌개(1인),1,9000
2026-07-10 18:55:17,아메리카노(HOT),2,4000
2026-07-10 18:55:39,계란말이,1,7000
2026-07-10 18:58:34,계란말이,1,7000
2026-07-10 19:03:18,김치찌개(2인),1,17000
2026-07-10 19:03:18,계란말이,1,7000
2026-07-10 19:05:43,계란말이,1,7000
2026-07-10 19:06:33,된장찌개(1인),1,9000
2026-07-10 19:06:33,제육볶음,1,11000
2026-07-10 19:20:12,계절한정 냉면,1,10000
2026-07-10 19:20:12,콜라,1,2000
2026-07-10 19:24:29,김치찌개(2인),1,17000
2026-07-10 19:24:29,순두부찌개,1,9500
2026-07-10 19:28:47,계란말이,1,7000
2026-07-10 19:39:32,김치찌개(1인),1,9000
2026-07-10 19:39:32,공기밥,1,1000
2026-07-10 19:41:19,계란말이,1,7000
2026-07-10 19:49:44,김치찌개(1인),2,18000
2026-07-10 19:49:44,계란말이,1,7000
2026-07-10 19:56:14,계절한정 냉면,1,10000
2026-07-10 19:56:14,김치찌개(2인),1,17000
2026-07-10 20:44:37,계란말이,2,14000
2026-07-10 20:44:37,공기밥,1,1000
2026-07-10 20:45:29,된장찌개(1인),1,9000
2026-07-10 20:45:29,갈비탕,1,13000
2026-07-11 11:34:21,된장찌개(1인),1,9000
2026-07-11 11:34:21,비빔밥,2,18000
2026-07-11 11:35:30,아메리카노(HOT),2,4000
2026-07-11 11:35:30,된장찌개(1인),1,9000
2026-07-11 11:36:55,공기밥,1,1000
2026-07-11 11:36:55,제육볶음,1,11000
2026-07-11 11:42:11,아메리카노(HOT),1,2000
2026-07-11 11:53:20,계절한정 냉면,1,10000
2026-07-11 11:53:56,비빔밥,2,18000
2026-07-11 11:53:56,제육볶음,1,11000
2026-07-11 12:01:04,갈비탕,2,26000
2026-07-11 12:04:32,계란말이,1,7000
2026-07-11 12:04:32,아메리카노(HOT),2,4000
2026-07-11 12:11:00,공기밥,1,1000
2026-07-11 12:11:20,계절한정 냉면,1,10000
2026-07-11 12:11:20,불고기 정식,1,13000
2026-07-11 12:11:37,아메리카노(HOT),1,2000
2026-07-11 12:15:01,제육볶음,1,11000
2026-07-11 12:20:22,공기밥,1,1000
2026-07-11 12:20:22,김치찌개(1인),1,9000
2026-07-11 12:20:22,아메리카노(HOT),1,2000
2026-07-11 12:28:09,비빔밥,1,9000
2026-07-11 12:28:22,불고기 정식,1,13000
2026-07-11 12:28:22,순두부찌개,2,19000
2026-07-11 12:30:59,순두부찌개,2,19000
2026-07-11 12:39:08,김치찌개(1인),1,9000
2026-07-11 12:39:08,아메리카노(HOT),2,4000
2026-07-11 12:40:41,아메리카노(ICE),1,2000
2026-07-11 12:40:41,김치찌개(1인),1,9000
2026-07-11 12:40:41,된장찌개(1인),1,9000
2026-07-11 12:41:22,순두부찌개,1,9500
2026-07-11 12:42:45,공기밥,2,2000
2026-07-11 12:44:41,공기밥,2,2000
2026-07-11 12:54:31,순두부찌개,1,9500
2026-07-11 12:54:31,제육볶음,1,11000
2026-07-11 12:54:31,아메리카노(HOT),2,4000
2026-07-11 13:06:16,김치찌개(1인),2,18000
2026-07-11 13:14:18,김치찌개(1인),1,9000
2026-07-11 13:14:18,공기밥,1,1000
2026-07-11 17:40:26,콜라,1,2000
2026-07-11 17:40:26,갈비탕,1,13000
2026-07-11 17:40:26,된장찌개(1인),1,9000
2026-07-11 18:03:20,콜라,2,4000
2026-07-11 18:03:20,김치찌개(2인),1,17000
2026-07-11 18:03:20,비빔밥,2,18000
2026-07-11 18:07:13,콜라,1,2000
2026-07-11 18:07:13,불고기 정식,1,13000
2026-07-11 18:10:56,갈비탕,1,13000
2026-07-11 18:10:56,김치찌개(2인),1,17000
2026-07-11 18:10:56,콜라,1,2000
2026-07-11 18:24:55,김치찌개(1인),1,9000
2026-07-11 18:24:55,된장찌개(1인),1,9000
2026-07-11 18:27:35,김치찌개(2인),1,17000
2026-07-11 18:27:35,갈비탕,1,13000
2026-07-11 18:27:35,갈비탕,1,13000
2026-07-11 18:30:12,제육볶음,1,11000
2026-07-11 18:33:31,계절한정 냉면,1,10000
2026-07-11 18:33:31,계란말이,1,7000
2026-07-11 18:46:50,불고기 정식,2,26000
2026-07-11 18:46:50,김치찌개(1인),1,9000
2026-07-11 18:49:05,순두부찌개,1,9500
2026-07-11 18:49:05,갈비탕,2,26000
2026-07-11 18:49:05,제육볶음,1,11000
2026-07-11 18:51:39,김치찌개(2인),1,17000
2026-07-11 18:51:39,김치찌개(1인),2,18000
2026-07-11 18:51:46,김치찌개(1인),1,9000
2026-07-11 18:51:46,공기밥,1,1000
2026-07-11 18:52:19,비빔밥,1,9000
2026-07-11 18:52:19,제육볶음,1,11000
2026-07-11 18:53:55,계란말이,1,7000
2026-07-11 18:53:55,불고기 정식,1,13000
2026-07-11 18:54:51,김치찌개(2인),1,17000
2026-07-11 18:56:39,순두부찌개,1,9500
2026-07-11 19:00:15,공기밥,2,2000
2026-07-11 19:01:34,비빔밥,1,9000
2026-07-11 19:04:14,김치찌개(2인),1,17000
2026-07-11 19:09:34,콜라,1,2000
2026-07-11 19:09:34,콜라,2,4000
2026-07-11 19:15:14,공기밥,1,1000
2026-07-11 19:15:14,공기밥,1,1000
2026-07-11 19:15:14,불고기 정식,1,13000
2026-07-11 19:17:31,된장찌개(1인),2,18000
2026-07-11 19:17:31,된장찌개(1인),1,9000
2026-07-11 19:29:00,공기밥,1,1000
2026-07-11 19:29:00,콜라,1,2000
2026-07-11 19:29:00,갈비탕,1,13000
2026-07-11 19:33:00,김치찌개(2인),1,17000
2026-07-11 19:33:00,불고기 정식,1,13000
2026-07-11 19:34:27,제육볶음,1,11000
2026-07-11 19:34:27,계절한정 냉면,1,10000
2026-07-11 19:36:11,김치찌개(2인),1,17000
2026-07-11 19:36:11,불고기 정식,1,13000
2026-07-11 19:45:47,제육볶음,1,11000
2026-07-11 19:45:47,제육볶음,1,11000
2026-07-11 19:45:47,김치찌개(2인),2,34000
2026-07-11 19:52:24,공기밥,1,1000
2026-07-11 19:52:24,제육볶음,1,11000
2026-07-11 19:52:30,불고기 정식,1,13000
2026-07-11 19:52:30,김치찌개(1인),1,9000
2026-07-11 19:53:35,김치찌개(2인),2,34000
2026-07-11 19:53:35,계란말이,1,7000
2026-07-11 19:53:35,김치찌개(1인),1,9000
2026-07-11 20:20:35,계란말이,1,7000
2026-07-11 20:20:35,제육볶음,1,11000
2026-07-11 20:21:34,된장찌개(1인),1,9000
2026-07-11 20:34:55,계란말이,1,7000
2026-07-12 11:31:00,갈비탕,1,13000
2026-07-12 11:57:12,불고기 정식,1,13000
2026-07-12 11:57:12,비빔밥,1,9000
2026-07-12 12:02:48,아메리카노(ICE),2,4000
2026-07-12 12:02:48,김치찌개(1인),1,9000
2026-07-12 12:12:42,김치찌개(1인),1,9000
2026-07-12 12:12:42,불고기 정식,1,13000
2026-07-12 12:17:21,김치찌개(2인),1,17000
2026-07-12 12:17:21,김치찌개(1인),1,9000
2026-07-12 12:17:21,순두부찌개,1,9500
2026-07-12 12:20:09,아메리카노(HOT),2,4000
2026-07-12 12:20:09,김치찌개(1인),1,9000
2026-07-12 12:20:50,김치찌개(2인),2,34000
2026-07-12 12:20:50,순두부찌개,1,9500
2026-07-12 12:26:21,김치찌개(1인),1,9000
2026-07-12 12:36:51,제육볶음,1,11000
2026-07-12 12:36:51,공기밥,1,1000
2026-07-12 12:36:51,순두부찌개,1,9500
2026-07-12 12:39:37,갈비탕,2,26000
2026-07-12 12:44:44,제육볶음,1,11000
2026-07-12 12:45:09,불고기 정식,1,13000
2026-07-12 12:45:09,김치찌개(1인),1,9000
2026-07-12 12:46:35,아메리카노(HOT),1,2000
2026-07-12 12:47:50,갈비탕,2,26000
2026-07-12 12:53:25,김치찌개(1인),1,9000
2026-07-12 12:55:09,불고기 정식,1,13000
2026-07-12 13:09:11,김치찌개(2인),1,17000
2026-07-12 13:09:11,아메리카노(ICE),1,2000
2026-07-12 13:14:09,공기밥,1,1000
2026-07-12 13:17:12,계절한정 냉면,1,10000
2026-07-12 17:42:04,아메리카노(ICE),1,2000
2026-07-12 17:47:24,갈비탕,1,13000
2026-07-12 17:56:11,비빔밥,1,9000
2026-07-12 17:56:11,김치찌개(1인),1,9000
2026-07-12 18:04:50,김치찌개(1인),1,9000
2026-07-12 18:10:28,제육볶음,1,11000
2026-07-12 18:10:28,계란말이,1,7000
2026-07-12 18:21:40,아메리카노(ICE),1,2000
2026-07-12 18:21:40,불고기 정식,2,26000
2026-07-12 18:32:43,김치찌개(2인),1,17000
2026-07-12 18:32:43,된장찌개(1인),1,9000
2026-07-12 18:41:15,김치찌개(2인),2,34000
2026-07-12 18:41:15,비빔밥,1,9000
2026-07-12 18:41:15,비빔밥,1,9000
2026-07-12 18:42:35,갈비탕,1,13000
2026-07-12 18:42:35,계란말이,1,7000
2026-07-12 18:42:35,비빔밥,2,18000
2026-07-12 18:55:52,순두부찌개,2,19000
2026-07-12 18:57:39,갈비탕,1,13000
2026-07-12 18:57:52,아메리카노(ICE),2,4000
2026-07-12 18:57:52,갈비탕,2,26000
2026-07-12 19:00:18,제육볶음,1,11000
2026-07-12 19:00:18,김치찌개(1인),1,9000
2026-07-12 19:00:25,갈비탕,2,26000
2026-07-12 19:00:25,불고기 정식,1,13000
2026-07-12 19:14:46,계란말이,1,7000
2026-07-12 19:17:55,불고기 정식,2,26000
2026-07-12 19:18:12,김치찌개(2인),1,17000
2026-07-12 19:27:34,불고기 정식,1,13000
2026-07-12 19:27:59,제육볶음,1,11000
2026-07-12 19:27:59,콜라,2,4000
2026-07-12 19:28:54,순두부찌개,2,19000
2026-07-12 19:28:54,순두부찌개,1,9500
2026-07-12 19:28:54,김치찌개(1인),1,9000
2026-07-12 19:38:34,공기밥,2,2000
2026-07-12 19:38:34,공기밥,1,1000
2026-07-12 19:38:34,불고기 정식,1,13000
2026-07-12 19:42:04,된장찌개(1인),1,9000
2026-07-12 19:44:19,된장찌개(1인),1,9000
2026-07-12 19:44:19,계절한정 냉면,1,10000
2026-07-12 19:44:19,순두부찌개,1,9500
2026-07-12 19:44:47,제육볶음,1,11000
2026-07-12 19:50:01,공기밥,2,2000
2026-07-12 19:50:01,계란말이,1,7000
2026-07-12 19:51:10,제육볶음,1,11000
2026-07-12 19:51:10,김치찌개(2인),1,17000
2026-07-12 19:51:10,김치찌개(1인),1,9000
2026-07-12 20:02:16,불고기 정식,2,26000
2026-07-12 20:02:16,김치찌개(1인),1,9000
2026-07-12 20:05:20,계란말이,1,7000
2026-07-12 20:05:34,불고기 정식,1,13000
2026-07-12 20:05:34,순두부찌개,1,9500
2026-07-12 20:07:15,제육볶음,2,22000
2026-07-12 20:13:15,비빔밥,1,9000
2026-07-12 20:14:02,김치찌개(2인),1,17000
2026-07-12 20:21:39,된장찌개(1인),1,9000
2026-07-12 20:26:38,된장찌개(1인),1,9000
2026-07-12 20:26:38,제육볶음,1,11000
2026-07-12 20:34:01,제육볶음,1,11000
2026-07-12 20:42:10,콜라,2,4000
2026-07-13 11:45:51,김치찌개(1인),1,9000
2026-07-13 11:45:51,비빔밥,1,9000
2026-07-13 11:46:21,아메리카노(HOT),2,4000
2026-07-13 11:46:21,콜라,1,2000
2026-07-13 11:46:21,순두부찌개,1,9500
2026-07-13 11:49:07,불고기 정식,1,13000
2026-07-13 11:58:01,공기밥,2,2000
2026-07-13 11:59:38,김치찌개(1인),1,9000
2026-07-13 11:59:38,순두부찌개,1,9500
2026-07-13 12:00:47,불고기 정식,2,26000
2026-07-13 12:06:51,순두부찌개,1,9500
2026-07-13 12:08:14,김치찌개(1인),1,9000
2026-07-13 12:08:14,공기밥,1,1000
2026-07-13 12:08:33,공기밥,1,1000
2026-07-13 12:09:12,김치찌개(2인),1,17000
2026-07-13 12:09:24,제육볶음,1,11000
2026-07-13 12:09:24,계절한정 냉면,1,10000
2026-07-13 12:09:24,아메리카노(ICE),1,2000
2026-07-13 12:10:16,비빔밥,2,18000
2026-07-13 12:10:16,김치찌개(2인),1,17000
2026-07-13 12:10:23,불고기 정식,1,13000
2026-07-13 12:10:23,김치찌개(1인),1,9000
2026-07-13 12:10:23,된장찌개(1인),1,9000
2026-07-13 12:16:26,비빔밥,1,9000
2026-07-13 12:16:26,불고기 정식,1,13000
2026-07-13 12:16:26,된장찌개(1인),1,9000
2026-07-13 12:22:00,공기밥,2,2000
2026-07-13 12:22:00,순두부찌개,1,9500
2026-07-13 12:22:24,김치찌개(1인),1,9000
2026-07-13 12:22:24,김치찌개(1인),1,9000
2026-07-13 12:22:43,김치찌개(1인),2,18000
2026-07-13 12:22:43,순두부찌개,2,19000
2026-07-13 12:29:37,김치찌개(1인),1,9000
2026-07-13 12:29:37,김치찌개(1인),1,9000
2026-07-13 12:31:44,순두부찌개,1,9500
2026-07-13 12:32:49,제육볶음,1,11000
2026-07-13 12:41:47,계란말이,1,7000
2026-07-13 12:41:47,김치찌개(1인),2,18000
2026-07-13 12:41:57,계절한정 냉면,2,20000
2026-07-13 12:43:38,김치찌개(2인),1,17000
2026-07-13 12:44:39,김치찌개(2인),1,17000
2026-07-13 12:44:39,아메리카노(ICE),2,4000
2026-07-13 12:48:54,비빔밥,1,9000
2026-07-13 12:52:00,김치찌개(1인),1,9000
2026-07-13 12:52:00,아메리카노(ICE),1,2000
2026-07-13 12:54:11,공기밥,1,1000
2026-07-13 12:54:11,제육볶음,1,11000
2026-07-13 12:55:31,제육볶음,1,11000
2026-07-13 12:55:31,계란말이,1,7000
2026-07-13 12:56:25,순두부찌개,1,9500
2026-07-13 13:05:12,김치찌개(1인),1,9000
2026-07-13 13:05:12,계절한정 냉면,1,10000
2026-07-13 13:05:12,계란말이,2,14000
2026-07-13 13:05:44,된장찌개(1인),1,9000
2026-07-13 13:12:38,갈비탕,1,13000
2026-07-13 13:15:16,된장찌개(1인),1,9000
2026-07-13 13:17:05,아메리카노(ICE),2,4000
2026-07-13 13:20:27,제육볶음,1,11000
2026-07-13 13:20:27,불고기 정식,1,13000
2026-07-13 13:20:27,계란말이,1,7000
2026-07-13 13:28:39,김치찌개(1인),1,9000
2026-07-13 13:44:37,계절한정 냉면,1,10000
2026-07-13 17:36:04,콜라,1,2000
2026-07-13 17:36:04,김치찌개(2인),1,17000
2026-07-13 17:36:04,공기밥,1,1000
2026-07-13 18:05:18,콜라,1,2000
2026-07-13 18:05:18,제육볶음,1,11000
2026-07-13 18:26:50,제육볶음,1,11000
2026-07-13 18:26:50,김치찌개(1인),1,9000
2026-07-13 18:34:52,공기밥,2,2000
2026-07-13 18:38:21,비빔밥,2,18000
2026-07-13 18:41:28,계란말이,2,14000
2026-07-13 19:03:14,김치찌개(1인),1,9000
2026-07-13 19:13:59,불고기 정식,1,13000
2026-07-13 19:13:59,갈비탕,1,13000
2026-07-13 19:19:47,김치찌개(1인),1,9000
2026-07-13 19:19:47,불고기 정식,1,13000
2026-07-13 19:26:32,제육볶음,1,11000
2026-07-13 19:32:22,불고기 정식,1,13000
2026-07-13 19:38:11,불고기 정식,1,13000
2026-07-13 19:38:11,비빔밥,1,9000
2026-07-13 19:39:59,불고기 정식,1,13000
2026-07-13 19:42:33,계절한정 냉면,1,10000
2026-07-13 19:42:33,김치찌개(2인),1,17000
2026-07-13 19:42:33,불고기 정식,1,13000
2026-07-13 19:43:13,된장찌개(1인),1,9000
2026-07-13 19:43:13,계란말이,1,7000
2026-07-13 19:44:50,아메리카노(HOT),2,4000
2026-07-13 20:23:39,아메리카노(HOT),2,4000
2026-07-13 20:23:39,공기밥,1,1000
2026-07-13 20:37:08,콜라,1,2000
2026-07-13 20:45:23,불고기 정식,1,13000
2026-07-13 20:45:23,김치찌개(1인),1,9000
2026-07-13 20:53:49,김치찌개(1인),1,9000
2026-07-14 11:25:01,된장찌개(1인),1,9000
2026-07-14 11:43:39,김치찌개(1인),1,9000
2026-07-14 11:43:39,비빔밥,1,9000
2026-07-14 11:49:04,계절한정 냉면,1,10000
2026-07-14 11:50:40,갈비탕,1,13000
2026-07-14 11:50:40,순두부찌개,1,9500
2026-07-14 11:50:40,된장찌개(1인),2,18000
2026-07-14 11:54:40,비빔밥,1,9000
2026-07-14 11:55:31,불고기 정식,1,13000
2026-07-14 11:55:31,김치찌개(1인),1,9000
2026-07-14 11:55:52,된장찌개(1인),1,9000
2026-07-14 11:57:22,갈비탕,1,13000
2026-07-14 11:57:33,비빔밥,1,9000
2026-07-14 11:57:52,공기밥,1,1000
2026-07-14 11:58:59,불고기 정식,1,13000
2026-07-14 12:02:32,김치찌개(1인),1,9000
2026-07-14 12:02:32,김치찌개(1인),1,9000
2026-07-14 12:02:32,비빔밥,1,9000
2026-07-14 12:03:37,제육볶음,1,11000
2026-07-14 12:03:37,된장찌개(1인),2,18000
2026-07-14 12:08:56,아메리카노(HOT),1,2000
2026-07-14 12:12:28,된장찌개(1인),1,9000
2026-07-14 12:13:01,아메리카노(ICE),1,2000
2026-07-14 12:19:13,아메리카노(ICE),2,4000
2026-07-14 12:19:13,제육볶음,2,22000
2026-07-14 12:19:13,갈비탕,1,13000
2026-07-14 12:20:43,김치찌개(1인),1,9000
2026-07-14 12:20:43,아메리카노(HOT),1,2000
2026-07-14 12:20:43,아메리카노(ICE),2,4000
2026-07-14 12:21:46,김치찌개(1인),1,9000
2026-07-14 12:21:46,제육볶음,1,11000
2026-07-14 12:28:32,김치찌개(1인),1,9000
2026-07-14 12:28:32,김치찌개(1인),1,9000
2026-07-14 12:28:58,아메리카노(ICE),2,4000
2026-07-14 12:28:58,된장찌개(1인),1,9000
2026-07-14 12:28:58,제육볶음,1,11000
2026-07-14 12:30:02,된장찌개(1인),1,9000
2026-07-14 12:30:02,아메리카노(HOT),1,2000
2026-07-14 12:30:02,불고기 정식,1,13000
2026-07-14 12:30:47,불고기 정식,2,26000
2026-07-14 12:30:54,된장찌개(1인),1,9000
2026-07-14 12:32:13,제육볶음,1,11000
2026-07-14 12:32:13,제육볶음,1,11000
2026-07-14 12:37:15,제육볶음,1,11000
2026-07-14 12:37:15,제육볶음,1,11000
2026-07-14 12:39:44,순두부찌개,1,9500
2026-07-14 12:39:44,콜라,1,2000
2026-07-14 12:42:28,아메리카노(ICE),1,2000
2026-07-14 12:43:20,아메리카노(ICE),1,2000
2026-07-14 12:55:25,공기밥,1,1000
2026-07-14 12:55:25,계란말이,1,7000
2026-07-14 12:58:01,비빔밥,2,18000
2026-07-14 12:59:27,아메리카노(HOT),1,2000
2026-07-14 12:59:27,아메리카노(ICE),2,4000
2026-07-14 12:59:27,비빔밥,1,9000
2026-07-14 13:10:27,공기밥,1,1000
2026-07-14 13:10:27,순두부찌개,1,9500
2026-07-14 13:14:39,제육볶음,1,11000
2026-07-14 13:14:39,순두부찌개,1,9500
2026-07-14 13:15:12,불고기 정식,1,13000
2026-07-14 13:20:53,계절한정 냉면,1,10000
2026-07-14 13:20:53,순두부찌개,1,9500
2026-07-14 13:20:53,계절한정 냉면,2,20000
2026-07-14 13:25:32,갈비탕,1,13000
2026-07-14 17:51:13,불고기 정식,2,26000
2026-07-14 18:13:18,계절한정 냉면,1,10000
2026-07-14 18:13:18,불고기 정식,1,13000
2026-07-14 18:14:42,된장찌개(1인),1,9000
2026-07-14 18:19:14,공기밥,1,1000
2026-07-14 18:21:35,김치찌개(2인),1,17000
2026-07-14 18:24:59,김치찌개(2인),2,34000
2026-07-14 18:24:59,제육볶음,1,11000
2026-07-14 18:24:59,김치찌개(1인),1,9000
2026-07-14 18:28:39,김치찌개(2인),1,17000
2026-07-14 18:30:35,계란말이,1,7000
2026-07-14 18:36:51,콜라,1,2000
2026-07-14 18:36:51,김치찌개(1인),1,9000
2026-07-14 18:36:51,계란말이,1,7000
2026-07-14 18:40:53,계란말이,1,7000
2026-07-14 18:40:53,김치찌개(1인),2,18000
2026-07-14 18:45:52,공기밥,1,1000
2026-07-14 18:46:05,김치찌개(1인),1,9000
2026-07-14 18:46:05,김치찌개(2인),1,17000
2026-07-14 18:54:18,공기밥,1,1000
2026-07-14 18:54:18,갈비탕,1,13000
2026-07-14 18:54:39,갈비탕,1,13000
2026-07-14 18:54:39,불고기 정식,1,13000
2026-07-14 18:54:39,된장찌개(1인),1,9000
2026-07-14 18:58:35,순두부찌개,2,19000
2026-07-14 18:58:35,김치찌개(2인),1,17000
2026-07-14 19:00:56,갈비탕,1,13000
2026-07-14 19:00:56,김치찌개(1인),1,9000
2026-07-14 19:00:58,공기밥,1,1000
2026-07-14 19:01:30,공기밥,1,1000
2026-07-14 19:02:50,콜라,1,2000
2026-07-14 19:08:26,순두부찌개,1,9500
2026-07-14 19:10:25,제육볶음,1,11000
2026-07-14 19:10:25,비빔밥,1,9000
2026-07-14 19:15:40,김치찌개(1인),1,9000
2026-07-14 19:15:40,계절한정 냉면,1,10000
2026-07-14 19:15:40,김치찌개(1인),1,9000
2026-07-14 19:22:19,제육볶음,2,22000
2026-07-14 19:32:09,갈비탕,1,13000
2026-07-14 19:32:09,불고기 정식,1,13000
2026-07-14 19:47:53,제육볶음,2,22000
2026-07-14 19:48:41,김치찌개(2인),1,17000
2026-07-14 20:00:07,공기밥,1,1000
2026-07-14 20:00:07,콜라,1,2000
2026-07-14 20:20:02,김치찌개(1인),1,9000
2026-07-14 20:20:02,김치찌개(2인),1,17000
2026-07-14 20:21:04,계란말이,2,14000
2026-07-14 20:21:04,공기밥,1,1000
2026-07-14 20:28:09,제육볶음,1,11000
2026-07-15 11:24:12,제육볶음,1,11000
2026-07-15 11:24:12,공기밥,1,1000
2026-07-15 11:24:12,순두부찌개,1,9500
2026-07-15 11:39:16,아메리카노(HOT),1,2000
2026-07-15 11:39:16,계절한정 냉면,1,10000
2026-07-15 11:40:34,불고기 정식,2,26000
2026-07-15 11:43:03,비빔밥,2,18000
2026-07-15 11:43:03,갈비탕,1,13000
2026-07-15 11:43:54,제육볶음,2,22000
2026-07-15 11:43:54,제육볶음,1,11000
2026-07-15 11:43:54,김치찌개(1인),1,9000
2026-07-15 11:49:02,불고기 정식,1,13000
2026-07-15 11:50:37,비빔밥,1,9000
2026-07-15 11:56:43,불고기 정식,2,26000
2026-07-15 11:56:43,제육볶음,2,22000
2026-07-15 11:57:26,김치찌개(1인),1,9000
2026-07-15 11:57:26,김치찌개(1인),1,9000
2026-07-15 11:59:28,된장찌개(1인),1,9000
2026-07-15 12:03:08,제육볶음,2,22000
2026-07-15 12:03:08,된장찌개(1인),2,18000
2026-07-15 12:06:55,갈비탕,1,13000
2026-07-15 12:15:40,아메리카노(HOT),1,2000
2026-07-15 12:15:40,김치찌개(1인),1,9000
2026-07-15 12:16:58,비빔밥,1,9000
2026-07-15 12:18:07,된장찌개(1인),2,18000
2026-07-15 12:18:07,공기밥,1,1000
2026-07-15 12:19:09,불고기 정식,1,13000
2026-07-15 12:19:09,된장찌개(1인),1,9000
2026-07-15 12:19:09,공기밥,1,1000
2026-07-15 12:22:27,순두부찌개,1,9500
2026-07-15 12:22:32,제육볶음,2,22000
2026-07-15 12:22:32,순두부찌개,1,9500
2026-07-15 12:22:32,제육볶음,1,11000
2026-07-15 12:23:43,비빔밥,1,9000
2026-07-15 12:23:43,불고기 정식,1,13000
2026-07-15 12:23:43,순두부찌개,1,9500
2026-07-15 12:25:48,순두부찌개,1,9500
2026-07-15 12:25:48,된장찌개(1인),2,18000
2026-07-15 12:25:48,김치찌개(2인),1,17000
2026-07-15 12:29:29,비빔밥,1,9000
2026-07-15 12:29:29,된장찌개(1인),2,18000
2026-07-15 12:32:05,아메리카노(ICE),1,2000
2026-07-15 12:32:05,김치찌개(1인),1,9000
2026-07-15 12:33:57,된장찌개(1인),2,18000
2026-07-15 12:33:57,불고기 정식,1,13000
2026-07-15 12:35:58,계절한정 냉면,1,10000
2026-07-15 12:38:38,된장찌개(1인),1,9000
2026-07-15 12:38:38,아메리카노(HOT),2,4000
2026-07-15 12:38:38,제육볶음,1,11000
2026-07-15 12:43:37,아메리카노(HOT),1,2000
2026-07-15 12:43:37,공기밥,1,1000
2026-07-15 12:43:37,김치찌개(1인),1,9000
2026-07-15 12:48:13,계란말이,1,7000
2026-07-15 12:53:27,아메리카노(ICE),2,4000
2026-07-15 12:53:27,비빔밥,2,18000
2026-07-15 12:57:23,불고기 정식,2,26000
2026-07-15 12:57:23,아메리카노(ICE),1,2000
2026-07-15 12:57:23,순두부찌개,2,19000
2026-07-15 13:04:27,아메리카노(ICE),1,2000
2026-07-15 13:04:27,제육볶음,1,11000
2026-07-15 13:04:27,공기밥,1,1000
2026-07-15 13:16:41,불고기 정식,1,13000
2026-07-15 13:16:41,공기밥,1,1000
2026-07-15 13:16:41,아메리카노(ICE),1,2000
2026-07-15 13:24:42,된장찌개(1인),1,9000
2026-07-15 13:26:47,아메리카노(ICE),1,2000
2026-07-15 13:26:47,공기밥,1,1000
2026-07-15 13:37:27,김치찌개(1인),1,9000
2026-07-15 13:37:27,계절한정 냉면,1,10000
2026-07-15 13:42:49,공기밥,1,1000
2026-07-15 13:42:49,불고기 정식,1,13000
2026-07-15 13:43:56,순두부찌개,1,9500
2026-07-15 13:43:56,김치찌개(1인),1,9000
2026-07-15 13:43:56,공기밥,1,1000
2026-07-15 17:53:29,갈비탕,1,13000
2026-07-15 17:53:29,콜라,1,2000
2026-07-15 17:53:29,콜라,1,2000
2026-07-15 18:01:58,공기밥,1,1000
2026-07-15 18:01:58,된장찌개(1인),1,9000
2026-07-15 18:15:14,계란말이,1,7000
2026-07-15 18:15:14,순두부찌개,1,9500
2026-07-15 18:15:14,갈비탕,2,26000
2026-07-15 18:19:24,공기밥,1,1000
2026-07-15 18:19:24,김치찌개(2인),1,17000
2026-07-15 18:32:31,비빔밥,1,9000
2026-07-15 18:32:31,계란말이,1,7000
2026-07-15 18:46:19,갈비탕,1,13000
2026-07-15 19:01:27,김치찌개(2인),1,17000
2026-07-15 19:01:27,김치찌개(2인),1,17000
2026-07-15 19:03:31,공기밥,2,2000
2026-07-15 19:04:44,불고기 정식,1,13000
2026-07-15 19:04:44,순두부찌개,1,9500
2026-07-15 19:06:12,콜라,1,2000
2026-07-15 19:08:08,비빔밥,2,18000
2026-07-15 19:10:22,김치찌개(1인),1,9000
2026-07-15 19:10:22,아메리카노(ICE),2,4000
2026-07-15 19:10:22,불고기 정식,1,13000
2026-07-15 19:27:23,계란말이,1,7000
2026-07-15 19:27:23,김치찌개(2인),1,17000
2026-07-15 19:32:53,비빔밥,1,9000
2026-07-15 19:32:53,아메리카노(HOT),2,4000
2026-07-15 19:32:53,순두부찌개,1,9500
2026-07-15 19:44:24,된장찌개(1인),1,9000
2026-07-15 19:48:28,공기밥,1,1000
2026-07-15 19:50:55,김치찌개(2인),1,17000
2026-07-15 19:50:55,김치찌개(1인),1,9000
2026-07-15 19:50:55,계란말이,1,7000
2026-07-15 19:53:20,김치찌개(1인),1,9000
2026-07-15 19:53:20,된장찌개(1인),1,9000
2026-07-15 19:55:42,콜라,2,4000
2026-07-15 19:58:09,김치찌개(1인),1,9000
2026-07-15 19:58:31,공기밥,1,1000
2026-07-15 19:59:04,콜라,1,2000
2026-07-15 20:03:40,제육볶음,1,11000
2026-07-15 20:03:40,갈비탕,2,26000
2026-07-15 20:03:40,김치찌개(1인),2,18000
2026-07-15 20:10:57,김치찌개(1인),1,9000
2026-07-15 20:10:57,계란말이,2,14000
2026-07-15 20:10:57,계절한정 냉면,1,10000
2026-07-15 20:14:39,콜라,2,4000
2026-07-15 20:14:39,콜라,2,4000
2026-07-16 11:26:31,김치찌개(1인),1,9000
2026-07-16 11:30:26,김치찌개(1인),1,9000
2026-07-16 11:30:26,아메리카노(HOT),1,2000
2026-07-16 11:39:17,김치찌개(2인),1,17000
2026-07-16 11:39:17,김치찌개(1인),1,9000
2026-07-16 11:39:29,계절한정 냉면,1,10000
2026-07-16 11:39:29,김치찌개(1인),1,9000
2026-07-16 11:39:29,김치찌개(2인),1,17000
2026-07-16 11:50:52,비빔밥,1,9000
2026-07-16 11:50:52,김치찌개(2인),1,17000
2026-07-16 11:51:31,된장찌개(1인),2,18000
2026-07-16 11:51:31,된장찌개(1인),1,9000
2026-07-16 11:57:59,비빔밥,1,9000
2026-07-16 11:57:59,갈비탕,1,13000
2026-07-16 11:57:59,갈비탕,2,26000
2026-07-16 11:58:05,김치찌개(1인),1,9000
2026-07-16 11:58:05,제육볶음,2,22000
2026-07-16 11:58:05,김치찌개(1인),1,9000
2026-07-16 12:02:16,불고기 정식,1,13000
2026-07-16 12:02:16,된장찌개(1인),2,18000
2026-07-16 12:02:16,된장찌개(1인),1,9000
2026-07-16 12:02:16,김치찌개(2인),1,17000
2026-07-16 12:03:05,된장찌개(1인),1,9000
2026-07-16 12:03:05,순두부찌개,2,19000
2026-07-16 12:03:05,콜라,1,2000
2026-07-16 12:05:10,비빔밥,1,9000
2026-07-16 12:05:10,김치찌개(2인),1,17000
2026-07-16 12:08:54,김치찌개(2인),1,17000
2026-07-16 12:08:54,불고기 정식,1,13000
2026-07-16 12:08:54,공기밥,1,1000
2026-07-16 12:09:26,공기밥,1,1000
2026-07-16 12:09:26,제육볶음,1,11000
2026-07-16 12:09:26,제육볶음,2,22000
2026-07-16 12:11:11,갈비탕,1,13000
2026-07-16 12:15:04,김치찌개(1인),2,18000
2026-07-16 12:15:04,갈비탕,1,13000
2026-07-16 12:21:06,제육볶음,1,11000
2026-07-16 12:21:06,된장찌개(1인),1,9000
2026-07-16 12:21:06,김치찌개(1인),1,9000
2026-07-16 12:22:27,된장찌개(1인),1,9000
2026-07-16 12:22:27,김치찌개(2인),1,17000
2026-07-16 12:23:50,김치찌개(1인),2,18000
2026-07-16 12:25:59,비빔밥,1,9000
2026-07-16 12:25:59,제육볶음,1,11000
2026-07-16 12:26:53,공기밥,1,1000
2026-07-16 12:27:07,된장찌개(1인),1,9000
2026-07-16 12:33:30,공기밥,1,1000
2026-07-16 12:33:30,아메리카노(ICE),1,2000
2026-07-16 12:34:40,순두부찌개,1,9500
2026-07-16 12:34:40,순두부찌개,1,9500
2026-07-16 12:34:40,된장찌개(1인),1,9000
2026-07-16 12:35:09,불고기 정식,1,13000
2026-07-16 12:35:09,갈비탕,1,13000
2026-07-16 12:35:31,제육볶음,1,11000
2026-07-16 12:35:31,공기밥,1,1000
2026-07-16 12:36:20,된장찌개(1인),1,9000
2026-07-16 12:36:20,불고기 정식,1,13000
2026-07-16 12:39:03,갈비탕,1,13000
2026-07-16 12:42:14,순두부찌개,1,9500
2026-07-16 12:42:14,갈비탕,1,13000
2026-07-16 12:42:14,순두부찌개,1,9500
2026-07-16 12:44:16,순두부찌개,1,9500
2026-07-16 12:44:16,공기밥,1,1000
2026-07-16 12:44:16,제육볶음,1,11000
2026-07-16 12:47:04,된장찌개(1인),2,18000
2026-07-16 12:52:52,순두부찌개,1,9500
2026-07-16 12:52:52,불고기 정식,2,26000
2026-07-16 12:54:02,계란말이,1,7000
2026-07-16 12:55:09,계절한정 냉면,1,10000
2026-07-16 13:05:43,제육볶음,1,11000
2026-07-16 13:05:43,순두부찌개,2,19000
2026-07-16 13:06:28,김치찌개(1인),1,9000
2026-07-16 13:06:28,계절한정 냉면,1,10000
2026-07-16 13:11:05,순두부찌개,1,9500
2026-07-16 13:11:05,김치찌개(2인),2,34000
2026-07-16 13:17:06,된장찌개(1인),1,9000
2026-07-16 13:26:32,갈비탕,2,26000
2026-07-16 13:27:29,된장찌개(1인),1,9000
2026-07-16 18:14:30,계란말이,1,7000
2026-07-16 18:14:30,갈비탕,1,13000
2026-07-16 18:32:37,김치찌개(1인),1,9000
2026-07-16 18:33:00,갈비탕,2,26000
2026-07-16 18:33:00,김치찌개(1인),2,18000
2026-07-16 18:33:00,된장찌개(1인),1,9000
2026-07-16 18:34:03,공기밥,1,1000
2026-07-16 18:37:43,계란말이,2,14000
2026-07-16 18:37:43,계절한정 냉면,1,10000
2026-07-16 18:45:57,계란말이,1,7000
2026-07-16 18:55:55,제육볶음,2,22000
2026-07-16 18:55:55,제육볶음,1,11000
2026-07-16 18:55:55,계란말이,1,7000
2026-07-16 19:00:14,계란말이,1,7000
2026-07-16 19:05:43,순두부찌개,1,9500
2026-07-16 19:09:26,김치찌개(1인),1,9000
2026-07-16 19:09:26,공기밥,2,2000
2026-07-16 19:09:26,콜라,1,2000
2026-07-16 19:12:22,불고기 정식,1,13000
2026-07-16 19:12:22,아메리카노(HOT),1,2000
2026-07-16 19:17:37,공기밥,1,1000
2026-07-16 19:17:37,김치찌개(1인),1,9000
2026-07-16 19:18:55,불고기 정식,1,13000
2026-07-16 19:18:55,계란말이,1,7000
2026-07-16 19:18:55,비빔밥,1,9000
2026-07-16 19:25:54,김치찌개(1인),1,9000
2026-07-16 19:25:54,불고기 정식,2,26000
2026-07-16 19:39:18,김치찌개(1인),1,9000
2026-07-16 20:07:56,김치찌개(1인),1,9000
2026-07-16 20:18:23,김치찌개(1인),1,9000
2026-07-16 20:22:02,김치찌개(2인),1,17000
2026-07-16 20:22:05,갈비탕,1,13000
2026-07-16 20:22:05,불고기 정식,1,13000
2026-07-16 20:52:21,불고기 정식,1,13000
2026-07-16 20:52:21,공기밥,1,1000
2026-07-16 20:52:21,불고기 정식,1,13000
2026-07-16 20:53:24,제육볶음,1,11000
2026-07-16 20:53:24,된장찌개(1인),1,9000
2026-07-17 11:31:37,불고기 정식,1,13000
2026-07-17 11:31:37,김치찌개(2인),1,17000
2026-07-17 11:34:03,계절한정 냉면,1,10000
2026-07-17 11:34:03,김치찌개(1인),2,18000
2026-07-17 11:34:03,된장찌개(1인),1,9000
2026-07-17 11:38:45,김치찌개(1인),1,9000
2026-07-17 11:38:45,비빔밥,1,9000
2026-07-17 11:38:45,비빔밥,1,9000
2026-07-17 11:40:06,된장찌개(1인),1,9000
2026-07-17 11:40:06,제육볶음,2,22000
2026-07-17 11:40:06,된장찌개(1인),1,9000
2026-07-17 11:47:02,공기밥,1,1000
2026-07-17 11:47:02,제육볶음,1,11000
2026-07-17 11:48:17,공기밥,1,1000
2026-07-17 11:49:16,제육볶음,1,11000
2026-07-17 11:49:16,김치찌개(1인),2,18000
2026-07-17 11:49:16,순두부찌개,1,9500
2026-07-17 11:50:03,불고기 정식,2,26000
2026-07-17 11:52:18,갈비탕,1,13000
2026-07-17 11:56:34,김치찌개(1인),1,9000
2026-07-17 11:56:34,공기밥,1,1000
2026-07-17 11:56:56,비빔밥,1,9000
2026-07-17 11:56:56,갈비탕,1,13000
2026-07-17 11:56:56,계란말이,1,7000
2026-07-17 11:57:26,아메리카노(ICE),1,2000
2026-07-17 11:57:26,김치찌개(1인),1,9000
2026-07-17 12:03:05,아메리카노(ICE),1,2000
2026-07-17 12:03:05,김치찌개(1인),1,9000
2026-07-17 12:03:11,비빔밥,1,9000
2026-07-17 12:03:11,아메리카노(ICE),2,4000
2026-07-17 12:06:26,제육볶음,1,11000
2026-07-17 12:06:26,김치찌개(1인),1,9000
2026-07-17 12:08:28,비빔밥,2,18000
2026-07-17 12:09:23,제육볶음,1,11000
2026-07-17 12:09:23,비빔밥,1,9000
2026-07-17 12:09:23,김치찌개(1인),1,9000
2026-07-17 12:11:40,순두부찌개,1,9500
2026-07-17 12:11:40,김치찌개(2인),2,34000
2026-07-17 12:12:14,김치찌개(1인),1,9000
2026-07-17 12:12:14,순두부찌개,2,19000
2026-07-17 12:12:14,제육볶음,2,22000
2026-07-17 12:16:01,계란말이,1,7000
2026-07-17 12:16:01,아메리카노(HOT),1,2000
2026-07-17 12:20:28,콜라,1,2000
2026-07-17 12:20:28,공기밥,2,2000
2026-07-17 12:22:33,김치찌개(1인),2,18000
2026-07-17 12:33:40,계절한정 냉면,1,10000
2026-07-17 12:33:40,공기밥,2,2000
2026-07-17 12:34:17,불고기 정식,1,13000
2026-07-17 12:35:48,공기밥,1,1000
2026-07-17 12:40:32,김치찌개(1인),1,9000
2026-07-17 12:40:32,불고기 정식,2,26000
2026-07-17 12:40:32,갈비탕,2,26000
2026-07-17 12:41:32,김치찌개(1인),1,9000
2026-07-17 12:41:32,순두부찌개,2,19000
2026-07-17 12:41:32,된장찌개(1인),2,18000
2026-07-17 12:42:47,순두부찌개,1,9500
2026-07-17 12:42:47,된장찌개(1인),1,9000
2026-07-17 12:42:47,공기밥,1,1000
2026-07-17 12:43:28,된장찌개(1인),1,9000
2026-07-17 12:43:28,콜라,1,2000
2026-07-17 12:43:28,제육볶음,2,22000
2026-07-17 12:46:05,김치찌개(1인),1,9000
2026-07-17 12:46:05,콜라,1,2000
2026-07-17 12:47:10,순두부찌개,1,9500
2026-07-17 12:48:07,아메리카노(HOT),2,4000
2026-07-17 12:48:07,김치찌개(1인),2,18000
2026-07-17 12:51:17,비빔밥,1,9000
2026-07-17 12:51:17,된장찌개(1인),1,9000
2026-07-17 12:51:17,김치찌개(1인),1,9000
2026-07-17 13:01:21,김치찌개(1인),1,9000
2026-07-17 13:01:21,제육볶음,1,11000
2026-07-17 13:14:39,제육볶음,2,22000
2026-07-17 13:14:39,된장찌개(1인),1,9000
2026-07-17 13:15:20,된장찌개(1인),1,9000
2026-07-17 13:15:20,불고기 정식,1,13000
2026-07-17 13:15:20,계절한정 냉면,1,10000
2026-07-17 13:18:30,김치찌개(2인),1,17000
2026-07-17 13:18:30,순두부찌개,1,9500
2026-07-17 13:32:56,김치찌개(1인),1,9000
2026-07-17 13:32:56,비빔밥,1,9000
2026-07-17 13:32:56,계란말이,2,14000
2026-07-17 17:47:21,공기밥,2,2000
2026-07-17 17:47:50,계란말이,1,7000
2026-07-17 17:47:50,콜라,1,2000
2026-07-17 17:47:50,김치찌개(1인),1,9000
2026-07-17 18:10:03,갈비탕,2,26000
2026-07-17 18:19:45,공기밥,1,1000
2026-07-17 18:26:54,불고기 정식,1,13000
2026-07-17 18:26:54,순두부찌개,1,9500
2026-07-17 18:43:32,제육볶음,1,11000
2026-07-17 18:44:23,된장찌개(1인),1,9000
2026-07-17 18:44:23,불고기 정식,2,26000
2026-07-17 18:45:09,제육볶음,1,11000
2026-07-17 18:53:41,공기밥,1,1000
2026-07-17 18:53:41,공기밥,1,1000
2026-07-17 19:07:36,된장찌개(1인),1,9000
2026-07-17 19:07:36,제육볶음,1,11000
2026-07-17 19:09:19,갈비탕,1,13000
2026-07-17 19:21:24,된장찌개(1인),1,9000
2026-07-17 19:21:24,김치찌개(2인),1,17000
2026-07-17 19:22:41,갈비탕,1,13000
2026-07-17 19:25:37,갈비탕,1,13000
2026-07-17 19:34:28,불고기 정식,1,13000
2026-07-17 19:34:28,된장찌개(1인),1,9000
2026-07-17 19:35:13,콜라,1,2000
2026-07-17 19:35:13,순두부찌개,1,9500
2026-07-17 19:37:29,비빔밥,1,9000
2026-07-17 19:45:02,제육볶음,1,11000
2026-07-17 19:45:02,순두부찌개,1,9500
2026-07-17 19:45:02,불고기 정식,1,13000
2026-07-17 19:52:08,콜라,1,2000
2026-07-17 20:10:31,제육볶음,1,11000
2026-07-17 20:10:31,아메리카노(ICE),1,2000
2026-07-17 20:26:07,갈비탕,1,13000
2026-07-17 20:49:52,계란말이,1,7000
2026-07-17 20:49:52,제육볶음,1,11000
2026-07-18 11:23:47,공기밥,1,1000
2026-07-18 11:23:47,계절한정 냉면,1,10000
2026-07-18 11:23:47,아메리카노(ICE),1,2000
2026-07-18 11:44:50,공기밥,1,1000
2026-07-18 11:46:29,계절한정 냉면,1,10000
2026-07-18 11:46:29,김치찌개(1인),1,9000
2026-07-18 11:51:47,순두부찌개,1,9500
2026-07-18 11:54:54,비빔밥,1,9000
2026-07-18 11:54:54,김치찌개(2인),1,17000
2026-07-18 12:00:58,콜라,1,2000
2026-07-18 12:03:21,갈비탕,1,13000
2026-07-18 12:06:26,아메리카노(ICE),1,2000
2026-07-18 12:08:55,된장찌개(1인),2,18000
2026-07-18 12:08:55,제육볶음,1,11000
2026-07-18 12:12:54,김치찌개(2인),1,17000
2026-07-18 12:24:48,콜라,1,2000
2026-07-18 12:24:48,제육볶음,1,11000
2026-07-18 12:25:00,아메리카노(ICE),2,4000
2026-07-18 12:25:00,계절한정 냉면,2,20000
2026-07-18 12:26:11,김치찌개(1인),1,9000
2026-07-18 12:26:11,된장찌개(1인),1,9000
2026-07-18 12:26:11,김치찌개(2인),1,17000
2026-07-18 12:28:33,계절한정 냉면,1,10000
2026-07-18 12:28:33,김치찌개(1인),2,18000
2026-07-18 12:28:33,김치찌개(1인),1,9000
2026-07-18 12:32:30,된장찌개(1인),1,9000
2026-07-18 12:32:48,순두부찌개,1,9500
2026-07-18 12:33:19,공기밥,1,1000
2026-07-18 12:33:19,된장찌개(1인),2,18000
2026-07-18 12:33:19,김치찌개(1인),1,9000
2026-07-18 12:33:44,불고기 정식,1,13000
2026-07-18 12:33:44,제육볶음,1,11000
2026-07-18 12:36:26,아메리카노(ICE),2,4000
2026-07-18 12:36:26,공기밥,1,1000
2026-07-18 12:36:26,갈비탕,1,13000
2026-07-18 12:50:24,불고기 정식,1,13000
2026-07-18 12:50:50,된장찌개(1인),1,9000
2026-07-18 12:50:50,김치찌개(1인),1,9000
2026-07-18 12:51:07,아메리카노(ICE),1,2000
2026-07-18 12:51:07,김치찌개(2인),2,34000
2026-07-18 12:51:07,공기밥,1,1000
2026-07-18 12:53:25,순두부찌개,1,9500
2026-07-18 12:53:25,순두부찌개,1,9500
2026-07-18 12:53:25,공기밥,1,1000
2026-07-18 13:01:59,불고기 정식,1,13000
2026-07-18 13:17:43,김치찌개(1인),1,9000
2026-07-18 13:17:43,된장찌개(1인),1,9000
2026-07-18 13:18:56,계절한정 냉면,1,10000
2026-07-18 17:59:27,불고기 정식,1,13000
2026-07-18 17:59:27,김치찌개(1인),1,9000
2026-07-18 18:03:52,계란말이,2,14000
2026-07-18 18:04:29,콜라,1,2000
2026-07-18 18:06:44,불고기 정식,1,13000
2026-07-18 18:06:44,제육볶음,1,11000
2026-07-18 18:26:28,비빔밥,1,9000
2026-07-18 18:26:28,된장찌개(1인),2,18000
2026-07-18 18:26:28,갈비탕,1,13000
2026-07-18 18:35:05,된장찌개(1인),1,9000
2026-07-18 18:35:05,비빔밥,2,18000
2026-07-18 18:38:06,갈비탕,1,13000
2026-07-18 18:38:06,갈비탕,2,26000
2026-07-18 18:38:06,공기밥,1,1000
2026-07-18 18:38:44,공기밥,1,1000
2026-07-18 18:45:29,제육볶음,1,11000
2026-07-18 18:45:29,불고기 정식,1,13000
2026-07-18 18:46:37,아메리카노(HOT),1,2000
2026-07-18 18:46:37,순두부찌개,1,9500
2026-07-18 18:52:33,불고기 정식,1,13000
2026-07-18 18:52:33,콜라,2,4000
2026-07-18 18:52:33,불고기 정식,2,26000
2026-07-18 18:56:47,김치찌개(2인),1,17000
2026-07-18 18:56:47,된장찌개(1인),1,9000
2026-07-18 18:57:04,계절한정 냉면,2,20000
2026-07-18 18:57:29,된장찌개(1인),2,18000
2026-07-18 18:57:29,제육볶음,1,11000
2026-07-18 18:57:29,계란말이,1,7000
2026-07-18 19:00:21,공기밥,1,1000
2026-07-18 19:04:18,된장찌개(1인),2,18000
2026-07-18 19:07:46,김치찌개(1인),1,9000
2026-07-18 19:07:46,계란말이,1,7000
2026-07-18 19:07:55,콜라,1,2000
2026-07-18 19:07:55,된장찌개(1인),2,18000
2026-07-18 19:08:35,계란말이,1,7000
2026-07-18 19:08:35,제육볶음,1,11000
2026-07-18 19:09:52,제육볶음,1,11000
2026-07-18 19:09:52,순두부찌개,1,9500
2026-07-18 19:15:10,갈비탕,1,13000
2026-07-18 19:19:10,공기밥,2,2000
2026-07-18 19:19:10,갈비탕,1,13000
2026-07-18 19:19:10,김치찌개(1인),2,18000
2026-07-18 19:20:33,공기밥,1,1000
2026-07-18 19:24:28,불고기 정식,1,13000
2026-07-18 19:25:28,비빔밥,1,9000
2026-07-18 19:25:28,콜라,1,2000
2026-07-18 19:26:23,비빔밥,1,9000
2026-07-18 19:26:23,공기밥,2,2000
2026-07-18 19:28:10,불고기 정식,1,13000
2026-07-18 19:28:10,계란말이,1,7000
2026-07-18 19:36:06,콜라,2,4000
2026-07-18 19:39:20,공기밥,1,1000
2026-07-18 19:44:27,김치찌개(2인),1,17000
2026-07-18 19:44:27,갈비탕,1,13000
2026-07-18 19:56:21,불고기 정식,2,26000
2026-07-18 19:56:21,김치찌개(2인),1,17000
2026-07-18 19:56:21,계란말이,1,7000
2026-07-18 19:56:54,아메리카노(ICE),1,2000
2026-07-18 19:59:54,김치찌개(1인),1,9000
2026-07-18 19:59:54,순두부찌개,2,19000
2026-07-18 20:09:00,김치찌개(2인),1,17000
2026-07-18 20:09:00,제육볶음,2,22000
2026-07-18 20:33:57,김치찌개(2인),1,17000
2026-07-18 20:42:16,계란말이,2,14000
2026-07-19 11:38:45,된장찌개(1인),2,18000
2026-07-19 11:38:45,제육볶음,1,11000
2026-07-19 11:46:09,비빔밥,1,9000
2026-07-19 11:53:52,공기밥,1,1000
2026-07-19 11:53:52,비빔밥,1,9000
2026-07-19 11:55:00,갈비탕,1,13000
2026-07-19 11:55:00,순두부찌개,1,9500
2026-07-19 11:55:00,공기밥,2,2000
2026-07-19 11:59:43,갈비탕,1,13000
2026-07-19 11:59:43,불고기 정식,1,13000
2026-07-19 12:01:05,제육볶음,1,11000
2026-07-19 12:01:05,제육볶음,1,11000
2026-07-19 12:01:05,제육볶음,1,11000
2026-07-19 12:01:28,제육볶음,1,11000
2026-07-19 12:01:42,비빔밥,2,18000
2026-07-19 12:01:42,공기밥,1,1000
2026-07-19 12:01:42,김치찌개(1인),1,9000
2026-07-19 12:05:58,순두부찌개,1,9500
2026-07-19 12:05:58,공기밥,1,1000
2026-07-19 12:05:58,순두부찌개,1,9500
2026-07-19 12:10:11,김치찌개(1인),1,9000
2026-07-19 12:10:11,순두부찌개,1,9500
2026-07-19 12:10:58,김치찌개(1인),1,9000
2026-07-19 12:15:23,콜라,2,4000
2026-07-19 12:30:36,김치찌개(1인),1,9000
2026-07-19 12:30:36,된장찌개(1인),1,9000
2026-07-19 12:33:15,된장찌개(1인),1,9000
2026-07-19 12:39:30,갈비탕,2,26000
2026-07-19 12:42:39,비빔밥,1,9000
2026-07-19 12:42:39,비빔밥,2,18000
2026-07-19 12:45:37,공기밥,2,2000
2026-07-19 12:47:18,순두부찌개,1,9500
2026-07-19 12:47:18,콜라,2,4000
2026-07-19 12:47:18,김치찌개(1인),1,9000
2026-07-19 12:53:05,순두부찌개,2,19000
2026-07-19 12:56:12,순두부찌개,2,19000
2026-07-19 12:56:12,김치찌개(2인),1,17000
2026-07-19 13:00:18,김치찌개(1인),1,9000
2026-07-19 13:00:18,김치찌개(1인),1,9000
2026-07-19 13:00:18,공기밥,1,1000
2026-07-19 13:16:33,불고기 정식,1,13000
2026-07-19 13:16:33,비빔밥,2,18000
2026-07-19 13:16:44,김치찌개(1인),1,9000
2026-07-19 13:16:44,아메리카노(ICE),1,2000
2026-07-19 13:42:08,된장찌개(1인),1,9000
2026-07-19 13:42:08,공기밥,1,1000
2026-07-19 17:56:07,김치찌개(1인),1,9000
2026-07-19 18:06:30,계절한정 냉면,1,10000
2026-07-19 18:06:30,된장찌개(1인),1,9000
2026-07-19 18:10:42,된장찌개(1인),1,9000
2026-07-19 18:14:44,콜라,1,2000
2026-07-19 18:14:44,김치찌개(2인),2,34000
2026-07-19 18:15:14,공기밥,1,1000
2026-07-19 18:15:27,공기밥,1,1000
2026-07-19 18:15:27,아메리카노(HOT),1,2000
2026-07-19 18:24:34,제육볶음,2,22000
2026-07-19 18:24:34,제육볶음,1,11000
2026-07-19 18:26:23,제육볶음,1,11000
2026-07-19 18:32:24,계란말이,2,14000
2026-07-19 18:32:24,김치찌개(2인),2,34000
2026-07-19 18:33:51,제육볶음,1,11000
2026-07-19 18:33:51,갈비탕,1,13000
2026-07-19 18:36:20,콜라,1,2000
2026-07-19 18:38:16,갈비탕,1,13000
2026-07-19 18:38:16,된장찌개(1인),1,9000
2026-07-19 18:43:50,제육볶음,1,11000
2026-07-19 18:43:50,아메리카노(HOT),1,2000
2026-07-19 18:43:50,된장찌개(1인),2,18000
2026-07-19 18:45:37,계란말이,1,7000
2026-07-19 18:45:37,계란말이,1,7000
2026-07-19 18:45:37,제육볶음,1,11000
2026-07-19 18:51:42,김치찌개(1인),1,9000
2026-07-19 18:51:42,갈비탕,1,13000
2026-07-19 18:53:36,계란말이,1,7000
2026-07-19 18:53:36,제육볶음,2,22000
2026-07-19 18:58:17,순두부찌개,1,9500
2026-07-19 18:58:17,김치찌개(1인),1,9000
2026-07-19 19:00:59,김치찌개(1인),1,9000
2026-07-19 19:01:21,아메리카노(ICE),1,2000
2026-07-19 19:01:21,김치찌개(1인),1,9000
2026-07-19 19:03:55,된장찌개(1인),1,9000
2026-07-19 19:03:55,순두부찌개,2,19000
2026-07-19 19:04:28,계절한정 냉면,1,10000
2026-07-19 19:04:28,콜라,1,2000
2026-07-19 19:04:49,제육볶음,1,11000
2026-07-19 19:04:49,순두부찌개,1,9500
2026-07-19 19:04:49,계란말이,1,7000
2026-07-19 19:12:21,비빔밥,1,9000
2026-07-19 19:12:21,불고기 정식,1,13000
2026-07-19 19:13:25,김치찌개(2인),1,17000
2026-07-19 19:13:25,불고기 정식,2,26000
2026-07-19 19:14:24,계란말이,1,7000
2026-07-19 19:14:24,불고기 정식,1,13000
2026-07-19 19:14:24,순두부찌개,1,9500
2026-07-19 19:31:01,갈비탕,1,13000
2026-07-19 19:31:01,된장찌개(1인),1,9000
2026-07-19 19:33:21,김치찌개(1인),1,9000
2026-07-19 19:33:21,콜라,1,2000
2026-07-19 19:33:21,된장찌개(1인),1,9000
2026-07-19 19:58:28,제육볶음,1,11000
2026-07-19 19:58:28,계절한정 냉면,1,10000
2026-07-19 20:05:00,계절한정 냉면,2,20000
2026-07-19 20:23:24,김치찌개(1인),1,9000
2026-07-19 20:23:24,계란말이,1,7000
2026-07-20 11:35:54,김치찌개(1인),1,9000
2026-07-20 11:35:54,공기밥,2,2000
2026-07-20 11:40:37,콜라,1,2000
2026-07-20 11:40:37,김치찌개(2인),1,17000
2026-07-20 11:42:15,된장찌개(1인),1,9000
2026-07-20 11:42:15,비빔밥,1,9000
2026-07-20 11:43:29,김치찌개(1인),1,9000
2026-07-20 11:47:45,된장찌개(1인),2,18000
2026-07-20 11:47:45,아메리카노(ICE),1,2000
2026-07-20 11:48:20,김치찌개(1인),1,9000
2026-07-20 11:51:10,김치찌개(1인),1,9000
2026-07-20 11:51:10,비빔밥,1,9000
2026-07-20 11:57:44,김치찌개(1인),1,9000
2026-07-20 11:59:29,아메리카노(ICE),2,4000
2026-07-20 11:59:29,김치찌개(1인),2,18000
2026-07-20 11:59:29,김치찌개(1인),1,9000
2026-07-20 11:59:47,아메리카노(HOT),2,4000
2026-07-20 11:59:47,비빔밥,1,9000
2026-07-20 12:05:03,제육볶음,1,11000
2026-07-20 12:08:01,비빔밥,1,9000
2026-07-20 12:08:36,갈비탕,1,13000
2026-07-20 12:17:00,불고기 정식,1,13000
2026-07-20 12:17:00,김치찌개(1인),1,9000
2026-07-20 12:17:39,아메리카노(HOT),2,4000
2026-07-20 12:20:35,김치찌개(1인),1,9000
2026-07-20 12:21:18,순두부찌개,1,9500
2026-07-20 12:21:18,비빔밥,1,9000
2026-07-20 12:23:10,아메리카노(ICE),2,4000
2026-07-20 12:23:10,된장찌개(1인),1,9000
2026-07-20 12:24:42,김치찌개(1인),1,9000
2026-07-20 12:26:36,공기밥,1,1000
2026-07-20 12:26:45,순두부찌개,1,9500
2026-07-20 12:26:45,불고기 정식,1,13000
2026-07-20 12:30:54,불고기 정식,1,13000
2026-07-20 12:32:57,된장찌개(1인),1,9000
2026-07-20 12:32:57,비빔밥,2,18000
2026-07-20 12:39:33,된장찌개(1인),1,9000
2026-07-20 12:42:22,순두부찌개,1,9500
2026-07-20 12:43:32,순두부찌개,1,9500
2026-07-20 12:43:32,비빔밥,1,9000
2026-07-20 12:44:12,순두부찌개,2,19000
2026-07-20 12:44:12,순두부찌개,2,19000
2026-07-20 12:44:12,아메리카노(ICE),1,2000
2026-07-20 12:53:56,제육볶음,2,22000
2026-07-20 12:56:47,김치찌개(1인),2,18000
2026-07-20 12:56:47,김치찌개(1인),1,9000
2026-07-20 13:01:13,비빔밥,1,9000
2026-07-20 13:01:13,김치찌개(1인),1,9000
2026-07-20 13:27:02,공기밥,1,1000
2026-07-20 13:27:24,된장찌개(1인),1,9000
2026-07-20 13:34:30,된장찌개(1인),1,9000
2026-07-20 13:34:30,계절한정 냉면,1,10000
2026-07-20 17:57:41,제육볶음,1,11000
2026-07-20 17:57:41,갈비탕,1,13000
2026-07-20 18:26:19,된장찌개(1인),2,18000
2026-07-20 18:28:06,된장찌개(1인),2,18000
2026-07-20 18:28:06,갈비탕,1,13000
2026-07-20 18:28:06,된장찌개(1인),1,9000
2026-07-20 18:29:06,된장찌개(1인),1,9000
2026-07-20 18:29:06,김치찌개(1인),1,9000
2026-07-20 18:36:21,제육볶음,1,11000
2026-07-20 18:36:21,불고기 정식,2,26000
2026-07-20 18:37:48,불고기 정식,1,13000
2026-07-20 18:37:48,불고기 정식,1,13000
2026-07-20 18:37:48,비빔밥,2,18000
2026-07-20 18:50:36,김치찌개(2인),1,17000
2026-07-20 18:50:36,제육볶음,1,11000
2026-07-20 18:52:50,제육볶음,1,11000
2026-07-20 18:54:11,아메리카노(ICE),1,2000
2026-07-20 18:54:11,제육볶음,1,11000
2026-07-20 18:54:11,불고기 정식,1,13000
2026-07-20 18:56:45,불고기 정식,1,13000
2026-07-20 18:56:45,불고기 정식,1,13000
2026-07-20 18:56:45,공기밥,2,2000
2026-07-20 19:00:52,제육볶음,2,22000
2026-07-20 19:13:09,불고기 정식,1,13000
2026-07-20 19:13:09,김치찌개(2인),1,17000
2026-07-20 19:14:36,공기밥,2,2000
2026-07-20 19:14:36,콜라,1,2000
2026-07-20 19:16:51,공기밥,1,1000
2026-07-20 19:16:51,제육볶음,1,11000
2026-07-20 19:24:01,제육볶음,1,11000
2026-07-20 19:24:52,갈비탕,1,13000
2026-07-20 19:24:52,된장찌개(1인),1,9000
2026-07-20 19:24:52,갈비탕,1,13000
2026-07-20 19:25:02,계란말이,1,7000
2026-07-20 19:39:31,계란말이,2,14000
2026-07-20 19:44:18,아메리카노(HOT),2,4000
2026-07-20 19:44:18,김치찌개(1인),2,18000
2026-07-20 20:19:07,공기밥,1,1000
2026-07-20 20:19:07,김치찌개(1인),1,9000
2026-07-20 20:42:29,계란말이,1,7000
2026-07-20 20:45:14,김치찌개(2인),1,17000
2026-07-20 20:45:14,콜라,1,2000
2026-07-20 20:45:14,김치찌개(1인),1,9000
2026-07-21 11:31:10,계절한정 냉면,1,10000
2026-07-21 11:34:38,김치찌개(1인),1,9000
2026-07-21 11:37:58,김치찌개(2인),1,17000
2026-07-21 11:41:20,아메리카노(HOT),1,2000
2026-07-21 11:41:20,제육볶음,1,11000
2026-07-21 11:42:00,아메리카노(ICE),1,2000
2026-07-21 11:47:13,비빔밥,1,9000
2026-07-21 11:47:13,비빔밥,1,9000
2026-07-21 11:53:18,김치찌개(1인),1,9000
2026-07-21 11:53:18,불고기 정식,1,13000
2026-07-21 11:53:18,불고기 정식,1,13000
2026-07-21 11:56:21,제육볶음,1,11000
2026-07-21 11:56:21,비빔밥,1,9000
2026-07-21 11:59:14,제육볶음,1,11000
2026-07-21 12:01:13,제육볶음,1,11000
2026-07-21 12:01:30,불고기 정식,1,13000
2026-07-21 12:01:30,된장찌개(1인),1,9000
2026-07-21 12:01:30,콜라,1,2000
2026-07-21 12:02:12,공기밥,1,1000
2026-07-21 12:02:12,계란말이,1,7000
2026-07-21 12:02:12,김치찌개(1인),1,9000
2026-07-21 12:06:15,된장찌개(1인),1,9000
2026-07-21 12:06:15,된장찌개(1인),1,9000
2026-07-21 12:08:09,제육볶음,1,11000
2026-07-21 12:08:09,된장찌개(1인),2,18000
2026-07-21 12:15:16,김치찌개(2인),1,17000
2026-07-21 12:15:16,김치찌개(1인),1,9000
2026-07-21 12:15:43,아메리카노(ICE),1,2000
2026-07-21 12:16:40,비빔밥,2,18000
2026-07-21 12:17:15,계절한정 냉면,1,10000
2026-07-21 12:17:15,순두부찌개,1,9500
2026-07-21 12:17:30,김치찌개(1인),2,18000
2026-07-21 12:19:54,순두부찌개,1,9500
2026-07-21 12:20:25,김치찌개(1인),1,9000
2026-07-21 12:22:42,불고기 정식,1,13000
2026-07-21 12:22:42,제육볶음,2,22000
2026-07-21 12:22:42,김치찌개(2인),1,17000
2026-07-21 12:26:17,공기밥,1,1000
2026-07-21 12:26:17,김치찌개(2인),1,17000
2026-07-21 12:34:14,순두부찌개,1,9500
2026-07-21 12:34:14,콜라,1,2000
2026-07-21 12:34:18,아메리카노(HOT),1,2000
2026-07-21 12:34:18,김치찌개(1인),2,18000
2026-07-21 12:34:18,김치찌개(2인),1,17000
2026-07-21 12:49:41,순두부찌개,1,9500
2026-07-21 12:55:32,된장찌개(1인),1,9000
2026-07-21 12:57:22,된장찌개(1인),1,9000
2026-07-21 12:57:22,비빔밥,1,9000
2026-07-21 12:57:22,계절한정 냉면,1,10000
2026-07-21 12:57:55,갈비탕,1,13000
2026-07-21 12:59:30,순두부찌개,1,9500
2026-07-21 12:59:30,제육볶음,1,11000
2026-07-21 13:01:26,김치찌개(1인),1,9000
2026-07-21 13:03:40,된장찌개(1인),1,9000
2026-07-21 13:03:40,아메리카노(ICE),1,2000
2026-07-21 13:03:40,김치찌개(2인),1,17000
2026-07-21 13:06:03,갈비탕,1,13000
2026-07-21 13:06:03,불고기 정식,2,26000
2026-07-21 13:12:30,아메리카노(ICE),1,2000
2026-07-21 13:15:47,순두부찌개,1,9500
2026-07-21 13:15:47,김치찌개(1인),2,18000
2026-07-21 13:20:03,김치찌개(1인),2,18000
2026-07-21 13:20:03,공기밥,1,1000
2026-07-21 17:45:52,제육볶음,2,22000
2026-07-21 17:54:51,김치찌개(2인),1,17000
2026-07-21 17:54:51,불고기 정식,1,13000
2026-07-21 18:17:13,콜라,1,2000
2026-07-21 18:20:25,계란말이,1,7000
2026-07-21 18:20:25,제육볶음,1,11000
2026-07-21 18:22:57,갈비탕,1,13000
2026-07-21 18:22:57,계란말이,2,14000
2026-07-21 18:27:05,콜라,1,2000
2026-07-21 18:27:05,김치찌개(2인),1,17000
2026-07-21 18:28:06,콜라,1,2000
2026-07-21 18:28:06,김치찌개(1인),1,9000
2026-07-21 18:39:04,계란말이,1,7000
2026-07-21 18:51:47,된장찌개(1인),1,9000
2026-07-21 18:51:47,김치찌개(1인),2,18000
2026-07-21 18:53:03,공기밥,1,1000
2026-07-21 18:56:11,김치찌개(1인),1,9000
2026-07-21 18:56:11,제육볶음,1,11000
2026-07-21 18:56:31,아메리카노(HOT),1,2000
2026-07-21 18:56:31,계절한정 냉면,1,10000
2026-07-21 19:03:10,제육볶음,1,11000
2026-07-21 19:06:09,공기밥,2,2000
2026-07-21 19:06:09,된장찌개(1인),1,9000
2026-07-21 19:12:51,제육볶음,1,11000
2026-07-21 19:24:26,불고기 정식,1,13000
2026-07-21 19:24:26,콜라,1,2000
2026-07-21 19:24:26,공기밥,1,1000
2026-07-21 19:24:43,불고기 정식,1,13000
2026-07-21 19:30:47,비빔밥,1,9000
2026-07-21 19:30:47,아메리카노(ICE),1,2000
2026-07-21 19:33:06,비빔밥,1,9000
2026-07-21 19:33:06,된장찌개(1인),2,18000
2026-07-21 19:43:52,김치찌개(1인),1,9000
2026-07-21 19:43:52,계란말이,2,14000
2026-07-21 19:43:52,김치찌개(1인),1,9000
2026-07-21 19:51:32,갈비탕,2,26000
2026-07-21 19:51:32,계절한정 냉면,1,10000
2026-07-21 19:58:20,공기밥,2,2000
2026-07-21 19:58:20,김치찌개(1인),1,9000
2026-07-21 19:58:20,갈비탕,1,13000
2026-07-21 20:27:51,김치찌개(2인),1,17000
2026-07-21 20:27:51,계절한정 냉면,1,10000
2026-07-21 20:27:51,공기밥,1,1000
2026-07-22 11:30:30,김치찌개(1인),1,9000
2026-07-22 11:40:12,갈비탕,1,13000
2026-07-22 11:40:12,공기밥,2,2000
2026-07-22 11:52:56,아메리카노(HOT),1,2000
2026-07-22 11:52:56,김치찌개(1인),2,18000
2026-07-22 11:53:00,아메리카노(HOT),1,2000
2026-07-22 11:53:00,계절한정 냉면,1,10000
2026-07-22 11:56:00,김치찌개(2인),1,17000
2026-07-22 11:56:28,순두부찌개,1,9500
2026-07-22 11:56:28,불고기 정식,1,13000
2026-07-22 11:56:33,공기밥,1,1000
2026-07-22 11:58:54,아메리카노(ICE),1,2000
2026-07-22 12:01:04,아메리카노(ICE),1,2000
2026-07-22 12:01:04,비빔밥,1,9000
2026-07-22 12:01:04,된장찌개(1인),1,9000
2026-07-22 12:03:04,김치찌개(1인),1,9000
2026-07-22 12:11:55,김치찌개(1인),1,9000
2026-07-22 12:21:17,아메리카노(ICE),1,2000
2026-07-22 12:21:17,불고기 정식,1,13000
2026-07-22 12:23:19,공기밥,1,1000
2026-07-22 12:23:23,불고기 정식,1,13000
2026-07-22 12:23:23,아메리카노(ICE),1,2000
2026-07-22 12:23:33,된장찌개(1인),1,9000
2026-07-22 12:23:33,된장찌개(1인),2,18000
2026-07-22 12:32:00,된장찌개(1인),1,9000
2026-07-22 12:33:24,김치찌개(1인),1,9000
2026-07-22 12:39:37,계절한정 냉면,1,10000
2026-07-22 12:39:37,비빔밥,1,9000
2026-07-22 12:42:25,김치찌개(1인),1,9000
2026-07-22 12:42:25,계란말이,1,7000
2026-07-22 12:43:10,비빔밥,2,18000
2026-07-22 12:43:10,순두부찌개,1,9500
2026-07-22 12:44:13,순두부찌개,1,9500
2026-07-22 12:44:13,계란말이,1,7000
2026-07-22 12:44:13,비빔밥,2,18000
2026-07-22 12:46:04,제육볶음,2,22000
2026-07-22 12:54:40,된장찌개(1인),1,9000
2026-07-22 12:56:13,비빔밥,1,9000
2026-07-22 12:56:36,순두부찌개,1,9500
2026-07-22 12:56:36,비빔밥,2,18000
2026-07-22 12:58:49,비빔밥,1,9000
2026-07-22 12:58:49,공기밥,2,2000
2026-07-22 13:01:45,계절한정 냉면,1,10000
2026-07-22 13:07:50,불고기 정식,1,13000
2026-07-22 13:14:09,계절한정 냉면,1,10000
2026-07-22 13:14:09,아메리카노(ICE),1,2000
2026-07-22 13:26:50,순두부찌개,1,9500
2026-07-22 17:48:15,제육볶음,1,11000
2026-07-22 18:00:09,비빔밥,1,9000
2026-07-22 18:00:09,김치찌개(1인),1,9000
2026-07-22 18:01:11,계란말이,1,7000
2026-07-22 18:02:36,순두부찌개,1,9500
2026-07-22 18:08:15,김치찌개(2인),1,17000
2026-07-22 18:13:03,계란말이,1,7000
2026-07-22 18:13:03,김치찌개(2인),2,34000
2026-07-22 18:27:22,공기밥,1,1000
2026-07-22 18:27:22,제육볶음,1,11000
2026-07-22 18:32:34,순두부찌개,1,9500
2026-07-22 18:32:34,불고기 정식,1,13000
2026-07-22 18:38:32,갈비탕,2,26000
2026-07-22 18:41:51,된장찌개(1인),2,18000
2026-07-22 18:41:51,된장찌개(1인),1,9000
2026-07-22 18:41:51,계란말이,2,14000
2026-07-22 18:44:22,계란말이,2,14000
2026-07-22 18:59:58,된장찌개(1인),1,9000
2026-07-22 19:03:14,콜라,1,2000
2026-07-22 19:03:14,제육볶음,2,22000
2026-07-22 19:05:33,비빔밥,1,9000
2026-07-22 19:09:46,김치찌개(1인),1,9000
2026-07-22 19:09:46,김치찌개(1인),1,9000
2026-07-22 19:11:35,김치찌개(1인),1,9000
2026-07-22 19:20:41,불고기 정식,1,13000
2026-07-22 19:20:41,김치찌개(1인),1,9000
2026-07-22 19:21:12,김치찌개(1인),1,9000
2026-07-22 19:21:12,갈비탕,1,13000
2026-07-22 19:21:12,제육볶음,1,11000
2026-07-22 19:23:32,계절한정 냉면,1,10000
2026-07-22 19:24:27,된장찌개(1인),1,9000
2026-07-22 19:26:01,김치찌개(2인),1,17000
2026-07-22 19:26:01,콜라,2,4000
2026-07-22 19:26:01,제육볶음,1,11000
2026-07-22 19:45:07,콜라,1,2000
2026-07-22 19:49:48,불고기 정식,1,13000
2026-07-22 19:49:48,계란말이,1,7000
2026-07-22 19:49:48,제육볶음,1,11000
2026-07-22 20:03:47,김치찌개(2인),1,17000
2026-07-22 20:13:18,제육볶음,1,11000
2026-07-22 20:13:18,김치찌개(1인),1,9000
2026-07-22 20:16:45,김치찌개(2인),1,17000
2026-07-22 20:16:45,제육볶음,1,11000
2026-07-23 11:40:34,김치찌개(1인),1,9000
2026-07-23 11:51:50,갈비탕,1,13000
2026-07-23 11:52:04,갈비탕,1,13000
2026-07-23 11:56:25,된장찌개(1인),1,9000
2026-07-23 11:56:25,순두부찌개,1,9500
2026-07-23 11:56:25,김치찌개(2인),1,17000
2026-07-23 12:03:17,김치찌개(1인),2,18000
2026-07-23 12:03:17,콜라,2,4000
2026-07-23 12:03:17,김치찌개(1인),1,9000
2026-07-23 12:03:17,아메리카노(ICE),1,2000
2026-07-23 12:05:00,콜라,1,2000
2026-07-23 12:08:54,김치찌개(1인),1,9000
2026-07-23 12:08:54,된장찌개(1인),2,18000
2026-07-23 12:08:54,김치찌개(1인),1,9000
2026-07-23 12:17:02,비빔밥,1,9000
2026-07-23 12:19:24,된장찌개(1인),2,18000
2026-07-23 12:22:31,계란말이,1,7000
2026-07-23 12:22:31,아메리카노(ICE),2,4000
2026-07-23 12:27:56,김치찌개(2인),1,17000
2026-07-23 12:33:07,김치찌개(1인),1,9000
2026-07-23 12:35:08,불고기 정식,1,13000
2026-07-23 12:38:36,계란말이,2,14000
2026-07-23 12:38:36,불고기 정식,2,26000
2026-07-23 12:38:36,갈비탕,1,13000
2026-07-23 12:40:43,김치찌개(1인),1,9000
2026-07-23 12:40:43,아메리카노(ICE),2,4000
2026-07-23 12:41:48,된장찌개(1인),1,9000
2026-07-23 12:41:48,김치찌개(2인),1,17000
2026-07-23 12:49:32,김치찌개(1인),2,18000
2026-07-23 12:50:06,계란말이,2,14000
2026-07-23 12:56:12,불고기 정식,1,13000
2026-07-23 12:56:12,아메리카노(ICE),2,4000
2026-07-23 12:58:06,아메리카노(ICE),1,2000
2026-07-23 12:58:06,순두부찌개,2,19000
2026-07-23 12:58:06,계절한정 냉면,1,10000
2026-07-23 12:58:48,김치찌개(1인),1,9000
2026-07-23 12:58:48,김치찌개(1인),1,9000
2026-07-23 12:58:48,김치찌개(1인),1,9000
2026-07-23 13:01:11,김치찌개(1인),1,9000
2026-07-23 13:03:24,갈비탕,1,13000
2026-07-23 13:08:31,아메리카노(HOT),1,2000
2026-07-23 13:08:31,순두부찌개,1,9500
2026-07-23 13:08:31,아메리카노(ICE),1,2000
2026-07-23 13:11:53,비빔밥,2,18000
2026-07-23 13:22:51,갈비탕,1,13000
2026-07-23 13:40:59,불고기 정식,1,13000
2026-07-23 13:40:59,비빔밥,1,9000
2026-07-23 17:49:15,계란말이,1,7000
2026-07-23 17:49:15,비빔밥,2,18000
2026-07-23 17:51:19,순두부찌개,1,9500
2026-07-23 17:51:19,비빔밥,2,18000
2026-07-23 18:00:53,불고기 정식,1,13000
2026-07-23 18:00:53,계란말이,1,7000
2026-07-23 18:16:46,불고기 정식,1,13000
2026-07-23 18:25:54,김치찌개(2인),1,17000
2026-07-23 18:27:06,갈비탕,1,13000
2026-07-23 18:27:06,콜라,1,2000
2026-07-23 18:27:06,김치찌개(2인),1,17000
2026-07-23 18:32:02,제육볶음,1,11000
2026-07-23 18:32:31,김치찌개(2인),1,17000
2026-07-23 18:32:31,공기밥,2,2000
2026-07-23 18:35:15,비빔밥,1,9000
2026-07-23 18:38:24,콜라,1,2000
2026-07-23 18:38:24,불고기 정식,1,13000
2026-07-23 18:38:24,김치찌개(1인),1,9000
2026-07-23 18:46:16,순두부찌개,1,9500
2026-07-23 18:46:16,비빔밥,2,18000
2026-07-23 18:47:06,계란말이,1,7000
2026-07-23 18:47:06,된장찌개(1인),1,9000
2026-07-23 18:51:33,순두부찌개,1,9500
2026-07-23 18:51:33,비빔밥,1,9000
2026-07-23 18:52:31,갈비탕,1,13000
2026-07-23 19:11:39,제육볶음,1,11000
2026-07-23 19:12:10,김치찌개(1인),2,18000
2026-07-23 19:12:10,제육볶음,1,11000
2026-07-23 19:18:04,된장찌개(1인),1,9000
2026-07-23 19:20:36,갈비탕,1,13000
2026-07-23 19:26:33,된장찌개(1인),1,9000
2026-07-23 19:26:33,김치찌개(2인),1,17000
2026-07-23 19:26:33,김치찌개(2인),1,17000
2026-07-23 19:39:44,불고기 정식,1,13000
2026-07-23 19:39:44,김치찌개(2인),1,17000
2026-07-23 19:39:44,된장찌개(1인),1,9000
2026-07-23 19:46:32,공기밥,1,1000
2026-07-23 19:49:12,계절한정 냉면,1,10000
2026-07-23 19:49:12,불고기 정식,2,26000
2026-07-24 11:31:39,불고기 정식,1,13000
2026-07-24 11:34:25,비빔밥,1,9000
2026-07-24 11:34:25,김치찌개(1인),2,18000
2026-07-24 11:34:25,콜라,1,2000
2026-07-24 11:38:06,김치찌개(2인),2,34000
2026-07-24 11:38:06,콜라,2,4000
2026-07-24 11:39:14,아메리카노(ICE),1,2000
2026-07-24 11:42:57,아메리카노(ICE),1,2000
2026-07-24 11:45:35,콜라,1,2000
2026-07-24 11:53:02,된장찌개(1인),1,9000
2026-07-24 11:53:02,계절한정 냉면,1,10000
2026-07-24 11:53:02,김치찌개(1인),1,9000
2026-07-24 11:53:28,제육볶음,1,11000
2026-07-24 11:54:01,불고기 정식,1,13000
2026-07-24 11:54:01,아메리카노(ICE),2,4000
2026-07-24 12:11:06,된장찌개(1인),2,18000
2026-07-24 12:14:21,김치찌개(1인),1,9000
2026-07-24 12:14:21,순두부찌개,2,19000
2026-07-24 12:14:21,불고기 정식,2,26000
2026-07-24 12:17:20,제육볶음,2,22000
2026-07-24 12:17:20,김치찌개(1인),1,9000
2026-07-24 12:20:17,김치찌개(1인),1,9000
2026-07-24 12:20:17,된장찌개(1인),1,9000
2026-07-24 12:20:17,김치찌개(1인),1,9000
2026-07-24 12:21:57,김치찌개(1인),1,9000
2026-07-24 12:22:31,갈비탕,1,13000
2026-07-24 12:22:31,김치찌개(1인),1,9000
2026-07-24 12:24:21,김치찌개(1인),2,18000
2026-07-24 12:24:21,불고기 정식,1,13000
2026-07-24 12:30:16,비빔밥,2,18000
2026-07-24 12:33:28,순두부찌개,1,9500
2026-07-24 12:33:28,된장찌개(1인),1,9000
2026-07-24 12:36:47,비빔밥,1,9000
2026-07-24 12:36:47,순두부찌개,1,9500
2026-07-24 12:36:47,불고기 정식,1,13000
2026-07-24 12:38:13,아메리카노(ICE),1,2000
2026-07-24 12:38:13,계란말이,1,7000
2026-07-24 12:38:13,순두부찌개,1,9500
2026-07-24 12:43:25,아메리카노(ICE),1,2000
2026-07-24 12:45:20,불고기 정식,1,13000
2026-07-24 12:45:20,제육볶음,2,22000
2026-07-24 12:45:20,김치찌개(2인),1,17000
2026-07-24 12:58:09,순두부찌개,1,9500
2026-07-24 13:02:10,순두부찌개,1,9500
2026-07-24 13:02:10,공기밥,1,1000
2026-07-24 13:02:10,비빔밥,1,9000
2026-07-24 13:04:07,김치찌개(1인),1,9000
2026-07-24 13:04:07,불고기 정식,1,13000
2026-07-24 13:04:07,불고기 정식,1,13000
2026-07-24 13:07:06,김치찌개(2인),2,34000
2026-07-24 13:09:26,계절한정 냉면,1,10000
2026-07-24 13:09:26,계절한정 냉면,1,10000
2026-07-24 13:31:03,계란말이,1,7000
2026-07-24 13:31:03,콜라,1,2000
2026-07-24 17:38:44,김치찌개(2인),2,34000
2026-07-24 18:02:17,된장찌개(1인),1,9000
2026-07-24 18:02:17,김치찌개(2인),2,34000
2026-07-24 18:02:17,순두부찌개,1,9500
2026-07-24 18:02:28,김치찌개(2인),1,17000
2026-07-24 18:02:28,계란말이,1,7000
2026-07-24 18:11:59,공기밥,1,1000
2026-07-24 18:17:36,제육볶음,1,11000
2026-07-24 18:17:36,공기밥,1,1000
2026-07-24 18:17:36,김치찌개(2인),1,17000
2026-07-24 18:34:53,순두부찌개,1,9500
2026-07-24 18:44:38,김치찌개(1인),1,9000
2026-07-24 18:51:19,공기밥,1,1000
2026-07-24 18:51:19,계란말이,1,7000
2026-07-24 18:51:19,제육볶음,1,11000
2026-07-24 18:53:47,공기밥,1,1000
2026-07-24 18:53:47,김치찌개(2인),1,17000
2026-07-24 18:53:47,제육볶음,2,22000
2026-07-24 18:54:27,불고기 정식,1,13000
2026-07-24 18:54:27,된장찌개(1인),1,9000
2026-07-24 18:54:27,계란말이,2,14000
2026-07-24 18:55:02,불고기 정식,1,13000
2026-07-24 18:55:02,김치찌개(2인),1,17000
2026-07-24 18:57:02,김치찌개(1인),1,9000
2026-07-24 18:57:02,아메리카노(HOT),1,2000
2026-07-24 19:06:32,공기밥,1,1000
2026-07-24 19:13:32,제육볶음,2,22000
2026-07-24 19:14:29,제육볶음,2,22000
2026-07-24 19:19:45,콜라,1,2000
2026-07-24 19:19:45,제육볶음,1,11000
2026-07-24 19:19:45,계란말이,1,7000
2026-07-24 19:21:36,김치찌개(1인),1,9000
2026-07-24 19:21:36,제육볶음,1,11000
2026-07-24 19:21:36,계란말이,1,7000
2026-07-24 19:22:05,순두부찌개,1,9500
2026-07-24 19:22:42,불고기 정식,1,13000
2026-07-24 19:23:36,김치찌개(2인),2,34000
2026-07-24 19:23:36,계란말이,1,7000
2026-07-24 19:24:25,불고기 정식,1,13000
2026-07-24 19:24:25,김치찌개(1인),1,9000
2026-07-24 19:30:16,김치찌개(1인),1,9000
2026-07-24 19:30:16,김치찌개(2인),1,17000
2026-07-24 19:30:16,불고기 정식,1,13000
2026-07-24 19:33:37,콜라,1,2000
2026-07-24 19:33:37,김치찌개(2인),1,17000
2026-07-24 19:33:37,제육볶음,1,11000
2026-07-24 20:01:26,비빔밥,1,9000
2026-07-24 20:01:26,김치찌개(2인),1,17000
2026-07-24 20:01:26,계란말이,1,7000
2026-07-24 20:15:16,불고기 정식,2,26000
2026-07-24 20:15:16,공기밥,1,1000
2026-07-24 20:22:29,김치찌개(2인),2,34000
2026-07-24 20:26:23,불고기 정식,1,13000
2026-07-25 11:42:27,비빔밥,1,9000
2026-07-25 11:42:27,불고기 정식,1,13000
2026-07-25 11:43:30,비빔밥,1,9000
2026-07-25 11:43:30,아메리카노(ICE),1,2000
2026-07-25 11:50:01,공기밥,1,1000
2026-07-25 11:50:01,불고기 정식,1,13000
2026-07-25 11:50:01,공기밥,2,2000
2026-07-25 11:53:55,아메리카노(HOT),1,2000
2026-07-25 11:56:28,순두부찌개,1,9500
2026-07-25 12:11:49,갈비탕,1,13000
2026-07-25 12:11:49,비빔밥,1,9000
2026-07-25 12:15:06,비빔밥,1,9000
2026-07-25 12:22:21,제육볶음,1,11000
2026-07-25 12:23:33,비빔밥,1,9000
2026-07-25 12:23:33,계란말이,1,7000
2026-07-25 12:25:35,계란말이,1,7000
2026-07-25 12:25:35,비빔밥,2,18000
2026-07-25 12:30:13,공기밥,1,1000
2026-07-25 12:30:13,김치찌개(1인),1,9000
2026-07-25 12:31:12,김치찌개(1인),1,9000
2026-07-25 12:31:12,된장찌개(1인),1,9000
2026-07-25 12:31:12,김치찌개(1인),1,9000
2026-07-25 12:32:37,아메리카노(ICE),1,2000
2026-07-25 12:32:37,공기밥,2,2000
2026-07-25 12:32:37,콜라,1,2000
2026-07-25 12:39:21,김치찌개(2인),1,17000
2026-07-25 12:39:21,김치찌개(1인),1,9000
2026-07-25 12:39:21,순두부찌개,1,9500
2026-07-25 12:42:38,김치찌개(1인),1,9000
2026-07-25 12:43:22,공기밥,2,2000
2026-07-25 12:46:41,순두부찌개,1,9500
2026-07-25 12:46:41,아메리카노(ICE),1,2000
2026-07-25 12:52:53,아메리카노(HOT),2,4000
2026-07-25 13:12:50,된장찌개(1인),1,9000
2026-07-25 13:12:50,김치찌개(1인),1,9000
2026-07-25 13:12:50,순두부찌개,1,9500
2026-07-25 13:14:26,불고기 정식,1,13000
2026-07-25 13:29:04,아메리카노(ICE),2,4000
2026-07-25 13:29:04,계절한정 냉면,1,10000
2026-07-25 13:29:04,갈비탕,1,13000
2026-07-25 13:30:26,아메리카노(ICE),1,2000
2026-07-25 13:40:57,김치찌개(1인),1,9000
2026-07-25 17:57:40,갈비탕,1,13000
2026-07-25 17:57:40,김치찌개(1인),1,9000
2026-07-25 17:59:03,계란말이,1,7000
2026-07-25 18:16:50,제육볶음,2,22000
2026-07-25 18:17:02,계란말이,1,7000
2026-07-25 18:17:02,콜라,1,2000
2026-07-25 18:17:50,김치찌개(1인),1,9000
2026-07-25 18:20:07,계절한정 냉면,1,10000
2026-07-25 18:20:07,불고기 정식,1,13000
2026-07-25 18:21:01,된장찌개(1인),1,9000
2026-07-25 18:21:01,갈비탕,1,13000
2026-07-25 18:25:24,제육볶음,1,11000
2026-07-25 18:25:24,공기밥,1,1000
2026-07-25 18:25:24,김치찌개(1인),1,9000
2026-07-25 18:39:20,김치찌개(2인),1,17000
2026-07-25 18:39:20,김치찌개(1인),1,9000
2026-07-25 18:39:45,제육볶음,2,22000
2026-07-25 18:39:45,제육볶음,1,11000
2026-07-25 18:39:45,불고기 정식,2,26000
2026-07-25 18:42:44,공기밥,2,2000
2026-07-25 18:42:44,계절한정 냉면,1,10000
2026-07-25 18:45:10,계절한정 냉면,1,10000
2026-07-25 18:47:16,김치찌개(1인),1,9000
2026-07-25 18:47:16,공기밥,1,1000
2026-07-25 18:47:16,순두부찌개,1,9500
2026-07-25 18:47:18,불고기 정식,1,13000
2026-07-25 18:47:18,불고기 정식,1,13000
2026-07-25 18:47:18,아메리카노(HOT),1,2000
2026-07-25 19:01:18,계란말이,1,7000
2026-07-25 19:01:18,김치찌개(2인),1,17000
2026-07-25 19:03:08,공기밥,2,2000
2026-07-25 19:03:08,계란말이,1,7000
2026-07-25 19:03:08,콜라,1,2000
2026-07-25 19:06:42,계란말이,1,7000
2026-07-25 19:12:27,김치찌개(1인),1,9000
2026-07-25 19:12:27,공기밥,1,1000
2026-07-25 19:12:27,공기밥,2,2000
2026-07-25 19:19:29,갈비탕,1,13000
2026-07-25 19:19:29,불고기 정식,1,13000
2026-07-25 19:27:19,김치찌개(2인),1,17000
2026-07-25 19:27:19,김치찌개(1인),2,18000
2026-07-25 19:27:28,제육볶음,1,11000
2026-07-25 19:27:28,비빔밥,1,9000
2026-07-25 19:28:46,계란말이,2,14000
2026-07-25 19:28:46,제육볶음,1,11000
2026-07-25 19:29:02,김치찌개(1인),1,9000
2026-07-25 19:31:34,김치찌개(2인),1,17000
2026-07-25 19:31:34,김치찌개(1인),1,9000
2026-07-25 19:31:34,김치찌개(2인),1,17000
2026-07-25 19:34:01,김치찌개(2인),1,17000
2026-07-25 19:49:08,공기밥,1,1000
2026-07-25 19:50:52,공기밥,1,1000
2026-07-25 19:50:52,김치찌개(2인),1,17000
2026-07-25 20:09:38,김치찌개(2인),2,34000
2026-07-25 20:09:38,제육볶음,1,11000
2026-07-25 20:37:50,불고기 정식,2,26000
2026-07-25 20:37:50,콜라,1,2000
2026-07-25 20:38:12,계란말이,1,7000
2026-07-25 20:46:58,김치찌개(1인),1,9000
2026-07-25 20:47:55,제육볶음,2,22000
2026-07-25 20:47:55,된장찌개(1인),1,9000
2026-07-25 20:50:09,계란말이,1,7000
2026-07-25 20:50:09,공기밥,1,1000
2026-07-25 20:50:09,불고기 정식,1,13000
2026-07-26 11:53:09,비빔밥,1,9000
2026-07-26 11:53:09,비빔밥,1,9000
2026-07-26 11:55:16,김치찌개(2인),1,17000
2026-07-26 11:56:14,순두부찌개,1,9500
2026-07-26 12:01:40,공기밥,2,2000
2026-07-26 12:01:40,된장찌개(1인),1,9000
2026-07-26 12:02:22,순두부찌개,2,19000
2026-07-26 12:03:58,김치찌개(1인),1,9000
2026-07-26 12:03:58,불고기 정식,2,26000
2026-07-26 12:03:58,갈비탕,1,13000
2026-07-26 12:11:06,김치찌개(1인),1,9000
2026-07-26 12:12:01,된장찌개(1인),2,18000
2026-07-26 12:12:24,제육볶음,1,11000
2026-07-26 12:18:44,비빔밥,1,9000
2026-07-26 12:32:41,갈비탕,1,13000
2026-07-26 12:32:41,계란말이,1,7000
2026-07-26 12:33:11,김치찌개(1인),2,18000
2026-07-26 12:33:32,공기밥,1,1000
2026-07-26 12:34:38,비빔밥,1,9000
2026-07-26 12:34:38,비빔밥,1,9000
2026-07-26 12:36:46,순두부찌개,2,19000
2026-07-26 12:36:46,된장찌개(1인),2,18000
2026-07-26 12:37:04,아메리카노(ICE),1,2000
2026-07-26 12:37:04,아메리카노(HOT),1,2000
2026-07-26 12:37:04,순두부찌개,1,9500
2026-07-26 12:40:19,비빔밥,1,9000
2026-07-26 12:40:19,제육볶음,1,11000
2026-07-26 12:40:19,아메리카노(HOT),1,2000
2026-07-26 12:41:30,된장찌개(1인),1,9000
2026-07-26 12:41:30,된장찌개(1인),1,9000
2026-07-26 12:43:57,불고기 정식,1,13000
2026-07-26 12:43:57,아메리카노(HOT),1,2000
2026-07-26 12:58:57,순두부찌개,2,19000
2026-07-26 12:58:57,된장찌개(1인),1,9000
2026-07-26 12:58:57,불고기 정식,1,13000
2026-07-26 13:03:48,아메리카노(ICE),1,2000
2026-07-26 13:03:48,김치찌개(1인),1,9000
2026-07-26 13:20:58,된장찌개(1인),2,18000
2026-07-26 13:20:58,순두부찌개,1,9500
2026-07-26 13:20:58,김치찌개(2인),1,17000
2026-07-26 13:21:29,공기밥,1,1000
2026-07-26 13:21:29,된장찌개(1인),1,9000
2026-07-26 13:29:18,김치찌개(1인),1,9000
2026-07-26 13:29:18,계절한정 냉면,1,10000
2026-07-26 17:48:42,김치찌개(2인),1,17000
2026-07-26 17:48:42,갈비탕,1,13000
2026-07-26 17:48:42,공기밥,1,1000
2026-07-26 17:53:57,된장찌개(1인),1,9000
2026-07-26 18:05:00,갈비탕,2,26000
2026-07-26 18:08:49,계란말이,1,7000
2026-07-26 18:08:49,된장찌개(1인),1,9000
2026-07-26 18:08:49,아메리카노(HOT),1,2000
2026-07-26 18:32:24,비빔밥,1,9000
2026-07-26 18:32:24,비빔밥,2,18000
2026-07-26 18:35:33,비빔밥,1,9000
2026-07-26 18:35:33,콜라,1,2000
2026-07-26 18:36:39,제육볶음,1,11000
2026-07-26 18:48:09,김치찌개(1인),1,9000
2026-07-26 18:48:09,공기밥,1,1000
2026-07-26 18:48:09,아메리카노(ICE),1,2000
2026-07-26 18:49:07,아메리카노(ICE),2,4000
2026-07-26 18:53:23,김치찌개(1인),1,9000
2026-07-26 18:53:23,불고기 정식,1,13000
2026-07-26 18:53:25,불고기 정식,2,26000
2026-07-26 18:53:25,공기밥,1,1000
2026-07-26 18:53:25,김치찌개(1인),1,9000
2026-07-26 18:56:38,김치찌개(1인),1,9000
2026-07-26 18:56:38,제육볶음,1,11000
2026-07-26 18:57:25,김치찌개(2인),1,17000
2026-07-26 18:57:25,제육볶음,1,11000
2026-07-26 18:58:27,비빔밥,1,9000
2026-07-26 19:11:51,콜라,2,4000
2026-07-26 19:11:51,공기밥,1,1000
2026-07-26 19:11:51,김치찌개(1인),1,9000
2026-07-26 19:12:21,김치찌개(2인),2,34000
2026-07-26 19:12:21,아메리카노(HOT),2,4000
2026-07-26 19:12:21,제육볶음,1,11000
2026-07-26 19:15:44,갈비탕,1,13000
2026-07-26 19:21:59,콜라,2,4000
2026-07-26 19:24:09,갈비탕,1,13000
2026-07-26 19:24:09,콜라,1,2000
2026-07-26 19:25:40,김치찌개(2인),2,34000
2026-07-26 19:26:43,제육볶음,1,11000
2026-07-26 19:30:27,제육볶음,1,11000
2026-07-26 19:30:27,콜라,2,4000
2026-07-26 19:33:54,제육볶음,1,11000
2026-07-26 19:40:31,김치찌개(1인),2,18000
2026-07-26 19:40:31,아메리카노(HOT),1,2000
2026-07-26 19:41:34,갈비탕,1,13000
2026-07-26 19:41:34,비빔밥,1,9000
2026-07-26 19:41:34,계절한정 냉면,1,10000
2026-07-26 19:46:35,비빔밥,1,9000
2026-07-26 19:46:35,김치찌개(2인),1,17000
2026-07-26 20:01:43,공기밥,2,2000
2026-07-26 20:01:43,아메리카노(ICE),2,4000
2026-07-26 20:01:43,된장찌개(1인),1,9000
2026-07-26 20:04:27,김치찌개(1인),1,9000
2026-07-26 20:09:48,계란말이,1,7000
2026-07-26 20:22:41,갈비탕,1,13000
2026-07-26 20:22:41,갈비탕,1,13000
2026-07-26 20:42:37,계란말이,1,7000
2026-07-27 11:34:56,제육볶음,1,11000
2026-07-27 11:39:40,김치찌개(1인),1,9000
2026-07-27 11:39:40,불고기 정식,1,13000
2026-07-27 11:39:40,제육볶음,1,11000
2026-07-27 11:48:11,순두부찌개,2,19000
2026-07-27 11:54:44,김치찌개(1인),1,9000
2026-07-27 11:54:44,아메리카노(HOT),1,2000
2026-07-27 11:54:44,김치찌개(2인),1,17000
2026-07-27 11:56:17,순두부찌개,1,9500
2026-07-27 11:56:17,된장찌개(1인),1,9000
2026-07-27 11:56:17,갈비탕,1,13000
2026-07-27 12:00:59,된장찌개(1인),1,9000
2026-07-27 12:00:59,제육볶음,1,11000
2026-07-27 12:00:59,김치찌개(1인),1,9000
2026-07-27 12:01:17,순두부찌개,1,9500
2026-07-27 12:01:52,순두부찌개,1,9500
2026-07-27 12:01:52,김치찌개(1인),1,9000
2026-07-27 12:02:02,김치찌개(1인),1,9000
2026-07-27 12:02:02,순두부찌개,2,19000
2026-07-27 12:02:15,김치찌개(1인),1,9000
2026-07-27 12:02:15,김치찌개(1인),2,18000
2026-07-27 12:03:16,비빔밥,2,18000
2026-07-27 12:03:16,콜라,1,2000
2026-07-27 12:04:03,김치찌개(1인),1,9000
2026-07-27 12:07:31,계란말이,1,7000
2026-07-27 12:07:31,아메리카노(HOT),1,2000
2026-07-27 12:07:31,갈비탕,1,13000
2026-07-27 12:09:34,비빔밥,1,9000
2026-07-27 12:15:54,비빔밥,1,9000
2026-07-27 12:19:55,아메리카노(ICE),2,4000
2026-07-27 12:19:55,비빔밥,2,18000
2026-07-27 12:19:55,순두부찌개,1,9500
2026-07-27 12:22:38,제육볶음,1,11000
2026-07-27 12:22:38,계절한정 냉면,1,10000
2026-07-27 12:22:38,비빔밥,1,9000
2026-07-27 12:23:10,제육볶음,1,11000
2026-07-27 12:23:10,계절한정 냉면,1,10000
2026-07-27 12:23:24,비빔밥,2,18000
2026-07-27 12:23:24,제육볶음,2,22000
2026-07-27 12:23:24,순두부찌개,1,9500
2026-07-27 12:37:50,순두부찌개,2,19000
2026-07-27 12:39:54,된장찌개(1인),1,9000
2026-07-27 12:39:54,계절한정 냉면,1,10000
2026-07-27 13:02:55,공기밥,1,1000
2026-07-27 13:02:55,된장찌개(1인),2,18000
2026-07-27 13:02:55,콜라,1,2000
2026-07-27 13:03:20,아메리카노(HOT),1,2000
2026-07-27 13:03:20,김치찌개(1인),1,9000
2026-07-27 13:05:36,순두부찌개,1,9500
2026-07-27 13:08:49,콜라,1,2000
2026-07-27 13:08:49,비빔밥,1,9000
2026-07-27 13:10:57,제육볶음,1,11000
2026-07-27 13:13:41,비빔밥,2,18000
2026-07-27 13:13:41,콜라,1,2000
2026-07-27 13:28:26,갈비탕,2,26000
2026-07-27 13:28:26,제육볶음,1,11000
2026-07-27 13:39:24,아메리카노(HOT),1,2000
2026-07-27 13:39:24,아메리카노(ICE),1,2000
2026-07-27 17:49:55,제육볶음,1,11000
2026-07-27 17:53:08,비빔밥,1,9000
2026-07-27 17:58:18,된장찌개(1인),1,9000
2026-07-27 17:58:18,불고기 정식,1,13000
2026-07-27 17:59:14,갈비탕,1,13000
2026-07-27 18:19:04,제육볶음,1,11000
2026-07-27 18:24:28,제육볶음,1,11000
2026-07-27 18:24:28,갈비탕,1,13000
2026-07-27 18:27:49,계란말이,1,7000
2026-07-27 18:27:49,공기밥,2,2000
2026-07-27 18:29:44,김치찌개(1인),2,18000
2026-07-27 18:39:56,된장찌개(1인),1,9000
2026-07-27 18:39:56,계절한정 냉면,2,20000
2026-07-27 18:41:14,불고기 정식,2,26000
2026-07-27 18:42:00,비빔밥,1,9000
2026-07-27 18:55:03,된장찌개(1인),2,18000
2026-07-27 19:02:00,된장찌개(1인),1,9000
2026-07-27 19:08:31,아메리카노(ICE),1,2000
2026-07-27 19:08:31,김치찌개(2인),1,17000
2026-07-27 19:13:31,순두부찌개,1,9500
2026-07-27 19:13:31,갈비탕,1,13000
2026-07-27 19:16:43,공기밥,1,1000
2026-07-27 19:19:41,된장찌개(1인),1,9000
2026-07-27 19:19:41,순두부찌개,2,19000
2026-07-27 19:19:41,제육볶음,1,11000
2026-07-27 19:20:05,순두부찌개,1,9500
2026-07-27 19:20:05,계절한정 냉면,2,20000
2026-07-27 19:20:05,갈비탕,1,13000
2026-07-27 19:25:01,계란말이,2,14000
2026-07-27 19:25:01,제육볶음,1,11000
2026-07-27 19:33:10,공기밥,2,2000
2026-07-27 19:33:10,순두부찌개,1,9500
2026-07-27 19:38:44,갈비탕,2,26000
2026-07-27 19:38:44,김치찌개(2인),1,17000
2026-07-27 19:53:29,불고기 정식,1,13000
2026-07-27 19:53:29,순두부찌개,1,9500
2026-07-27 19:53:29,계란말이,2,14000
2026-07-27 19:58:12,계란말이,1,7000
2026-07-27 19:58:12,계란말이,1,7000
2026-07-27 20:05:22,김치찌개(2인),1,17000
2026-07-27 20:05:22,계란말이,1,7000
2026-07-27 20:05:22,제육볶음,1,11000
2026-07-27 20:12:03,계란말이,1,7000
2026-07-27 20:12:03,아메리카노(ICE),1,2000
2026-07-27 20:18:58,제육볶음,1,11000
2026-07-27 20:18:58,갈비탕,1,13000
2026-07-27 20:18:58,김치찌개(2인),2,34000
2026-07-27 20:29:50,순두부찌개,1,9500
2026-07-27 20:32:42,제육볶음,2,22000
2026-07-28 11:29:43,김치찌개(1인),1,9000
2026-07-28 11:37:06,된장찌개(1인),1,9000
2026-07-28 11:45:00,순두부찌개,2,19000
2026-07-28 11:45:00,계절한정 냉면,1,10000
2026-07-28 11:47:15,아메리카노(ICE),1,2000
2026-07-28 11:48:28,비빔밥,2,18000
2026-07-28 11:50:11,된장찌개(1인),1,9000
2026-07-28 11:50:11,아메리카노(ICE),1,2000
2026-07-28 11:50:11,김치찌개(2인),1,17000
2026-07-28 11:54:31,불고기 정식,1,13000
2026-07-28 11:54:31,제육볶음,1,11000
2026-07-28 11:55:45,순두부찌개,1,9500
2026-07-28 12:03:14,비빔밥,1,9000
2026-07-28 12:03:14,순두부찌개,1,9500
2026-07-28 12:08:18,공기밥,1,1000
2026-07-28 12:08:18,순두부찌개,1,9500
2026-07-28 12:08:49,불고기 정식,1,13000
2026-07-28 12:08:49,김치찌개(1인),1,9000
2026-07-28 12:08:52,공기밥,1,1000
2026-07-28 12:10:03,비빔밥,1,9000
2026-07-28 12:13:39,계절한정 냉면,2,20000
2026-07-28 12:13:39,된장찌개(1인),1,9000
2026-07-28 12:13:39,공기밥,1,1000
2026-07-28 12:14:14,계란말이,1,7000
2026-07-28 12:14:14,순두부찌개,2,19000
2026-07-28 12:18:52,아메리카노(HOT),1,2000
2026-07-28 12:18:52,제육볶음,1,11000
2026-07-28 12:21:33,순두부찌개,2,19000
2026-07-28 12:22:49,아메리카노(HOT),1,2000
2026-07-28 12:22:49,아메리카노(HOT),1,2000
2026-07-28 12:22:49,순두부찌개,1,9500
2026-07-28 12:28:43,불고기 정식,2,26000
2026-07-28 12:28:43,순두부찌개,1,9500
2026-07-28 12:28:43,비빔밥,1,9000
2026-07-28 12:31:19,김치찌개(1인),1,9000
2026-07-28 12:34:54,계절한정 냉면,2,20000
2026-07-28 12:36:59,김치찌개(1인),2,18000
2026-07-28 12:36:59,김치찌개(1인),1,9000
2026-07-28 12:38:37,제육볶음,1,11000
2026-07-28 12:38:37,제육볶음,1,11000
2026-07-28 12:38:57,아메리카노(ICE),1,2000
2026-07-28 12:42:19,계란말이,1,7000
2026-07-28 12:42:19,공기밥,1,1000
2026-07-28 12:44:06,계란말이,1,7000
2026-07-28 12:44:06,비빔밥,1,9000
2026-07-28 12:44:06,계란말이,1,7000
2026-07-28 12:45:24,제육볶음,1,11000
2026-07-28 12:47:12,순두부찌개,2,19000
2026-07-28 12:47:12,순두부찌개,1,9500
2026-07-28 12:47:12,불고기 정식,1,13000
2026-07-28 12:54:29,제육볶음,1,11000
2026-07-28 12:54:29,순두부찌개,2,19000
2026-07-28 12:54:29,아메리카노(ICE),1,2000
2026-07-28 12:54:46,제육볶음,1,11000
2026-07-28 12:55:06,비빔밥,1,9000
2026-07-28 12:55:06,불고기 정식,1,13000
2026-07-28 12:55:06,비빔밥,1,9000
2026-07-28 12:58:11,김치찌개(1인),1,9000
2026-07-28 12:58:11,김치찌개(1인),2,18000
2026-07-28 12:58:11,계절한정 냉면,1,10000
2026-07-28 13:03:32,갈비탕,1,13000
2026-07-28 13:09:56,김치찌개(1인),1,9000
2026-07-28 13:11:37,순두부찌개,1,9500
2026-07-28 13:11:37,계란말이,1,7000
2026-07-28 13:11:37,불고기 정식,1,13000
2026-07-28 13:24:07,순두부찌개,2,19000
2026-07-28 13:24:07,된장찌개(1인),1,9000
2026-07-28 18:00:34,불고기 정식,2,26000
2026-07-28 18:00:34,불고기 정식,1,13000
2026-07-28 18:00:34,공기밥,1,1000
2026-07-28 18:00:52,김치찌개(1인),1,9000
2026-07-28 18:00:52,김치찌개(2인),1,17000
2026-07-28 18:00:52,공기밥,1,1000
2026-07-28 18:09:19,갈비탕,1,13000
2026-07-28 18:20:44,순두부찌개,1,9500
2026-07-28 18:22:08,불고기 정식,1,13000
2026-07-28 18:23:44,공기밥,1,1000
2026-07-28 18:23:44,아메리카노(ICE),1,2000
2026-07-28 18:23:44,콜라,1,2000
2026-07-28 18:44:59,김치찌개(1인),1,9000
2026-07-28 18:44:59,불고기 정식,1,13000
2026-07-28 18:44:59,갈비탕,2,26000
2026-07-28 18:45:48,계란말이,2,14000
2026-07-28 18:55:53,불고기 정식,1,13000
2026-07-28 18:57:36,계란말이,1,7000
2026-07-28 18:59:01,김치찌개(2인),2,34000
2026-07-28 19:04:54,제육볶음,1,11000
2026-07-28 19:07:41,김치찌개(2인),1,17000
2026-07-28 19:08:23,비빔밥,1,9000
2026-07-28 19:11:17,불고기 정식,1,13000
2026-07-28 19:11:17,계란말이,2,14000
2026-07-28 19:17:35,아메리카노(ICE),1,2000
2026-07-28 19:17:45,공기밥,1,1000
2026-07-28 19:18:53,제육볶음,1,11000
2026-07-28 19:18:53,아메리카노(HOT),1,2000
2026-07-28 19:19:24,공기밥,1,1000
2026-07-28 19:19:24,김치찌개(1인),1,9000
2026-07-28 19:19:24,계란말이,1,7000
2026-07-28 19:19:25,갈비탕,1,13000
2026-07-28 19:31:51,불고기 정식,2,26000
2026-07-28 19:38:13,제육볶음,1,11000
2026-07-28 19:39:07,된장찌개(1인),1,9000
2026-07-28 19:39:07,된장찌개(1인),1,9000
2026-07-28 19:39:07,김치찌개(2인),1,17000
2026-07-28 19:50:02,계절한정 냉면,1,10000
2026-07-28 19:51:30,불고기 정식,2,26000
2026-07-28 19:52:35,김치찌개(2인),1,17000
2026-07-28 19:57:29,공기밥,1,1000
2026-07-28 19:57:29,계란말이,1,7000
2026-07-28 19:57:29,불고기 정식,2,26000
2026-07-28 20:14:15,콜라,1,2000
2026-07-28 20:19:08,비빔밥,1,9000
2026-07-28 20:19:27,불고기 정식,1,13000
2026-07-29 11:37:44,공기밥,2,2000
2026-07-29 11:37:44,김치찌개(1인),2,18000
2026-07-29 11:42:13,비빔밥,1,9000
2026-07-29 11:42:13,순두부찌개,2,19000
2026-07-29 11:42:44,콜라,2,4000
2026-07-29 11:42:44,갈비탕,1,13000
2026-07-29 11:42:44,갈비탕,1,13000
2026-07-29 11:56:10,김치찌개(1인),1,9000
2026-07-29 11:56:10,계란말이,1,7000
2026-07-29 11:56:10,비빔밥,1,9000
2026-07-29 11:57:22,불고기 정식,1,13000
2026-07-29 12:01:49,공기밥,1,1000
2026-07-29 12:01:49,아메리카노(ICE),1,2000
2026-07-29 12:01:49,순두부찌개,1,9500
2026-07-29 12:02:21,김치찌개(1인),1,9000
2026-07-29 12:02:21,계절한정 냉면,1,10000
2026-07-29 12:02:21,불고기 정식,1,13000
2026-07-29 12:04:39,비빔밥,1,9000
2026-07-29 12:04:39,된장찌개(1인),1,9000
2026-07-29 12:07:47,공기밥,1,1000
2026-07-29 12:07:47,불고기 정식,1,13000
2026-07-29 12:10:24,제육볶음,1,11000
2026-07-29 12:11:14,순두부찌개,1,9500
2026-07-29 12:11:16,김치찌개(1인),1,9000
2026-07-29 12:11:16,계절한정 냉면,2,20000
2026-07-29 12:24:20,된장찌개(1인),2,18000
2026-07-29 12:24:20,갈비탕,2,26000
2026-07-29 12:24:20,순두부찌개,2,19000
2026-07-29 12:31:47,순두부찌개,2,19000
2026-07-29 12:32:24,된장찌개(1인),1,9000
2026-07-29 12:32:24,공기밥,1,1000
2026-07-29 12:44:01,콜라,1,2000
2026-07-29 12:44:34,김치찌개(2인),1,17000
2026-07-29 12:44:34,김치찌개(2인),1,17000
2026-07-29 12:44:34,된장찌개(1인),1,9000
2026-07-29 12:46:19,된장찌개(1인),2,18000
2026-07-29 12:47:07,아메리카노(HOT),1,2000
2026-07-29 12:47:37,콜라,1,2000
2026-07-29 12:51:36,콜라,1,2000
2026-07-29 12:51:36,비빔밥,1,9000
2026-07-29 12:56:19,김치찌개(1인),1,9000
2026-07-29 12:57:34,공기밥,2,2000
2026-07-29 12:57:34,아메리카노(ICE),1,2000
2026-07-29 13:09:31,비빔밥,1,9000
2026-07-29 13:13:28,콜라,1,2000
2026-07-29 13:21:31,비빔밥,1,9000
2026-07-29 13:21:31,아메리카노(ICE),1,2000
2026-07-29 13:23:42,순두부찌개,1,9500
2026-07-29 13:37:52,된장찌개(1인),2,18000
2026-07-29 13:37:52,아메리카노(ICE),2,4000
2026-07-29 13:37:52,된장찌개(1인),1,9000
2026-07-29 17:55:40,된장찌개(1인),1,9000
2026-07-29 17:55:40,된장찌개(1인),2,18000
2026-07-29 18:05:58,계란말이,1,7000
2026-07-29 18:05:58,갈비탕,1,13000
2026-07-29 18:05:58,계란말이,1,7000
2026-07-29 18:13:08,공기밥,2,2000
2026-07-29 18:13:08,김치찌개(1인),1,9000
2026-07-29 18:13:08,아메리카노(ICE),1,2000
2026-07-29 18:24:19,계절한정 냉면,1,10000
2026-07-29 18:24:19,된장찌개(1인),1,9000
2026-07-29 18:27:30,갈비탕,1,13000
2026-07-29 18:27:30,아메리카노(HOT),2,4000
2026-07-29 18:27:30,불고기 정식,1,13000
2026-07-29 18:28:34,갈비탕,1,13000
2026-07-29 18:29:18,비빔밥,1,9000
2026-07-29 18:29:18,불고기 정식,1,13000
2026-07-29 18:45:43,김치찌개(1인),1,9000
2026-07-29 18:45:43,아메리카노(HOT),1,2000
2026-07-29 18:50:17,비빔밥,2,18000
2026-07-29 18:50:17,김치찌개(2인),1,17000
2026-07-29 18:50:17,불고기 정식,1,13000
2026-07-29 18:56:51,김치찌개(1인),1,9000
2026-07-29 18:56:51,김치찌개(2인),2,34000
2026-07-29 18:59:24,제육볶음,1,11000
2026-07-29 19:01:19,불고기 정식,1,13000
2026-07-29 19:01:19,불고기 정식,1,13000
2026-07-29 19:04:24,콜라,1,2000
2026-07-29 19:11:03,불고기 정식,1,13000
2026-07-29 19:13:06,된장찌개(1인),2,18000
2026-07-29 19:14:17,제육볶음,1,11000
2026-07-29 19:27:00,불고기 정식,1,13000
2026-07-29 19:28:42,갈비탕,2,26000
2026-07-29 19:29:04,계란말이,1,7000
2026-07-29 19:29:04,갈비탕,1,13000
2026-07-29 19:29:04,된장찌개(1인),2,18000
2026-07-29 19:33:56,불고기 정식,1,13000
2026-07-29 19:33:56,계란말이,1,7000
2026-07-29 19:33:56,불고기 정식,1,13000
2026-07-29 19:36:47,불고기 정식,1,13000
2026-07-29 19:36:47,김치찌개(1인),1,9000
2026-07-29 19:36:47,김치찌개(2인),1,17000
2026-07-29 19:43:37,계란말이,1,7000
2026-07-29 19:43:37,된장찌개(1인),1,9000
2026-07-29 20:01:55,계란말이,1,7000
2026-07-29 20:01:55,공기밥,1,1000
2026-07-29 20:01:55,된장찌개(1인),2,18000
2026-07-30 11:30:54,된장찌개(1인),1,9000
2026-07-30 11:30:54,공기밥,1,1000
2026-07-30 11:35:16,갈비탕,1,13000
2026-07-30 11:35:16,된장찌개(1인),1,9000
2026-07-30 11:41:08,제육볶음,1,11000
2026-07-30 11:41:08,공기밥,1,1000
2026-07-30 11:46:46,공기밥,1,1000
2026-07-30 11:46:46,계란말이,2,14000
2026-07-30 11:48:04,콜라,1,2000
2026-07-30 11:48:04,김치찌개(2인),2,34000
2026-07-30 11:48:04,공기밥,1,1000
2026-07-30 11:51:20,순두부찌개,1,9500
2026-07-30 11:51:20,비빔밥,2,18000
2026-07-30 11:56:17,갈비탕,1,13000
2026-07-30 11:56:17,공기밥,1,1000
2026-07-30 11:59:34,김치찌개(1인),2,18000
2026-07-30 11:59:34,제육볶음,1,11000
2026-07-30 12:06:40,콜라,1,2000
2026-07-30 12:08:06,공기밥,1,1000
2026-07-30 12:08:06,비빔밥,2,18000
2026-07-30 12:08:06,계절한정 냉면,1,10000
2026-07-30 12:10:21,순두부찌개,1,9500
2026-07-30 12:15:53,김치찌개(1인),1,9000
2026-07-30 12:21:21,순두부찌개,1,9500
2026-07-30 12:21:53,공기밥,1,1000
2026-07-30 12:21:53,제육볶음,1,11000
2026-07-30 12:22:01,아메리카노(ICE),1,2000
2026-07-30 12:22:01,제육볶음,1,11000
2026-07-30 12:22:01,계절한정 냉면,2,20000
2026-07-30 12:27:24,된장찌개(1인),1,9000
2026-07-30 12:28:54,김치찌개(1인),1,9000
2026-07-30 12:28:54,갈비탕,1,13000
2026-07-30 12:28:58,김치찌개(1인),1,9000
2026-07-30 12:29:46,불고기 정식,2,26000
2026-07-30 12:35:17,비빔밥,2,18000
2026-07-30 12:35:17,김치찌개(1인),2,18000
2026-07-30 12:38:27,계란말이,2,14000
2026-07-30 12:38:27,김치찌개(1인),1,9000
2026-07-30 12:39:29,아메리카노(ICE),1,2000
2026-07-30 12:41:28,갈비탕,1,13000
2026-07-30 12:41:48,공기밥,1,1000
2026-07-30 12:41:48,된장찌개(1인),1,9000
2026-07-30 12:44:21,제육볶음,2,22000
2026-07-30 12:46:40,김치찌개(1인),2,18000
2026-07-30 12:47:40,공기밥,2,2000
2026-07-30 12:47:40,제육볶음,2,22000
2026-07-30 12:48:25,공기밥,1,1000
2026-07-30 12:48:25,김치찌개(1인),1,9000
2026-07-30 12:52:23,순두부찌개,1,9500
2026-07-30 12:52:23,아메리카노(HOT),1,2000
2026-07-30 12:55:45,김치찌개(1인),1,9000
2026-07-30 12:55:45,김치찌개(1인),1,9000
2026-07-30 13:02:15,김치찌개(1인),1,9000
2026-07-30 13:07:04,계란말이,1,7000
2026-07-30 13:07:04,김치찌개(1인),1,9000
2026-07-30 13:07:04,비빔밥,1,9000
2026-07-30 13:15:02,순두부찌개,1,9500
2026-07-30 13:15:02,김치찌개(1인),1,9000
2026-07-30 13:15:02,공기밥,1,1000
2026-07-30 13:21:39,순두부찌개,1,9500
2026-07-30 17:55:24,순두부찌개,1,9500
2026-07-30 17:55:24,순두부찌개,1,9500
2026-07-30 17:59:32,불고기 정식,2,26000
2026-07-30 17:59:32,김치찌개(1인),2,18000
2026-07-30 17:59:51,제육볶음,1,11000
2026-07-30 17:59:51,제육볶음,1,11000
2026-07-30 17:59:51,제육볶음,1,11000
2026-07-30 18:10:47,김치찌개(1인),1,9000
2026-07-30 18:10:47,된장찌개(1인),1,9000
2026-07-30 18:13:20,김치찌개(2인),1,17000
2026-07-30 18:13:20,공기밥,1,1000
2026-07-30 18:21:50,김치찌개(1인),1,9000
2026-07-30 18:21:50,제육볶음,2,22000
2026-07-30 18:22:22,갈비탕,2,26000
2026-07-30 18:22:22,불고기 정식,1,13000
2026-07-30 18:22:22,제육볶음,1,11000
2026-07-30 18:24:48,된장찌개(1인),1,9000
2026-07-30 18:38:30,된장찌개(1인),1,9000
2026-07-30 18:38:30,아메리카노(HOT),1,2000
2026-07-30 18:38:30,김치찌개(1인),1,9000
2026-07-30 18:52:57,김치찌개(1인),1,9000
2026-07-30 18:56:06,불고기 정식,2,26000
2026-07-30 19:01:08,갈비탕,1,13000
2026-07-30 19:01:08,아메리카노(HOT),1,2000
2026-07-30 19:01:08,계란말이,1,7000
2026-07-30 19:08:17,불고기 정식,1,13000
2026-07-30 19:09:50,콜라,1,2000
2026-07-30 19:11:24,갈비탕,1,13000
2026-07-30 19:11:24,콜라,1,2000
2026-07-30 19:11:24,제육볶음,2,22000
2026-07-30 19:20:34,공기밥,1,1000
2026-07-30 19:20:34,갈비탕,1,13000
2026-07-30 19:20:34,불고기 정식,1,13000
2026-07-30 19:23:31,콜라,1,2000
2026-07-30 19:57:07,갈비탕,1,13000
2026-07-30 19:57:07,갈비탕,1,13000
2026-07-30 19:57:07,아메리카노(ICE),1,2000
2026-07-30 20:03:25,제육볶음,1,11000
2026-07-30 20:04:41,계란말이,2,14000
2026-07-30 20:10:37,갈비탕,1,13000
2026-07-30 20:10:37,된장찌개(1인),1,9000
2026-07-31 11:30:26,제육볶음,2,22000
2026-07-31 11:40:10,아메리카노(ICE),1,2000
2026-07-31 11:43:17,김치찌개(1인),1,9000
2026-07-31 11:43:17,아메리카노(ICE),1,2000
2026-07-31 11:44:59,공기밥,1,1000
2026-07-31 11:44:59,아메리카노(ICE),2,4000
2026-07-31 11:50:12,김치찌개(1인),1,9000
2026-07-31 11:54:41,비빔밥,1,9000
2026-07-31 11:56:05,공기밥,1,1000
2026-07-31 11:56:05,아메리카노(HOT),2,4000
2026-07-31 11:57:56,비빔밥,1,9000
2026-07-31 11:58:35,김치찌개(1인),1,9000
2026-07-31 11:58:35,콜라,1,2000
2026-07-31 12:01:14,공기밥,2,2000
2026-07-31 12:01:14,순두부찌개,1,9500
2026-07-31 12:01:14,된장찌개(1인),1,9000
2026-07-31 12:04:28,김치찌개(1인),1,9000
2026-07-31 12:05:01,불고기 정식,1,13000
2026-07-31 12:05:01,제육볶음,1,11000
2026-07-31 12:07:00,공기밥,1,1000
2026-07-31 12:10:59,비빔밥,1,9000
2026-07-31 12:10:59,비빔밥,1,9000
2026-07-31 12:11:28,제육볶음,1,11000
2026-07-31 12:11:41,된장찌개(1인),2,18000
2026-07-31 12:11:41,된장찌개(1인),1,9000
2026-07-31 12:11:41,공기밥,1,1000
2026-07-31 12:12:14,비빔밥,1,9000
2026-07-31 12:17:03,계절한정 냉면,1,10000
2026-07-31 12:20:34,김치찌개(2인),1,17000
2026-07-31 12:20:46,김치찌개(1인),1,9000
2026-07-31 12:20:46,김치찌개(1인),1,9000
2026-07-31 12:21:30,갈비탕,1,13000
2026-07-31 12:21:30,순두부찌개,1,9500
2026-07-31 12:21:47,불고기 정식,2,26000
2026-07-31 12:21:47,아메리카노(ICE),1,2000
2026-07-31 12:21:47,순두부찌개,1,9500
2026-07-31 12:21:59,계절한정 냉면,2,20000
2026-07-31 12:31:21,비빔밥,1,9000
2026-07-31 12:31:21,순두부찌개,1,9500
2026-07-31 12:31:21,순두부찌개,1,9500
2026-07-31 12:31:24,제육볶음,1,11000
2026-07-31 12:31:24,불고기 정식,1,13000
2026-07-31 12:31:24,불고기 정식,1,13000
2026-07-31 12:35:16,김치찌개(1인),1,9000
2026-07-31 12:35:16,공기밥,1,1000
2026-07-31 12:36:39,비빔밥,1,9000
2026-07-31 12:38:03,제육볶음,1,11000
2026-07-31 12:38:03,김치찌개(1인),1,9000
2026-07-31 12:38:03,비빔밥,1,9000
2026-07-31 12:53:32,비빔밥,1,9000
2026-07-31 12:53:32,김치찌개(1인),1,9000
2026-07-31 12:53:32,계절한정 냉면,1,10000
2026-07-31 12:53:38,공기밥,1,1000
2026-07-31 12:53:39,김치찌개(1인),1,9000
2026-07-31 12:53:39,제육볶음,1,11000
2026-07-31 12:53:39,김치찌개(1인),1,9000
2026-07-31 13:05:34,공기밥,1,1000
2026-07-31 13:06:26,된장찌개(1인),1,9000
2026-07-31 13:06:26,계절한정 냉면,1,10000
2026-07-31 13:14:16,김치찌개(2인),1,17000
2026-07-31 13:15:17,김치찌개(1인),1,9000
2026-07-31 13:15:17,아메리카노(ICE),1,2000
2026-07-31 13:25:58,아메리카노(HOT),2,4000
2026-07-31 13:25:58,아메리카노(ICE),1,2000
2026-07-31 13:34:17,비빔밥,1,9000
2026-07-31 13:34:17,김치찌개(1인),1,9000
2026-07-31 13:34:17,김치찌개(1인),1,9000
2026-07-31 13:36:29,제육볶음,1,11000
2026-07-31 13:36:29,계란말이,1,7000
2026-07-31 13:36:29,갈비탕,1,13000
2026-07-31 18:17:50,콜라,1,2000
2026-07-31 18:17:50,김치찌개(2인),2,34000
2026-07-31 18:19:11,김치찌개(1인),1,9000
2026-07-31 18:19:11,김치찌개(2인),1,17000
2026-07-31 18:41:05,콜라,1,2000
2026-07-31 18:41:05,김치찌개(2인),1,17000
2026-07-31 18:45:35,김치찌개(2인),1,17000
2026-07-31 18:45:35,제육볶음,1,11000
2026-07-31 18:46:11,갈비탕,1,13000
2026-07-31 18:46:11,된장찌개(1인),1,9000
2026-07-31 18:47:31,김치찌개(2인),2,34000
2026-07-31 18:47:31,된장찌개(1인),1,9000
2026-07-31 18:56:48,김치찌개(1인),1,9000
2026-07-31 18:56:48,김치찌개(2인),1,17000
2026-07-31 18:58:07,불고기 정식,1,13000
2026-07-31 18:58:07,콜라,2,4000
2026-07-31 19:06:44,된장찌개(1인),1,9000
2026-07-31 19:07:45,김치찌개(1인),1,9000
2026-07-31 19:07:45,된장찌개(1인),1,9000
2026-07-31 19:07:45,된장찌개(1인),1,9000
2026-07-31 19:09:07,김치찌개(2인),1,17000
2026-07-31 19:09:07,계란말이,1,7000
2026-07-31 19:09:07,불고기 정식,1,13000
2026-07-31 19:18:48,순두부찌개,1,9500
2026-07-31 19:21:52,김치찌개(2인),1,17000
2026-07-31 19:22:19,제육볶음,2,22000
2026-07-31 19:22:19,비빔밥,1,9000
2026-07-31 19:22:19,김치찌개(2인),1,17000
2026-07-31 19:24:34,불고기 정식,1,13000
2026-07-31 19:32:31,공기밥,2,2000
2026-07-31 19:36:29,불고기 정식,1,13000
2026-07-31 19:36:29,갈비탕,2,26000
2026-07-31 19:52:18,제육볶음,1,11000
2026-07-31 19:52:18,공기밥,1,1000
2026-07-31 19:54:47,김치찌개(2인),1,17000
2026-07-31 19:54:47,제육볶음,1,11000
2026-07-31 19:57:43,된장찌개(1인),1,9000
2026-07-31 19:59:00,갈비탕,1,13000
2026-07-31 19:59:00,콜라,2,4000
2026-07-31 20:12:14,불고기 정식,1,13000
2026-07-31 20:12:28,갈비탕,2,26000
2026-07-31 20:12:28,계란말이,2,14000
2026-07-31 20:39:00,제육볶음,1,11000
2026-07-31 20:39:00,계절한정 냉면,2,20000
2026-08-01 11:52:20,콜라,1,2000
2026-08-01 11:52:20,김치찌개(1인),1,9000
2026-08-01 11:54:26,순두부찌개,1,9500
2026-08-01 11:54:26,순두부찌개,1,9500
2026-08-01 12:05:50,제육볶음,1,11000
2026-08-01 12:05:50,순두부찌개,1,9500
2026-08-01 12:06:41,계절한정 냉면,1,10000
2026-08-01 12:06:41,김치찌개(1인),1,9000
2026-08-01 12:06:41,아메리카노(HOT),1,2000
2026-08-01 12:09:55,된장찌개(1인),2,18000
2026-08-01 12:09:55,김치찌개(1인),2,18000
2026-08-01 12:11:04,계절한정 냉면,2,20000
2026-08-01 12:12:56,계절한정 냉면,2,20000
2026-08-01 12:12:56,된장찌개(1인),1,9000
2026-08-01 12:15:46,계절한정 냉면,1,10000
2026-08-01 12:22:20,계절한정 냉면,1,10000
2026-08-01 12:23:04,순두부찌개,1,9500
2026-08-01 12:23:04,순두부찌개,1,9500
2026-08-01 12:23:04,김치찌개(2인),1,17000
2026-08-01 12:23:37,비빔밥,2,18000
2026-08-01 12:26:44,공기밥,1,1000
2026-08-01 12:32:32,갈비탕,1,13000
2026-08-01 12:32:32,아메리카노(HOT),1,2000
2026-08-01 12:35:02,김치찌개(2인),1,17000
2026-08-01 12:35:02,김치찌개(1인),2,18000
2026-08-01 12:43:01,불고기 정식,1,13000
2026-08-01 12:43:01,불고기 정식,1,13000
2026-08-01 12:48:15,제육볶음,1,11000
2026-08-01 12:48:15,순두부찌개,2,19000
2026-08-01 12:53:01,콜라,1,2000
2026-08-01 12:53:01,김치찌개(1인),2,18000
2026-08-01 12:53:01,콜라,1,2000
2026-08-01 13:01:27,김치찌개(1인),1,9000
2026-08-01 13:01:27,제육볶음,1,11000
2026-08-01 13:01:27,제육볶음,1,11000
2026-08-01 13:07:56,김치찌개(1인),1,9000
2026-08-01 13:12:42,순두부찌개,2,19000
2026-08-01 13:18:44,불고기 정식,1,13000
2026-08-01 13:18:44,순두부찌개,2,19000
2026-08-01 13:25:55,김치찌개(1인),1,9000
2026-08-01 13:25:55,공기밥,1,1000
2026-08-01 17:56:21,계절한정 냉면,1,10000
2026-08-01 17:56:21,김치찌개(2인),1,17000
2026-08-01 18:22:04,불고기 정식,1,13000
2026-08-01 18:22:04,제육볶음,2,22000
2026-08-01 18:24:20,된장찌개(1인),1,9000
2026-08-01 18:28:23,불고기 정식,1,13000
2026-08-01 18:42:51,김치찌개(2인),1,17000
2026-08-01 18:49:07,불고기 정식,2,26000
2026-08-01 18:49:07,공기밥,1,1000
2026-08-01 18:59:06,불고기 정식,2,26000
2026-08-01 18:59:34,계란말이,1,7000
2026-08-01 18:59:34,갈비탕,1,13000
2026-08-01 19:03:38,갈비탕,1,13000
2026-08-01 19:03:38,아메리카노(ICE),2,4000
2026-08-01 19:04:35,김치찌개(2인),1,17000
2026-08-01 19:04:35,비빔밥,1,9000
2026-08-01 19:04:35,공기밥,1,1000
2026-08-01 19:07:43,김치찌개(1인),1,9000
2026-08-01 19:07:43,계절한정 냉면,1,10000
2026-08-01 19:08:49,불고기 정식,1,13000
2026-08-01 19:08:49,김치찌개(1인),2,18000
2026-08-01 19:11:38,비빔밥,1,9000
2026-08-01 19:11:38,제육볶음,1,11000
2026-08-01 19:19:14,공기밥,2,2000
2026-08-01 19:24:05,공기밥,1,1000
2026-08-01 19:32:53,계란말이,1,7000
2026-08-01 19:32:53,불고기 정식,1,13000
2026-08-01 19:33:33,계란말이,1,7000
2026-08-01 19:33:33,공기밥,2,2000
2026-08-01 19:34:30,된장찌개(1인),2,18000
2026-08-01 19:34:30,콜라,2,4000
2026-08-01 19:38:34,갈비탕,1,13000
2026-08-01 19:38:40,김치찌개(2인),1,17000
2026-08-01 19:40:32,제육볶음,1,11000
2026-08-01 19:40:32,김치찌개(1인),1,9000
2026-08-01 19:44:07,콜라,2,4000
2026-08-01 19:44:50,불고기 정식,1,13000
2026-08-01 19:44:50,불고기 정식,1,13000
2026-08-01 19:44:50,계란말이,1,7000
2026-08-01 20:14:09,제육볶음,1,11000
2026-08-01 20:14:09,갈비탕,1,13000
2026-08-01 20:40:53,된장찌개(1인),1,9000
2026-08-01 20:40:53,아메리카노(ICE),2,4000
2026-08-01 20:45:36,비빔밥,1,9000
2026-08-03 11:23:14,김치찌개(2인),1,17000
2026-08-03 11:29:04,공기밥,1,1000
2026-08-03 11:33:28,제육볶음,1,11000
2026-08-03 11:33:28,제육볶음,1,11000
2026-08-03 11:34:28,된장찌개(1인),1,9000
2026-08-03 11:38:56,김치찌개(1인),2,18000
2026-08-03 11:43:01,갈비탕,1,13000
2026-08-03 11:44:31,공기밥,1,1000
2026-08-03 11:44:31,김치찌개(1인),1,9000
2026-08-03 11:44:31,된장찌개(1인),1,9000
2026-08-03 11:46:55,비빔밥,1,9000
2026-08-03 11:46:55,콜라,2,4000
2026-08-03 11:46:55,제육볶음,1,11000
2026-08-03 11:52:07,불고기 정식,1,13000
2026-08-03 11:55:36,불고기 정식,2,26000
2026-08-03 11:55:36,계란말이,1,7000
2026-08-03 12:01:25,순두부찌개,1,9500
2026-08-03 12:01:25,불고기 정식,1,13000
2026-08-03 12:11:03,불고기 정식,1,13000
2026-08-03 12:11:03,김치찌개(1인),1,9000
2026-08-03 12:11:03,비빔밥,1,9000
2026-08-03 12:11:50,콜라,1,2000
2026-08-03 12:14:22,아메리카노(ICE),1,2000
2026-08-03 12:14:22,된장찌개(1인),1,9000
2026-08-03 12:17:01,아메리카노(ICE),1,2000
2026-08-03 12:17:47,김치찌개(1인),1,9000
2026-08-03 12:17:47,비빔밥,1,9000
2026-08-03 12:17:47,김치찌개(1인),1,9000
2026-08-03 12:17:52,아메리카노(ICE),1,2000
2026-08-03 12:17:52,된장찌개(1인),1,9000
2026-08-03 12:17:52,계란말이,1,7000
2026-08-03 12:21:41,아메리카노(ICE),2,4000
2026-08-03 12:21:41,제육볶음,1,11000
2026-08-03 12:21:59,된장찌개(1인),1,9000
2026-08-03 12:21:59,아메리카노(ICE),1,2000
2026-08-03 12:23:11,김치찌개(2인),1,17000
2026-08-03 12:23:11,갈비탕,1,13000
2026-08-03 12:23:11,순두부찌개,1,9500
2026-08-03 12:26:05,순두부찌개,1,9500
2026-08-03 12:26:05,갈비탕,1,13000
2026-08-03 12:28:25,된장찌개(1인),1,9000
2026-08-03 12:32:54,공기밥,1,1000
2026-08-03 12:38:12,계절한정 냉면,2,20000
2026-08-03 12:38:38,된장찌개(1인),1,9000
2026-08-03 12:39:16,비빔밥,1,9000
2026-08-03 12:39:53,순두부찌개,1,9500
2026-08-03 12:39:53,김치찌개(1인),2,18000
2026-08-03 12:40:37,비빔밥,1,9000
2026-08-03 12:40:37,제육볶음,1,11000
2026-08-03 12:41:22,제육볶음,1,11000
2026-08-03 12:41:22,아메리카노(ICE),1,2000
2026-08-03 12:41:22,불고기 정식,1,13000
2026-08-03 12:42:50,아메리카노(ICE),1,2000
2026-08-03 12:45:12,김치찌개(1인),1,9000
2026-08-03 12:45:12,불고기 정식,1,13000
2026-08-03 12:50:25,김치찌개(1인),1,9000
2026-08-03 12:51:20,갈비탕,1,13000
2026-08-03 12:51:20,제육볶음,1,11000
2026-08-03 12:52:36,김치찌개(1인),1,9000
2026-08-03 12:52:36,아메리카노(ICE),1,2000
2026-08-03 12:52:36,공기밥,1,1000
2026-08-03 12:54:53,된장찌개(1인),1,9000
2026-08-03 12:54:53,순두부찌개,1,9500
2026-08-03 12:54:53,비빔밥,1,9000
2026-08-03 13:13:55,갈비탕,1,13000
2026-08-03 13:13:55,제육볶음,2,22000
2026-08-03 13:17:51,된장찌개(1인),1,9000
2026-08-03 13:17:51,갈비탕,1,13000
2026-08-03 13:18:29,김치찌개(1인),2,18000
2026-08-03 13:18:29,비빔밥,1,9000
2026-08-03 13:23:30,계란말이,1,7000
2026-08-03 13:40:33,제육볶음,1,11000
2026-08-03 13:40:33,아메리카노(ICE),1,2000
2026-08-03 18:47:46,김치찌개(2인),2,34000
2026-08-03 18:49:27,비빔밥,1,9000
2026-08-03 18:49:27,갈비탕,1,13000
2026-08-03 18:53:30,콜라,1,2000
2026-08-03 18:53:30,계란말이,1,7000
2026-08-03 18:57:55,계란말이,1,7000
2026-08-03 18:58:57,김치찌개(1인),1,9000
2026-08-03 18:58:57,계란말이,1,7000
2026-08-03 18:58:57,된장찌개(1인),1,9000
2026-08-03 19:03:23,제육볶음,2,22000
2026-08-03 19:03:23,갈비탕,1,13000
2026-08-03 19:03:34,불고기 정식,1,13000
2026-08-03 19:03:34,제육볶음,1,11000
2026-08-03 19:06:48,제육볶음,1,11000
2026-08-03 19:12:26,김치찌개(1인),1,9000
2026-08-03 19:12:26,불고기 정식,1,13000
2026-08-03 19:13:47,갈비탕,1,13000
2026-08-03 19:13:47,된장찌개(1인),2,18000
2026-08-03 19:19:33,계란말이,1,7000
2026-08-03 19:25:21,공기밥,1,1000
2026-08-03 19:25:21,제육볶음,1,11000
2026-08-03 19:25:21,김치찌개(2인),2,34000
2026-08-03 19:30:13,제육볶음,2,22000
2026-08-03 19:30:30,된장찌개(1인),1,9000
2026-08-03 19:30:30,계란말이,1,7000
2026-08-03 19:30:30,계란말이,1,7000
2026-08-03 19:32:20,불고기 정식,1,13000
2026-08-03 19:32:20,갈비탕,2,26000
2026-08-03 19:37:25,김치찌개(1인),1,9000
2026-08-03 19:37:25,김치찌개(2인),1,17000
2026-08-03 19:47:35,계란말이,1,7000
2026-08-03 19:47:35,김치찌개(1인),1,9000
2026-08-03 19:47:35,순두부찌개,1,9500
2026-08-03 20:02:06,순두부찌개,1,9500
2026-08-03 20:04:29,김치찌개(1인),1,9000
2026-08-03 20:04:47,된장찌개(1인),2,18000
2026-08-03 20:04:47,갈비탕,1,13000
2026-08-03 20:11:01,김치찌개(2인),1,17000
2026-08-03 20:11:01,공기밥,1,1000
2026-08-03 20:12:23,불고기 정식,1,13000
2026-08-03 20:18:17,계란말이,1,7000
2026-08-03 20:18:17,콜라,1,2000
2026-08-03 20:18:34,공기밥,1,1000
2026-08-03 20:18:34,갈비탕,1,13000
2026-08-03 20:21:38,된장찌개(1인),1,9000
2026-08-03 20:21:38,갈비탕,1,13000
2026-08-04 11:33:00,갈비탕,2,26000
2026-08-04 11:33:00,공기밥,1,1000
2026-08-04 11:33:25,공기밥,2,2000
2026-08-04 11:33:25,된장찌개(1인),1,9000
2026-08-04 11:41:42,제육볶음,2,22000
2026-08-04 11:48:04,김치찌개(1인),1,9000
2026-08-04 11:48:04,된장찌개(1인),1,9000
2026-08-04 11:48:04,계절한정 냉면,1,10000
2026-08-04 11:48:04,콜라,1,2000
2026-08-04 11:48:04,김치찌개(1인),1,9000
2026-08-04 11:48:04,김치찌개(1인),2,18000
2026-08-04 11:50:06,계절한정 냉면,1,10000
2026-08-04 11:50:06,공기밥,1,1000
2026-08-04 11:52:40,콜라,1,2000
2026-08-04 11:52:40,콜라,1,2000
2026-08-04 11:52:40,콜라,1,2000
2026-08-04 11:56:07,김치찌개(1인),1,9000
2026-08-04 11:56:07,불고기 정식,1,13000
2026-08-04 11:56:07,공기밥,1,1000
2026-08-04 12:00:10,콜라,1,2000
2026-08-04 12:00:38,김치찌개(1인),2,18000
2026-08-04 12:01:50,된장찌개(1인),1,9000
2026-08-04 12:01:50,순두부찌개,1,9500
2026-08-04 12:11:31,갈비탕,1,13000
2026-08-04 12:11:58,불고기 정식,1,13000
2026-08-04 12:11:58,콜라,1,2000
2026-08-04 12:13:36,아메리카노(ICE),1,2000
2026-08-04 12:16:02,비빔밥,1,9000
2026-08-04 12:16:02,공기밥,2,2000
2026-08-04 12:17:39,불고기 정식,2,26000
2026-08-04 12:21:55,제육볶음,2,22000
2026-08-04 12:26:27,제육볶음,1,11000
2026-08-04 12:26:28,공기밥,1,1000
2026-08-04 12:26:28,아메리카노(ICE),1,2000
2026-08-04 12:26:28,불고기 정식,1,13000
2026-08-04 12:26:34,불고기 정식,1,13000
2026-08-04 12:26:34,제육볶음,1,11000
2026-08-04 12:30:53,김치찌개(1인),1,9000
2026-08-04 12:30:53,아메리카노(ICE),1,2000
2026-08-04 12:32:50,비빔밥,1,9000
2026-08-04 12:36:48,순두부찌개,1,9500
2026-08-04 12:36:48,김치찌개(1인),2,18000
2026-08-04 12:41:34,공기밥,1,1000
2026-08-04 12:41:34,공기밥,1,1000
2026-08-04 12:42:27,김치찌개(1인),1,9000
2026-08-04 12:42:27,김치찌개(1인),1,9000
2026-08-04 12:45:22,비빔밥,1,9000
2026-08-04 12:45:22,비빔밥,2,18000
2026-08-04 12:45:48,김치찌개(1인),1,9000
2026-08-04 12:45:48,김치찌개(1인),1,9000
2026-08-04 12:57:35,제육볶음,1,11000
2026-08-04 12:57:35,불고기 정식,1,13000
2026-08-04 12:57:35,아메리카노(ICE),1,2000
2026-08-04 13:01:55,순두부찌개,1,9500
2026-08-04 13:01:55,김치찌개(1인),1,9000
2026-08-04 13:05:52,된장찌개(1인),1,9000
2026-08-04 13:05:52,아메리카노(ICE),1,2000
2026-08-04 13:08:29,비빔밥,1,9000
2026-08-04 13:09:26,아메리카노(ICE),1,2000
2026-08-04 13:09:26,계란말이,1,7000
2026-08-04 13:09:26,콜라,1,2000
2026-08-04 13:11:05,아메리카노(ICE),1,2000
2026-08-04 13:11:05,계절한정 냉면,1,10000
2026-08-04 13:25:09,순두부찌개,2,19000
2026-08-04 13:25:09,아메리카노(ICE),2,4000
2026-08-04 13:25:09,김치찌개(1인),2,18000
2026-08-04 13:31:10,된장찌개(1인),1,9000
2026-08-04 13:31:10,공기밥,1,1000
2026-08-04 13:34:10,불고기 정식,1,13000
2026-08-04 13:34:10,계절한정 냉면,1,10000
2026-08-04 13:34:10,김치찌개(2인),1,17000
2026-08-04 18:06:45,김치찌개(1인),2,18000
2026-08-04 18:09:23,콜라,1,2000
2026-08-04 18:09:23,갈비탕,1,13000
2026-08-04 18:13:34,불고기 정식,1,13000
2026-08-04 18:23:51,제육볶음,1,11000
2026-08-04 18:38:58,콜라,1,2000
2026-08-04 18:38:58,김치찌개(2인),1,17000
2026-08-04 18:54:39,콜라,1,2000
2026-08-04 18:55:59,비빔밥,1,9000
2026-08-04 18:55:59,된장찌개(1인),2,18000
2026-08-04 18:55:59,불고기 정식,1,13000
2026-08-04 19:01:23,김치찌개(2인),1,17000
2026-08-04 19:02:09,아메리카노(HOT),1,2000
2026-08-04 19:02:09,제육볶음,1,11000
2026-08-04 19:02:19,아메리카노(ICE),2,4000
2026-08-04 19:03:12,김치찌개(1인),1,9000
2026-08-04 19:03:12,아메리카노(HOT),1,2000
2026-08-04 19:08:28,계절한정 냉면,1,10000
2026-08-04 19:08:28,갈비탕,1,13000
2026-08-04 19:15:24,갈비탕,1,13000
2026-08-04 19:15:24,계란말이,1,7000
2026-08-04 19:17:05,제육볶음,1,11000
2026-08-04 19:17:05,불고기 정식,1,13000
2026-08-04 19:28:12,김치찌개(2인),2,34000
2026-08-04 19:28:12,된장찌개(1인),1,9000
2026-08-04 19:37:18,김치찌개(2인),1,17000
2026-08-04 19:37:18,제육볶음,2,22000
2026-08-04 19:37:18,불고기 정식,1,13000
2026-08-04 19:48:34,김치찌개(1인),1,9000
2026-08-04 19:52:06,콜라,1,2000
2026-08-04 19:52:06,공기밥,1,1000
2026-08-04 19:53:22,김치찌개(1인),2,18000
2026-08-04 19:55:31,된장찌개(1인),1,9000
2026-08-04 19:55:31,된장찌개(1인),2,18000
2026-08-04 19:58:13,갈비탕,2,26000
2026-08-04 19:58:13,계란말이,1,7000
2026-08-04 19:58:13,김치찌개(1인),1,9000
2026-08-04 20:05:27,갈비탕,2,26000
2026-08-04 20:05:27,김치찌개(1인),1,9000
2026-08-04 20:12:55,계란말이,1,7000
2026-08-04 20:12:55,제육볶음,1,11000
2026-08-04 20:12:55,계란말이,1,7000
2026-08-04 20:19:11,불고기 정식,1,13000
2026-08-04 20:26:23,갈비탕,1,13000
2026-08-05 11:32:43,공기밥,1,1000
2026-08-05 11:32:43,공기밥,1,1000
2026-08-05 11:32:43,계란말이,1,7000
2026-08-05 11:37:39,김치찌개(1인),2,18000
2026-08-05 11:37:39,공기밥,1,1000
2026-08-05 11:43:56,된장찌개(1인),2,18000
2026-08-05 11:43:56,제육볶음,1,11000
2026-08-05 11:43:56,계란말이,1,7000
2026-08-05 11:51:09,아메리카노(HOT),1,2000
2026-08-05 11:51:09,된장찌개(1인),1,9000
2026-08-05 11:55:40,제육볶음,1,11000
2026-08-05 11:59:59,제육볶음,1,11000
2026-08-05 12:00:17,불고기 정식,1,13000
2026-08-05 12:00:17,콜라,1,2000
2026-08-05 12:00:25,된장찌개(1인),1,9000
2026-08-05 12:02:08,김치찌개(1인),1,9000
2026-08-05 12:02:53,아메리카노(ICE),1,2000
2026-08-05 12:04:00,김치찌개(1인),1,9000
2026-08-05 12:04:00,된장찌개(1인),2,18000
2026-08-05 12:04:46,김치찌개(1인),2,18000
2026-08-05 12:04:46,김치찌개(2인),1,17000
2026-08-05 12:04:55,계절한정 냉면,1,10000
2026-08-05 12:06:28,비빔밥,1,9000
2026-08-05 12:06:28,공기밥,1,1000
2026-08-05 12:06:48,김치찌개(2인),1,17000
2026-08-05 12:09:47,비빔밥,1,9000
2026-08-05 12:09:54,김치찌개(1인),1,9000
2026-08-05 12:09:54,김치찌개(1인),1,9000
2026-08-05 12:11:43,된장찌개(1인),1,9000
2026-08-05 12:11:43,비빔밥,1,9000
2026-08-05 12:14:14,콜라,1,2000
2026-08-05 12:14:35,김치찌개(1인),2,18000
2026-08-05 12:14:35,된장찌개(1인),1,9000
2026-08-05 12:20:16,불고기 정식,1,13000
2026-08-05 12:20:16,제육볶음,1,11000
2026-08-05 12:22:45,김치찌개(2인),1,17000
2026-08-05 12:22:45,김치찌개(1인),1,9000
2026-08-05 12:24:21,김치찌개(2인),2,34000
2026-08-05 12:24:21,비빔밥,1,9000
2026-08-05 12:24:21,제육볶음,2,22000
2026-08-05 12:26:39,공기밥,1,1000
2026-08-05 12:26:39,계란말이,1,7000
2026-08-05 12:26:39,된장찌개(1인),1,9000
2026-08-05 12:29:31,갈비탕,1,13000
2026-08-05 12:30:25,김치찌개(2인),1,17000
2026-08-05 12:30:25,계절한정 냉면,1,10000
2026-08-05 12:35:50,된장찌개(1인),1,9000
2026-08-05 12:47:53,김치찌개(1인),1,9000
2026-08-05 12:49:50,김치찌개(1인),1,9000
2026-08-05 12:49:50,아메리카노(ICE),1,2000
2026-08-05 12:49:50,공기밥,1,1000
2026-08-05 12:50:17,계란말이,1,7000
2026-08-05 12:54:46,된장찌개(1인),1,9000
2026-08-05 12:55:53,김치찌개(1인),2,18000
2026-08-05 12:55:53,공기밥,1,1000
2026-08-05 12:55:53,불고기 정식,2,26000
2026-08-05 13:08:26,순두부찌개,1,9500
2026-08-05 13:08:26,불고기 정식,1,13000
2026-08-05 13:14:34,순두부찌개,2,19000
2026-08-05 13:14:34,계절한정 냉면,2,20000
2026-08-05 13:21:37,된장찌개(1인),1,9000
2026-08-05 13:21:37,김치찌개(1인),2,18000
2026-08-05 13:21:37,비빔밥,1,9000
2026-08-05 13:25:47,제육볶음,1,11000
2026-08-05 13:28:31,된장찌개(1인),1,9000
2026-08-05 13:28:31,계절한정 냉면,1,10000
2026-08-05 13:32:36,김치찌개(1인),1,9000
2026-08-05 13:45:28,김치찌개(1인),1,9000
2026-08-05 13:45:28,공기밥,1,1000
2026-08-05 13:45:28,갈비탕,1,13000
2026-08-05 17:55:02,김치찌개(2인),1,17000
2026-08-05 17:55:02,계란말이,2,14000
2026-08-05 17:55:02,불고기 정식,1,13000
2026-08-05 17:55:25,김치찌개(1인),1,9000
2026-08-05 17:55:25,김치찌개(2인),1,17000
2026-08-05 18:19:16,계란말이,1,7000
2026-08-05 18:19:16,순두부찌개,1,9500
2026-08-05 18:34:09,비빔밥,1,9000
2026-08-05 18:34:09,계절한정 냉면,1,10000
2026-08-05 18:34:09,김치찌개(1인),2,18000
2026-08-05 18:38:34,불고기 정식,2,26000
2026-08-05 18:46:29,아메리카노(HOT),1,2000
2026-08-05 18:46:29,계란말이,1,7000
2026-08-05 19:01:18,된장찌개(1인),1,9000
2026-08-05 19:01:18,김치찌개(2인),1,17000
2026-08-05 19:01:39,계란말이,1,7000
2026-08-05 19:01:39,불고기 정식,1,13000
2026-08-05 19:07:04,비빔밥,1,9000
2026-08-05 19:07:04,불고기 정식,2,26000
2026-08-05 19:12:53,불고기 정식,1,13000
2026-08-05 19:13:00,김치찌개(2인),2,34000
2026-08-05 19:13:00,김치찌개(1인),1,9000
2026-08-05 19:13:00,순두부찌개,1,9500
2026-08-05 19:15:56,순두부찌개,2,19000
2026-08-05 19:15:56,제육볶음,1,11000
2026-08-05 19:15:56,순두부찌개,1,9500
2026-08-05 19:25:56,제육볶음,1,11000
2026-08-05 19:29:03,김치찌개(1인),1,9000
2026-08-05 19:29:03,콜라,1,2000
2026-08-05 19:34:46,김치찌개(2인),1,17000
2026-08-05 19:34:46,된장찌개(1인),1,9000
2026-08-05 19:35:52,갈비탕,1,13000
2026-08-05 19:35:52,공기밥,1,1000
2026-08-05 19:35:52,제육볶음,1,11000
2026-08-05 19:39:03,김치찌개(2인),1,17000
2026-08-05 19:44:49,콜라,1,2000
2026-08-05 19:44:49,갈비탕,2,26000
2026-08-05 19:44:49,불고기 정식,1,13000
2026-08-05 19:47:07,계란말이,1,7000
2026-08-05 19:57:02,갈비탕,2,26000
2026-08-05 19:57:02,공기밥,1,1000
2026-08-05 19:57:02,아메리카노(ICE),1,2000
2026-08-05 20:07:18,비빔밥,2,18000
2026-08-05 20:07:18,제육볶음,1,11000
2026-08-05 20:23:26,제육볶음,1,11000
2026-08-05 20:23:26,순두부찌개,1,9500
2026-08-05 20:23:26,제육볶음,1,11000
2026-08-06 11:45:19,김치찌개(1인),1,9000
2026-08-06 11:47:11,비빔밥,1,9000
2026-08-06 11:47:11,공기밥,1,1000
2026-08-06 11:48:40,아메리카노(HOT),1,2000
2026-08-06 11:55:49,김치찌개(1인),1,9000
2026-08-06 11:55:49,계절한정 냉면,1,10000
2026-08-06 11:55:49,된장찌개(1인),1,9000
2026-08-06 12:02:11,콜라,1,2000
2026-08-06 12:02:11,순두부찌개,1,9500
2026-08-06 12:14:06,아메리카노(HOT),1,2000
2026-08-06 12:14:30,계절한정 냉면,1,10000
2026-08-06 12:14:30,계절한정 냉면,1,10000
2026-08-06 12:14:39,김치찌개(1인),1,9000
2026-08-06 12:14:39,비빔밥,1,9000
2026-08-06 12:14:39,콜라,1,2000
2026-08-06 12:15:14,된장찌개(1인),1,9000
2026-08-06 12:15:14,된장찌개(1인),1,9000
2026-08-06 12:15:14,공기밥,2,2000
2026-08-06 12:16:27,김치찌개(1인),1,9000
2026-08-06 12:16:27,김치찌개(1인),2,18000
2026-08-06 12:17:40,비빔밥,2,18000
2026-08-06 12:17:40,계란말이,2,14000
2026-08-06 12:17:40,김치찌개(2인),1,17000
2026-08-06 12:18:54,김치찌개(1인),1,9000
2026-08-06 12:18:54,계절한정 냉면,1,10000
2026-08-06 12:19:35,아메리카노(ICE),1,2000
2026-08-06 12:20:03,제육볶음,2,22000
2026-08-06 12:20:03,계란말이,1,7000
2026-08-06 12:21:35,공기밥,1,1000
2026-08-06 12:22:05,제육볶음,1,11000
2026-08-06 12:23:18,김치찌개(1인),1,9000
2026-08-06 12:28:20,불고기 정식,1,13000
2026-08-06 12:28:22,김치찌개(1인),2,18000
2026-08-06 12:28:22,제육볶음,1,11000
2026-08-06 12:34:30,아메리카노(ICE),1,2000
2026-08-06 12:34:30,갈비탕,1,13000
2026-08-06 12:35:09,비빔밥,2,18000
2026-08-06 12:35:09,계절한정 냉면,1,10000
2026-08-06 12:39:41,김치찌개(2인),1,17000
2026-08-06 12:39:41,아메리카노(ICE),1,2000
2026-08-06 12:40:25,공기밥,1,1000
2026-08-06 12:40:55,아메리카노(ICE),1,2000
2026-08-06 12:40:55,된장찌개(1인),1,9000
2026-08-06 12:42:08,공기밥,1,1000
2026-08-06 12:42:08,제육볶음,1,11000
2026-08-06 12:43:08,아메리카노(ICE),2,4000
2026-08-06 12:51:38,김치찌개(1인),1,9000
2026-08-06 12:54:53,순두부찌개,1,9500
2026-08-06 12:57:07,비빔밥,1,9000
2026-08-06 12:57:07,김치찌개(1인),1,9000
2026-08-06 12:57:07,된장찌개(1인),2,18000
2026-08-06 12:59:00,된장찌개(1인),2,18000
2026-08-06 13:00:12,공기밥,1,1000
2026-08-06 13:00:12,제육볶음,1,11000
2026-08-06 13:00:12,된장찌개(1인),1,9000
2026-08-06 13:00:31,제육볶음,1,11000
2026-08-06 13:01:20,순두부찌개,1,9500
2026-08-06 13:01:20,계절한정 냉면,1,10000
2026-08-06 13:01:20,김치찌개(1인),1,9000
2026-08-06 13:04:00,불고기 정식,1,13000
2026-08-06 13:04:00,공기밥,2,2000
2026-08-06 13:04:00,불고기 정식,1,13000
2026-08-06 13:09:05,불고기 정식,1,13000
2026-08-06 13:09:05,된장찌개(1인),2,18000
2026-08-06 13:09:05,제육볶음,1,11000
2026-08-06 13:09:39,제육볶음,1,11000
2026-08-06 13:13:58,제육볶음,1,11000
2026-08-06 13:21:09,김치찌개(1인),1,9000
2026-08-06 13:39:21,김치찌개(1인),1,9000
2026-08-06 13:39:21,비빔밥,1,9000
2026-08-06 17:48:26,불고기 정식,1,13000
2026-08-06 18:09:45,콜라,1,2000
2026-08-06 18:09:45,콜라,1,2000
2026-08-06 18:18:24,계란말이,1,7000
2026-08-06 18:18:54,갈비탕,1,13000
2026-08-06 18:23:49,김치찌개(1인),1,9000
2026-08-06 18:23:49,김치찌개(1인),1,9000
2026-08-06 18:23:49,된장찌개(1인),1,9000
2026-08-06 18:30:15,갈비탕,1,13000
2026-08-06 18:37:05,김치찌개(1인),1,9000
2026-08-06 18:37:05,김치찌개(1인),1,9000
2026-08-06 18:37:18,김치찌개(1인),2,18000
2026-08-06 18:37:18,갈비탕,2,26000
2026-08-06 18:48:09,제육볶음,2,22000
2026-08-06 18:48:09,계절한정 냉면,2,20000
2026-08-06 18:48:18,김치찌개(1인),1,9000
2026-08-06 18:48:18,갈비탕,1,13000
2026-08-06 18:50:13,제육볶음,1,11000
2026-08-06 18:50:13,공기밥,1,1000
2026-08-06 18:50:13,김치찌개(1인),2,18000
2026-08-06 18:53:52,된장찌개(1인),1,9000
2026-08-06 18:59:59,김치찌개(2인),2,34000
2026-08-06 18:59:59,제육볶음,1,11000
2026-08-06 18:59:59,김치찌개(2인),2,34000
2026-08-06 19:00:05,공기밥,1,1000
2026-08-06 19:00:05,아메리카노(HOT),1,2000
2026-08-06 19:00:11,갈비탕,1,13000
2026-08-06 19:00:22,된장찌개(1인),1,9000
2026-08-06 19:04:04,콜라,1,2000
2026-08-06 19:04:08,계절한정 냉면,1,10000
2026-08-06 19:04:08,불고기 정식,1,13000
2026-08-06 19:10:23,불고기 정식,1,13000
2026-08-06 19:10:23,된장찌개(1인),2,18000
2026-08-06 19:19:12,콜라,1,2000
2026-08-06 19:23:36,불고기 정식,2,26000
2026-08-06 19:23:36,된장찌개(1인),2,18000
2026-08-06 19:24:49,순두부찌개,1,9500
2026-08-06 19:24:49,콜라,1,2000
2026-08-06 19:37:39,불고기 정식,1,13000
2026-08-06 19:40:45,김치찌개(1인),2,18000
2026-08-06 19:44:01,김치찌개(1인),1,9000
2026-08-06 19:44:01,제육볶음,1,11000
2026-08-06 19:47:35,제육볶음,1,11000
2026-08-06 19:53:15,김치찌개(1인),1,9000
2026-08-06 19:53:34,갈비탕,1,13000
2026-08-06 19:53:34,김치찌개(1인),1,9000
2026-08-06 20:32:34,갈비탕,1,13000
2026-08-06 20:35:09,갈비탕,1,13000
2026-08-06 20:35:09,아메리카노(HOT),2,4000
2026-08-06 20:35:09,계절한정 냉면,1,10000
2026-08-07 11:37:33,불고기 정식,2,26000
2026-08-07 11:37:33,갈비탕,1,13000
2026-08-07 11:37:33,제육볶음,1,11000
2026-08-07 11:45:28,계란말이,1,7000
2026-08-07 11:45:28,공기밥,1,1000
2026-08-07 11:52:18,된장찌개(1인),1,9000
2026-08-07 11:52:18,순두부찌개,1,9500
2026-08-07 12:00:09,아메리카노(ICE),1,2000
2026-08-07 12:00:09,갈비탕,1,13000
2026-08-07 12:02:18,된장찌개(1인),1,9000
2026-08-07 12:02:18,계절한정 냉면,2,20000
2026-08-07 12:02:18,김치찌개(1인),1,9000
2026-08-07 12:03:45,계절한정 냉면,2,20000
2026-08-07 12:08:16,불고기 정식,1,13000
2026-08-07 12:11:35,아메리카노(ICE),1,2000
2026-08-07 12:11:35,김치찌개(1인),1,9000
2026-08-07 12:11:35,아메리카노(ICE),2,4000
2026-08-07 12:12:34,계절한정 냉면,2,20000
2026-08-07 12:12:34,공기밥,2,2000
2026-08-07 12:12:34,비빔밥,1,9000
2026-08-07 12:12:39,아메리카노(ICE),1,2000
2026-08-07 12:15:39,된장찌개(1인),1,9000
2026-08-07 12:16:13,순두부찌개,1,9500
2026-08-07 12:17:41,김치찌개(1인),1,9000
2026-08-07 12:17:41,순두부찌개,2,19000
2026-08-07 12:20:23,공기밥,2,2000
2026-08-07 12:20:23,제육볶음,1,11000
2026-08-07 12:28:59,김치찌개(1인),1,9000
2026-08-07 12:31:00,제육볶음,2,22000
2026-08-07 12:31:00,아메리카노(ICE),1,2000
2026-08-07 12:31:00,콜라,2,4000
2026-08-07 12:31:25,된장찌개(1인),1,9000
2026-08-07 12:38:19,콜라,1,2000
2026-08-07 12:38:19,순두부찌개,1,9500
2026-08-07 12:38:26,제육볶음,1,11000
2026-08-07 12:39:38,순두부찌개,1,9500
2026-08-07 12:45:42,불고기 정식,1,13000
2026-08-07 12:46:30,비빔밥,1,9000
2026-08-07 12:46:30,된장찌개(1인),2,18000
2026-08-07 12:49:30,된장찌개(1인),1,9000
2026-08-07 12:49:30,공기밥,1,1000
2026-08-07 12:49:30,비빔밥,1,9000
2026-08-07 12:51:17,아메리카노(ICE),1,2000
2026-08-07 12:51:17,제육볶음,1,11000
2026-08-07 12:53:57,순두부찌개,1,9500
2026-08-07 12:54:25,아메리카노(ICE),1,2000
2026-08-07 12:58:37,김치찌개(1인),2,18000
2026-08-07 12:58:37,아메리카노(ICE),2,4000
2026-08-07 13:05:41,된장찌개(1인),1,9000
2026-08-07 13:05:41,순두부찌개,1,9500
2026-08-07 13:10:16,김치찌개(2인),1,17000
2026-08-07 13:24:40,제육볶음,1,11000
2026-08-07 13:24:40,공기밥,1,1000
2026-08-07 13:24:40,김치찌개(1인),2,18000
2026-08-07 13:24:48,김치찌개(1인),1,9000
2026-08-07 13:28:02,계절한정 냉면,1,10000
2026-08-07 17:53:23,공기밥,1,1000
2026-08-07 17:58:26,김치찌개(2인),1,17000
2026-08-07 18:11:47,김치찌개(2인),1,17000
2026-08-07 18:11:47,아메리카노(ICE),1,2000
2026-08-07 18:11:47,계란말이,1,7000
2026-08-07 18:29:54,김치찌개(2인),1,17000
2026-08-07 18:45:09,제육볶음,1,11000
2026-08-07 18:45:09,된장찌개(1인),1,9000
2026-08-07 18:45:09,갈비탕,1,13000
2026-08-07 18:48:03,비빔밥,1,9000
2026-08-07 18:48:03,아메리카노(ICE),1,2000
2026-08-07 18:50:52,된장찌개(1인),2,18000
2026-08-07 18:50:52,불고기 정식,1,13000
2026-08-07 18:53:39,비빔밥,1,9000
2026-08-07 18:54:06,불고기 정식,1,13000
2026-08-07 19:01:05,계란말이,1,7000
2026-08-07 19:01:16,불고기 정식,1,13000
2026-08-07 19:01:16,제육볶음,2,22000
2026-08-07 19:03:29,김치찌개(1인),1,9000
2026-08-07 19:09:46,김치찌개(1인),1,9000
2026-08-07 19:09:46,순두부찌개,1,9500
2026-08-07 19:11:11,계란말이,1,7000
2026-08-07 19:19:54,불고기 정식,1,13000
2026-08-07 19:27:05,김치찌개(1인),1,9000
2026-08-07 19:39:02,계란말이,1,7000
2026-08-07 19:41:43,김치찌개(2인),1,17000
2026-08-07 19:41:43,김치찌개(2인),1,17000
2026-08-07 19:41:43,공기밥,1,1000
2026-08-07 19:43:30,콜라,1,2000
2026-08-07 19:44:26,김치찌개(1인),1,9000
2026-08-07 19:44:39,비빔밥,2,18000
2026-08-07 20:03:03,계란말이,1,7000
2026-08-07 20:11:22,아메리카노(ICE),1,2000
2026-08-07 20:11:22,제육볶음,1,11000
2026-08-07 20:15:36,된장찌개(1인),1,9000
2026-08-07 20:15:36,된장찌개(1인),1,9000
2026-08-08 11:31:23,된장찌개(1인),1,9000
2026-08-08 11:31:23,제육볶음,1,11000
2026-08-08 11:36:23,아메리카노(ICE),1,2000
2026-08-08 11:44:19,아메리카노(ICE),1,2000
2026-08-08 11:51:46,순두부찌개,1,9500
2026-08-08 11:51:46,순두부찌개,1,9500
2026-08-08 12:00:23,계절한정 냉면,1,10000
2026-08-08 12:00:23,비빔밥,1,9000
2026-08-08 12:07:47,순두부찌개,1,9500
2026-08-08 12:07:47,불고기 정식,1,13000
2026-08-08 12:11:46,순두부찌개,1,9500
2026-08-08 12:11:46,갈비탕,2,26000
2026-08-08 12:11:46,김치찌개(1인),1,9000
2026-08-08 12:11:47,김치찌개(1인),2,18000
2026-08-08 12:12:29,아메리카노(ICE),1,2000
2026-08-08 12:12:29,공기밥,2,2000
2026-08-08 12:14:51,제육볶음,1,11000
2026-08-08 12:14:51,김치찌개(2인),1,17000
2026-08-08 12:14:57,제육볶음,2,22000
2026-08-08 12:14:57,김치찌개(1인),1,9000
2026-08-08 12:21:51,아메리카노(HOT),1,2000
2026-08-08 12:21:51,된장찌개(1인),1,9000
2026-08-08 12:24:11,된장찌개(1인),1,9000
2026-08-08 12:24:11,김치찌개(1인),1,9000
2026-08-08 12:24:21,불고기 정식,1,13000
2026-08-08 12:24:21,비빔밥,2,18000
2026-08-08 12:24:21,순두부찌개,1,9500
2026-08-08 12:26:25,계절한정 냉면,1,10000
2026-08-08 12:28:37,공기밥,1,1000
2026-08-08 12:28:37,콜라,1,2000
2026-08-08 12:28:37,비빔밥,1,9000
2026-08-08 12:40:23,제육볶음,1,11000
2026-08-08 12:40:23,김치찌개(1인),1,9000
2026-08-08 12:40:23,된장찌개(1인),1,9000
2026-08-08 12:40:42,비빔밥,2,18000
2026-08-08 12:40:42,아메리카노(HOT),2,4000
2026-08-08 12:42:32,갈비탕,1,13000
2026-08-08 12:42:32,콜라,1,2000
2026-08-08 12:48:50,아메리카노(HOT),2,4000
2026-08-08 12:48:50,계란말이,1,7000
2026-08-08 12:57:45,아메리카노(HOT),1,2000
2026-08-08 12:57:45,김치찌개(1인),1,9000
2026-08-08 13:01:33,김치찌개(1인),1,9000
2026-08-08 13:03:14,김치찌개(1인),1,9000
2026-08-08 13:03:14,김치찌개(1인),1,9000
2026-08-08 13:09:46,계란말이,2,14000
2026-08-08 17:55:55,공기밥,1,1000
2026-08-08 17:55:55,김치찌개(2인),1,17000
2026-08-08 17:55:55,된장찌개(1인),1,9000
2026-08-08 18:05:19,갈비탕,1,13000
2026-08-08 18:05:19,계란말이,1,7000
2026-08-08 18:18:37,갈비탕,1,13000
2026-08-08 18:19:42,아메리카노(ICE),1,2000
2026-08-08 18:19:42,계절한정 냉면,1,10000
2026-08-08 18:23:43,김치찌개(2인),1,17000
2026-08-08 18:23:43,공기밥,1,1000
2026-08-08 18:34:07,김치찌개(1인),1,9000
2026-08-08 18:34:59,순두부찌개,2,19000
2026-08-08 18:37:27,콜라,1,2000
2026-08-08 18:38:04,순두부찌개,1,9500
2026-08-08 18:38:04,김치찌개(2인),1,17000
2026-08-08 18:38:04,제육볶음,1,11000
2026-08-08 18:39:24,불고기 정식,2,26000
2026-08-08 18:47:18,김치찌개(1인),1,9000
2026-08-08 18:51:53,갈비탕,2,26000
2026-08-08 18:53:54,갈비탕,1,13000
2026-08-08 18:53:54,갈비탕,2,26000
2026-08-08 18:53:54,계란말이,2,14000
2026-08-08 18:53:57,계절한정 냉면,1,10000
2026-08-08 18:55:37,제육볶음,2,22000
2026-08-08 19:02:28,김치찌개(1인),1,9000
2026-08-08 19:06:17,김치찌개(1인),1,9000
2026-08-08 19:06:17,계란말이,2,14000
2026-08-08 19:06:17,김치찌개(2인),2,34000
2026-08-08 19:09:08,공기밥,1,1000
2026-08-08 19:15:29,비빔밥,1,9000
2026-08-08 19:15:29,김치찌개(2인),2,34000
2026-08-08 19:15:29,김치찌개(1인),1,9000
2026-08-08 19:26:50,계절한정 냉면,1,10000
2026-08-08 19:28:11,계란말이,2,14000
2026-08-08 19:28:11,불고기 정식,1,13000
2026-08-08 19:28:11,불고기 정식,1,13000
2026-08-08 19:31:06,계절한정 냉면,2,20000
2026-08-08 19:31:06,갈비탕,1,13000
2026-08-08 19:31:57,된장찌개(1인),1,9000
2026-08-08 19:31:57,된장찌개(1인),1,9000
2026-08-08 19:32:50,콜라,1,2000
2026-08-08 19:32:50,불고기 정식,1,13000
2026-08-08 19:32:50,불고기 정식,1,13000
2026-08-08 19:34:40,김치찌개(1인),1,9000
2026-08-08 19:39:20,순두부찌개,1,9500
2026-08-08 19:39:20,계절한정 냉면,2,20000
2026-08-08 19:41:24,공기밥,1,1000
2026-08-08 19:41:24,김치찌개(1인),1,9000
2026-08-08 19:44:57,순두부찌개,1,9500
2026-08-08 19:44:57,된장찌개(1인),1,9000
2026-08-08 19:48:33,공기밥,1,1000
2026-08-08 19:51:54,제육볶음,1,11000
2026-08-08 19:51:54,비빔밥,1,9000
2026-08-08 19:51:54,비빔밥,2,18000
2026-08-08 19:57:36,된장찌개(1인),1,9000
2026-08-08 20:04:50,불고기 정식,1,13000
2026-08-08 20:04:50,계란말이,1,7000
2026-08-08 20:16:25,계절한정 냉면,1,10000
2026-08-08 20:16:25,불고기 정식,1,13000
2026-08-09 11:26:56,갈비탕,1,13000
2026-08-09 11:41:20,김치찌개(1인),1,9000
2026-08-09 11:41:20,제육볶음,1,11000
2026-08-09 11:41:20,계절한정 냉면,1,10000
2026-08-09 11:48:42,비빔밥,1,9000
2026-08-09 12:01:02,제육볶음,1,11000
2026-08-09 12:07:55,순두부찌개,1,9500
2026-08-09 12:08:06,아메리카노(ICE),2,4000
2026-08-09 12:08:06,콜라,1,2000
2026-08-09 12:16:22,김치찌개(1인),1,9000
2026-08-09 12:16:22,된장찌개(1인),1,9000
2026-08-09 12:18:04,계절한정 냉면,1,10000
2026-08-09 12:18:04,아메리카노(HOT),1,2000
2026-08-09 12:18:53,순두부찌개,1,9500
2026-08-09 12:24:53,김치찌개(2인),1,17000
2026-08-09 12:24:53,김치찌개(2인),1,17000
2026-08-09 12:24:53,공기밥,1,1000
2026-08-09 12:25:55,제육볶음,1,11000
2026-08-09 12:25:55,제육볶음,1,11000
2026-08-09 12:25:55,불고기 정식,1,13000
2026-08-09 12:32:19,계절한정 냉면,1,10000
2026-08-09 12:42:56,김치찌개(1인),1,9000
2026-08-09 13:04:29,공기밥,1,1000
2026-08-09 13:04:29,계절한정 냉면,1,10000
2026-08-09 13:06:41,공기밥,1,1000
2026-08-09 13:06:41,제육볶음,2,22000
2026-08-09 13:06:41,김치찌개(1인),1,9000
2026-08-09 13:19:05,순두부찌개,1,9500
2026-08-09 13:22:23,공기밥,2,2000
2026-08-09 13:28:30,제육볶음,1,11000
2026-08-09 13:28:30,순두부찌개,1,9500
2026-08-09 17:43:33,김치찌개(2인),1,17000
2026-08-09 17:47:14,김치찌개(1인),1,9000
2026-08-09 17:52:32,김치찌개(2인),1,17000
2026-08-09 17:52:32,김치찌개(1인),1,9000
2026-08-09 17:52:32,계란말이,1,7000
2026-08-09 17:55:19,김치찌개(1인),2,18000
2026-08-09 17:58:45,공기밥,2,2000
2026-08-09 17:58:45,김치찌개(1인),2,18000
2026-08-09 18:06:09,비빔밥,1,9000
2026-08-09 18:06:09,계절한정 냉면,1,10000
2026-08-09 18:26:07,된장찌개(1인),1,9000
2026-08-09 18:33:12,불고기 정식,1,13000
2026-08-09 18:33:12,콜라,1,2000
2026-08-09 18:41:06,불고기 정식,1,13000
2026-08-09 18:41:06,공기밥,2,2000
2026-08-09 18:44:11,공기밥,1,1000
2026-08-09 18:44:24,콜라,2,4000
2026-08-09 18:53:13,김치찌개(2인),1,17000
2026-08-09 18:53:13,갈비탕,1,13000
2026-08-09 18:54:00,된장찌개(1인),2,18000
2026-08-09 18:57:25,김치찌개(2인),1,17000
2026-08-09 19:00:37,계란말이,1,7000
2026-08-09 19:00:37,콜라,1,2000
2026-08-09 19:00:37,공기밥,1,1000
2026-08-09 19:07:18,된장찌개(1인),2,18000
2026-08-09 19:07:18,제육볶음,2,22000
2026-08-09 19:07:18,공기밥,1,1000
2026-08-09 19:13:51,계란말이,1,7000
2026-08-09 19:13:51,제육볶음,1,11000
2026-08-09 19:13:51,계란말이,1,7000
2026-08-09 19:18:44,계란말이,2,14000
2026-08-09 19:18:44,불고기 정식,1,13000
2026-08-09 19:18:44,제육볶음,1,11000
2026-08-09 19:28:02,김치찌개(1인),1,9000
2026-08-09 19:28:02,불고기 정식,1,13000
2026-08-09 19:28:02,불고기 정식,2,26000
2026-08-09 19:36:52,공기밥,1,1000
2026-08-09 19:36:52,공기밥,1,1000
2026-08-09 19:42:17,계란말이,2,14000
2026-08-09 19:42:17,콜라,1,2000
2026-08-09 19:52:04,비빔밥,1,9000
2026-08-09 19:52:04,김치찌개(2인),1,17000
2026-08-09 19:52:04,순두부찌개,1,9500
2026-08-09 19:52:34,순두부찌개,1,9500
2026-08-09 19:52:34,불고기 정식,1,13000
2026-08-09 20:06:08,된장찌개(1인),1,9000
2026-08-09 20:06:08,비빔밥,1,9000
2026-08-09 20:06:08,불고기 정식,1,13000
2026-08-09 20:21:45,콜라,1,2000
2026-08-09 20:40:16,순두부찌개,1,9500
2026-08-09 20:40:16,계란말이,1,7000
2026-08-10 11:29:26,순두부찌개,1,9500
2026-08-10 11:38:57,공기밥,1,1000
2026-08-10 11:42:39,된장찌개(1인),1,9000
2026-08-10 11:42:39,공기밥,2,2000
2026-08-10 11:49:51,콜라,1,2000
2026-08-10 11:49:51,계절한정 냉면,1,10000
2026-08-10 11:51:09,된장찌개(1인),1,9000
2026-08-10 11:51:15,김치찌개(1인),1,9000
2026-08-10 11:51:15,순두부찌개,1,9500
2026-08-10 11:51:15,계절한정 냉면,1,10000
2026-08-10 11:57:17,공기밥,1,1000
2026-08-10 11:57:37,비빔밥,1,9000
2026-08-10 11:57:37,갈비탕,1,13000
2026-08-10 12:06:28,제육볶음,2,22000
2026-08-10 12:06:45,된장찌개(1인),1,9000
2026-08-10 12:06:45,된장찌개(1인),1,9000
2026-08-10 12:07:41,콜라,1,2000
2026-08-10 12:08:08,된장찌개(1인),1,9000
2026-08-10 12:12:16,아메리카노(ICE),1,2000
2026-08-10 12:12:16,된장찌개(1인),1,9000
2026-08-10 12:12:37,김치찌개(2인),1,17000
2026-08-10 12:18:54,김치찌개(1인),1,9000
2026-08-10 12:18:54,김치찌개(1인),1,9000
2026-08-10 12:18:54,갈비탕,2,26000
2026-08-10 12:19:53,김치찌개(1인),1,9000
2026-08-10 12:26:23,된장찌개(1인),1,9000
2026-08-10 12:26:23,제육볶음,1,11000
2026-08-10 12:27:03,제육볶음,1,11000
2026-08-10 12:27:03,순두부찌개,1,9500
2026-08-10 12:28:25,아메리카노(HOT),1,2000
2026-08-10 12:30:13,계절한정 냉면,1,10000
2026-08-10 12:30:13,비빔밥,1,9000
2026-08-10 12:30:13,계란말이,1,7000
2026-08-10 12:31:21,된장찌개(1인),1,9000
2026-08-10 12:32:30,제육볶음,1,11000
2026-08-10 12:34:16,된장찌개(1인),1,9000
2026-08-10 12:34:16,된장찌개(1인),1,9000
2026-08-10 12:39:08,된장찌개(1인),1,9000
2026-08-10 12:43:59,제육볶음,1,11000
2026-08-10 12:46:01,된장찌개(1인),1,9000
2026-08-10 12:47:45,김치찌개(1인),1,9000
2026-08-10 12:47:45,된장찌개(1인),1,9000
2026-08-10 12:47:45,갈비탕,1,13000
2026-08-10 12:52:04,콜라,1,2000
2026-08-10 12:52:04,김치찌개(1인),1,9000
2026-08-10 12:57:44,제육볶음,1,11000
2026-08-10 13:00:13,공기밥,2,2000
2026-08-10 13:00:48,순두부찌개,1,9500
2026-08-10 13:01:27,된장찌개(1인),2,18000
2026-08-10 13:01:27,계절한정 냉면,1,10000
2026-08-10 13:08:53,된장찌개(1인),1,9000
2026-08-10 13:08:53,비빔밥,1,9000
2026-08-10 13:08:53,제육볶음,1,11000
2026-08-10 13:15:48,공기밥,1,1000
2026-08-10 13:15:48,된장찌개(1인),1,9000
2026-08-10 13:15:48,아메리카노(HOT),2,4000
2026-08-10 17:56:19,비빔밥,1,9000
2026-08-10 18:22:29,콜라,2,4000
2026-08-10 18:22:29,불고기 정식,1,13000
2026-08-10 18:26:13,계절한정 냉면,2,20000
2026-08-10 18:28:21,아메리카노(ICE),1,2000
2026-08-10 18:28:21,순두부찌개,1,9500
2026-08-10 18:30:44,순두부찌개,1,9500
2026-08-10 18:30:44,계란말이,1,7000
2026-08-10 18:31:32,공기밥,1,1000
2026-08-10 18:31:32,김치찌개(1인),1,9000
2026-08-10 18:33:28,갈비탕,1,13000
2026-08-10 18:33:28,계란말이,1,7000
2026-08-10 18:40:41,제육볶음,1,11000
2026-08-10 18:40:41,비빔밥,1,9000
2026-08-10 18:43:00,비빔밥,1,9000
2026-08-10 18:43:00,계절한정 냉면,1,10000
2026-08-10 18:43:00,갈비탕,1,13000
2026-08-10 18:46:05,콜라,1,2000
2026-08-10 18:46:05,김치찌개(1인),1,9000
2026-08-10 18:46:05,불고기 정식,1,13000
2026-08-10 18:46:57,제육볶음,1,11000
2026-08-10 18:49:03,된장찌개(1인),1,9000
2026-08-10 18:50:41,김치찌개(1인),1,9000
2026-08-10 18:50:41,된장찌개(1인),1,9000
2026-08-10 18:50:41,계란말이,2,14000
2026-08-10 18:54:02,갈비탕,1,13000
2026-08-10 18:54:02,계란말이,1,7000
2026-08-10 18:54:02,아메리카노(HOT),2,4000
2026-08-10 18:54:52,제육볶음,1,11000
2026-08-10 18:54:52,제육볶음,2,22000
2026-08-10 18:54:52,김치찌개(2인),1,17000
2026-08-10 18:56:35,김치찌개(1인),1,9000
2026-08-10 19:04:41,불고기 정식,1,13000
2026-08-10 19:04:41,갈비탕,1,13000
2026-08-10 19:04:41,공기밥,2,2000
2026-08-10 19:28:14,계절한정 냉면,1,10000
2026-08-10 19:28:14,갈비탕,1,13000
2026-08-10 19:28:14,콜라,1,2000
2026-08-10 19:31:11,계란말이,1,7000
2026-08-10 19:31:11,제육볶음,1,11000
2026-08-10 19:38:11,된장찌개(1인),2,18000
2026-08-10 19:41:14,제육볶음,1,11000
2026-08-10 20:10:42,된장찌개(1인),1,9000
2026-08-10 20:14:07,계란말이,1,7000
2026-08-10 20:22:21,순두부찌개,1,9500
2026-08-11 11:37:19,비빔밥,1,9000
2026-08-11 11:37:19,콜라,1,2000
2026-08-11 11:41:31,김치찌개(1인),1,9000
2026-08-11 11:41:31,계란말이,1,7000
2026-08-11 11:42:59,아메리카노(ICE),2,4000
2026-08-11 11:44:35,계절한정 냉면,2,20000
2026-08-11 11:54:56,제육볶음,1,11000
2026-08-11 11:57:03,아메리카노(ICE),1,2000
2026-08-11 11:57:03,갈비탕,1,13000
2026-08-11 11:57:06,계절한정 냉면,2,20000
2026-08-11 11:57:19,제육볶음,2,22000
2026-08-11 11:59:07,갈비탕,2,26000
2026-08-11 11:59:56,된장찌개(1인),1,9000
2026-08-11 12:03:57,콜라,1,2000
2026-08-11 12:03:57,순두부찌개,2,19000
2026-08-11 12:05:31,공기밥,1,1000
2026-08-11 12:05:31,김치찌개(1인),1,9000
2026-08-11 12:08:27,갈비탕,1,13000
2026-08-11 12:09:00,계절한정 냉면,1,10000
2026-08-11 12:09:00,아메리카노(HOT),1,2000
2026-08-11 12:10:28,김치찌개(1인),1,9000
2026-08-11 12:10:28,비빔밥,1,9000
2026-08-11 12:10:28,아메리카노(ICE),1,2000
2026-08-11 12:13:37,된장찌개(1인),1,9000
2026-08-11 12:13:37,제육볶음,1,11000
2026-08-11 12:13:40,순두부찌개,1,9500
2026-08-11 12:13:40,불고기 정식,1,13000
2026-08-11 12:19:11,순두부찌개,1,9500
2026-08-11 12:19:42,공기밥,1,1000
2026-08-11 12:19:45,순두부찌개,1,9500
2026-08-11 12:19:45,김치찌개(1인),1,9000
2026-08-11 12:20:35,아메리카노(ICE),1,2000
2026-08-11 12:20:35,제육볶음,1,11000
2026-08-11 12:29:09,계절한정 냉면,1,10000
2026-08-11 12:29:09,제육볶음,2,22000
2026-08-11 12:29:09,아메리카노(HOT),1,2000
2026-08-11 12:29:30,제육볶음,1,11000
2026-08-11 12:29:30,계란말이,1,7000
2026-08-11 12:29:30,계절한정 냉면,1,10000
2026-08-11 12:29:42,계절한정 냉면,1,10000
2026-08-11 12:29:42,제육볶음,1,11000
2026-08-11 12:30:15,된장찌개(1인),1,9000
2026-08-11 12:30:15,비빔밥,1,9000
2026-08-11 12:35:29,순두부찌개,1,9500
2026-08-11 12:35:47,김치찌개(1인),1,9000
2026-08-11 12:35:47,된장찌개(1인),1,9000
2026-08-11 12:35:47,불고기 정식,1,13000
2026-08-11 12:40:46,콜라,2,4000
2026-08-11 12:40:46,제육볶음,2,22000
2026-08-11 12:48:03,갈비탕,1,13000
2026-08-11 12:51:12,비빔밥,1,9000
2026-08-11 13:02:50,김치찌개(2인),1,17000
2026-08-11 13:02:50,갈비탕,2,26000
2026-08-11 13:02:50,콜라,1,2000
2026-08-11 13:10:08,김치찌개(1인),1,9000
2026-08-11 13:10:12,공기밥,1,1000
2026-08-11 13:10:12,비빔밥,1,9000
2026-08-11 13:10:12,된장찌개(1인),1,9000
2026-08-11 13:13:03,아메리카노(ICE),2,4000
2026-08-11 13:13:03,된장찌개(1인),1,9000
2026-08-11 13:19:21,김치찌개(2인),1,17000
2026-08-11 13:19:21,갈비탕,1,13000
2026-08-11 17:42:15,비빔밥,1,9000
2026-08-11 17:42:15,콜라,1,2000
2026-08-11 17:48:37,불고기 정식,1,13000
2026-08-11 17:48:48,불고기 정식,1,13000
2026-08-11 17:50:08,계란말이,2,14000
2026-08-11 17:50:08,콜라,1,2000
2026-08-11 18:09:22,계란말이,1,7000
2026-08-11 18:09:37,계절한정 냉면,2,20000
2026-08-11 18:09:37,불고기 정식,2,26000
2026-08-11 18:17:23,김치찌개(1인),1,9000
2026-08-11 18:19:49,된장찌개(1인),2,18000
2026-08-11 18:19:49,불고기 정식,1,13000
2026-08-11 18:22:22,비빔밥,1,9000
2026-08-11 18:22:22,불고기 정식,1,13000
2026-08-11 18:22:22,갈비탕,2,26000
2026-08-11 18:23:03,된장찌개(1인),1,9000
2026-08-11 18:23:03,공기밥,1,1000
2026-08-11 18:23:03,계란말이,1,7000
2026-08-11 18:26:21,계란말이,1,7000
2026-08-11 18:26:21,갈비탕,1,13000
2026-08-11 19:03:37,된장찌개(1인),1,9000
2026-08-11 19:08:18,된장찌개(1인),2,18000
2026-08-11 19:08:41,된장찌개(1인),1,9000
2026-08-11 19:08:41,김치찌개(1인),1,9000
2026-08-11 19:22:38,된장찌개(1인),2,18000
2026-08-11 19:22:38,제육볶음,1,11000
2026-08-11 19:24:51,제육볶음,1,11000
2026-08-11 19:27:23,불고기 정식,1,13000
2026-08-11 19:32:58,불고기 정식,1,13000
2026-08-11 19:36:20,된장찌개(1인),1,9000
2026-08-11 19:50:34,불고기 정식,1,13000
2026-08-11 19:50:34,김치찌개(1인),1,9000
2026-08-11 19:50:34,김치찌개(2인),1,17000
2026-08-11 19:53:33,계란말이,1,7000
2026-08-11 19:53:33,된장찌개(1인),2,18000
2026-08-11 19:56:24,공기밥,1,1000
2026-08-11 19:56:24,갈비탕,1,13000
2026-08-11 19:56:24,불고기 정식,2,26000
2026-08-11 19:58:23,콜라,1,2000
2026-08-11 20:11:10,제육볶음,1,11000
2026-08-11 20:11:25,계란말이,1,7000
2026-08-11 20:16:07,제육볶음,1,11000
2026-08-11 20:16:07,비빔밥,2,18000
2026-08-11 20:16:19,갈비탕,1,13000
2026-08-11 20:26:43,된장찌개(1인),1,9000
2026-08-11 20:26:43,공기밥,1,1000
2026-08-12 11:41:59,순두부찌개,1,9500
2026-08-12 11:41:59,아메리카노(HOT),1,2000
2026-08-12 11:42:48,된장찌개(1인),1,9000
2026-08-12 11:46:24,제육볶음,2,22000
2026-08-12 11:49:06,김치찌개(1인),1,9000
2026-08-12 11:49:06,불고기 정식,1,13000
2026-08-12 11:49:28,불고기 정식,1,13000
2026-08-12 11:53:06,된장찌개(1인),1,9000
2026-08-12 11:53:06,된장찌개(1인),1,9000
2026-08-12 11:53:06,김치찌개(1인),1,9000
2026-08-12 11:54:30,된장찌개(1인),1,9000
2026-08-12 11:54:54,비빔밥,1,9000
2026-08-12 11:57:35,불고기 정식,1,13000
2026-08-12 11:57:35,된장찌개(1인),1,9000
2026-08-12 11:57:35,된장찌개(1인),2,18000
2026-08-12 12:03:05,불고기 정식,1,13000
2026-08-12 12:03:05,콜라,1,2000
2026-08-12 12:03:05,불고기 정식,1,13000
2026-08-12 12:06:06,김치찌개(1인),1,9000
2026-08-12 12:06:06,불고기 정식,1,13000
2026-08-12 12:06:06,된장찌개(1인),1,9000
2026-08-12 12:06:49,아메리카노(HOT),1,2000
2026-08-12 12:06:49,김치찌개(1인),2,18000
2026-08-12 12:08:22,공기밥,1,1000
2026-08-12 12:09:02,된장찌개(1인),2,18000
2026-08-12 12:09:02,된장찌개(1인),1,9000
2026-08-12 12:09:09,김치찌개(1인),1,9000
2026-08-12 12:09:09,공기밥,1,1000
2026-08-12 12:12:23,된장찌개(1인),1,9000
2026-08-12 12:12:23,제육볶음,1,11000
2026-08-12 12:13:00,된장찌개(1인),1,9000
2026-08-12 12:13:00,순두부찌개,1,9500
2026-08-12 12:13:00,된장찌개(1인),2,18000
2026-08-12 12:14:05,공기밥,1,1000
2026-08-12 12:14:05,계란말이,1,7000
2026-08-12 12:14:05,된장찌개(1인),1,9000
2026-08-12 12:25:25,비빔밥,1,9000
2026-08-12 12:26:32,계란말이,2,14000
2026-08-12 12:26:32,콜라,2,4000
2026-08-12 12:27:46,김치찌개(1인),2,18000
2026-08-12 12:27:46,아메리카노(HOT),1,2000
2026-08-12 12:28:44,된장찌개(1인),2,18000
2026-08-12 12:28:44,김치찌개(1인),1,9000
2026-08-12 12:30:12,된장찌개(1인),1,9000
2026-08-12 12:38:07,순두부찌개,1,9500
2026-08-12 12:38:29,순두부찌개,1,9500
2026-08-12 12:39:14,공기밥,1,1000
2026-08-12 12:39:14,된장찌개(1인),1,9000
2026-08-12 12:39:14,비빔밥,1,9000
2026-08-12 12:44:02,아메리카노(ICE),1,2000
2026-08-12 12:45:32,순두부찌개,2,19000
2026-08-12 12:45:32,아메리카노(HOT),1,2000
2026-08-12 12:59:09,공기밥,1,1000
2026-08-12 13:03:02,된장찌개(1인),1,9000
2026-08-12 13:03:02,공기밥,1,1000
2026-08-12 13:03:02,순두부찌개,1,9500
2026-08-12 13:08:32,비빔밥,1,9000
2026-08-12 13:08:32,김치찌개(1인),1,9000
2026-08-12 17:51:17,제육볶음,1,11000
2026-08-12 17:53:02,불고기 정식,1,13000
2026-08-12 17:53:02,김치찌개(1인),1,9000
2026-08-12 17:59:40,제육볶음,1,11000
2026-08-12 18:08:09,된장찌개(1인),1,9000
2026-08-12 18:08:09,비빔밥,1,9000
2026-08-12 18:10:03,콜라,1,2000
2026-08-12 18:10:03,비빔밥,1,9000
2026-08-12 18:12:49,제육볶음,2,22000
2026-08-12 18:29:16,순두부찌개,1,9500
2026-08-12 18:29:16,계란말이,2,14000
2026-08-12 18:32:52,된장찌개(1인),2,18000
2026-08-12 18:32:52,김치찌개(2인),1,17000
2026-08-12 18:36:30,계란말이,1,7000
2026-08-12 18:36:30,공기밥,2,2000
2026-08-12 18:38:33,공기밥,1,1000
2026-08-12 18:38:33,김치찌개(1인),1,9000
2026-08-12 18:45:18,불고기 정식,1,13000
2026-08-12 18:45:18,된장찌개(1인),1,9000
2026-08-12 18:45:18,제육볶음,1,11000
2026-08-12 18:53:49,불고기 정식,1,13000
2026-08-12 18:53:49,계절한정 냉면,1,10000
2026-08-12 19:00:26,콜라,1,2000
2026-08-12 19:00:41,김치찌개(2인),1,17000
2026-08-12 19:00:41,된장찌개(1인),1,9000
2026-08-12 19:00:41,김치찌개(1인),1,9000
2026-08-12 19:03:11,제육볶음,2,22000
2026-08-12 19:04:52,계란말이,1,7000
2026-08-12 19:15:24,불고기 정식,2,26000
2026-08-12 19:15:24,불고기 정식,2,26000
2026-08-12 19:21:42,갈비탕,1,13000
2026-08-12 19:21:42,제육볶음,1,11000
2026-08-12 19:21:47,계란말이,1,7000
2026-08-12 19:21:47,계란말이,1,7000
2026-08-12 19:33:27,콜라,2,4000
2026-08-12 19:33:27,불고기 정식,2,26000
2026-08-12 19:33:27,된장찌개(1인),1,9000
2026-08-12 19:47:51,비빔밥,1,9000
2026-08-12 19:57:26,공기밥,1,1000
2026-08-12 19:57:26,공기밥,1,1000
2026-08-12 19:59:48,갈비탕,2,26000
2026-08-12 19:59:48,갈비탕,1,13000
2026-08-12 20:03:45,김치찌개(1인),1,9000
2026-08-12 20:03:45,비빔밥,1,9000
2026-08-12 20:05:45,계란말이,2,14000
2026-08-12 20:05:45,김치찌개(1인),1,9000
2026-08-12 20:07:04,콜라,1,2000
2026-08-12 20:21:58,제육볶음,2,22000
2026-08-12 20:21:58,된장찌개(1인),2,18000
2026-08-12 20:24:29,순두부찌개,2,19000
2026-08-12 20:25:01,제육볶음,1,11000
2026-08-12 20:25:01,아메리카노(ICE),1,2000
2026-08-12 20:55:53,제육볶음,2,22000
2026-08-12 20:55:53,순두부찌개,1,9500
2026-08-12 20:55:53,된장찌개(1인),1,9000
2026-08-13 11:25:05,비빔밥,2,18000
2026-08-13 11:25:05,순두부찌개,2,19000
2026-08-13 11:26:09,갈비탕,1,13000
2026-08-13 11:35:10,순두부찌개,1,9500
2026-08-13 11:39:54,불고기 정식,1,13000
2026-08-13 11:42:56,아메리카노(HOT),1,2000
2026-08-13 11:42:56,순두부찌개,1,9500
2026-08-13 11:42:56,제육볶음,1,11000
2026-08-13 11:44:59,비빔밥,1,9000
2026-08-13 11:48:35,아메리카노(ICE),1,2000
2026-08-13 11:48:35,공기밥,1,1000
2026-08-13 11:51:59,된장찌개(1인),2,18000
2026-08-13 12:00:20,불고기 정식,1,13000
2026-08-13 12:00:20,계란말이,1,7000
2026-08-13 12:00:20,김치찌개(2인),1,17000
2026-08-13 12:02:14,아메리카노(HOT),1,2000
2026-08-13 12:02:14,계란말이,1,7000
2026-08-13 12:02:14,김치찌개(1인),2,18000
2026-08-13 12:02:15,비빔밥,2,18000
2026-08-13 12:02:15,제육볶음,2,22000
2026-08-13 12:02:15,순두부찌개,1,9500
2026-08-13 12:07:16,순두부찌개,2,19000
2026-08-13 12:07:16,갈비탕,2,26000
2026-08-13 12:08:57,갈비탕,1,13000
2026-08-13 12:08:57,갈비탕,2,26000
2026-08-13 12:17:48,제육볶음,2,22000
2026-08-13 12:17:49,갈비탕,2,26000
2026-08-13 12:21:36,계절한정 냉면,1,10000
2026-08-13 12:32:06,순두부찌개,1,9500
2026-08-13 12:37:45,순두부찌개,1,9500
2026-08-13 12:37:45,된장찌개(1인),1,9000
2026-08-13 12:39:56,순두부찌개,2,19000
2026-08-13 12:39:56,계란말이,1,7000
2026-08-13 12:42:42,김치찌개(2인),1,17000
2026-08-13 12:42:42,김치찌개(2인),1,17000
2026-08-13 12:42:42,제육볶음,1,11000
2026-08-13 12:44:30,공기밥,2,2000
2026-08-13 12:44:30,갈비탕,1,13000
2026-08-13 12:55:36,제육볶음,1,11000
2026-08-13 12:58:10,제육볶음,1,11000
2026-08-13 12:58:10,불고기 정식,1,13000
2026-08-13 12:58:10,된장찌개(1인),1,9000
2026-08-13 12:59:00,계절한정 냉면,1,10000
2026-08-13 12:59:00,제육볶음,1,11000
2026-08-13 12:59:00,아메리카노(HOT),1,2000
2026-08-13 13:02:05,제육볶음,1,11000
2026-08-13 13:02:05,비빔밥,1,9000
2026-08-13 13:02:05,제육볶음,1,11000
2026-08-13 13:09:57,김치찌개(1인),1,9000
2026-08-13 13:16:28,제육볶음,1,11000
2026-08-13 13:16:28,제육볶음,1,11000
2026-08-13 13:17:30,공기밥,1,1000
2026-08-13 13:27:18,콜라,1,2000
2026-08-13 13:27:18,김치찌개(1인),1,9000
2026-08-13 17:51:29,불고기 정식,1,13000
2026-08-13 17:51:29,김치찌개(2인),1,17000
2026-08-13 17:51:29,된장찌개(1인),2,18000
2026-08-13 17:55:52,김치찌개(1인),1,9000
2026-08-13 17:55:52,순두부찌개,1,9500
2026-08-13 18:00:18,김치찌개(1인),1,9000
2026-08-13 18:00:18,된장찌개(1인),1,9000
2026-08-13 18:00:18,불고기 정식,1,13000
2026-08-13 18:05:08,콜라,1,2000
2026-08-13 18:05:08,갈비탕,1,13000
2026-08-13 18:05:08,갈비탕,1,13000
2026-08-13 18:11:20,김치찌개(1인),1,9000
2026-08-13 18:11:20,공기밥,1,1000
2026-08-13 18:11:20,아메리카노(ICE),1,2000
2026-08-13 18:20:53,불고기 정식,1,13000
2026-08-13 18:20:53,불고기 정식,1,13000
2026-08-13 18:32:48,계절한정 냉면,1,10000
2026-08-13 18:32:48,김치찌개(1인),2,18000
2026-08-13 18:32:48,불고기 정식,1,13000
2026-08-13 18:34:04,된장찌개(1인),1,9000
2026-08-13 18:36:45,순두부찌개,1,9500
2026-08-13 18:40:30,제육볶음,2,22000
2026-08-13 18:40:33,계란말이,1,7000
2026-08-13 18:40:33,계란말이,2,14000
2026-08-13 18:41:38,김치찌개(2인),1,17000
2026-08-13 18:53:40,비빔밥,1,9000
2026-08-13 19:19:26,콜라,1,2000
2026-08-13 19:19:26,제육볶음,1,11000
2026-08-13 19:29:34,계란말이,1,7000
2026-08-13 19:29:34,갈비탕,2,26000
2026-08-13 19:30:49,아메리카노(HOT),2,4000
2026-08-13 19:34:23,계란말이,2,14000
2026-08-13 19:37:29,콜라,1,2000
2026-08-13 19:37:29,비빔밥,1,9000
2026-08-13 19:44:49,불고기 정식,1,13000
2026-08-13 19:44:49,콜라,1,2000
2026-08-13 19:44:49,갈비탕,1,13000
2026-08-13 19:46:12,제육볶음,1,11000
2026-08-13 19:46:12,된장찌개(1인),1,9000
2026-08-13 19:47:24,콜라,1,2000
2026-08-13 19:47:24,김치찌개(2인),1,17000
2026-08-13 19:56:43,계란말이,1,7000
2026-08-13 20:26:32,비빔밥,1,9000
2026-08-13 20:26:32,김치찌개(1인),1,9000
2026-08-13 20:26:32,김치찌개(1인),1,9000
2026-08-13 20:30:08,불고기 정식,1,13000
2026-08-13 20:38:14,계란말이,1,7000
2026-08-13 20:38:14,김치찌개(1인),1,9000
2026-08-13 20:39:30,제육볶음,2,22000
2026-08-13 20:40:59,김치찌개(1인),1,9000
2026-08-14 11:35:34,제육볶음,1,11000
2026-08-14 11:35:34,비빔밥,2,18000
2026-08-14 11:35:34,아메리카노(ICE),1,2000
2026-08-14 11:38:37,아메리카노(HOT),1,2000
2026-08-14 11:51:39,순두부찌개,2,19000
2026-08-14 11:55:16,김치찌개(2인),1,17000
2026-08-14 11:55:16,계란말이,2,14000
2026-08-14 11:55:16,아메리카노(ICE),1,2000
2026-08-14 11:55:50,갈비탕,1,13000
2026-08-14 11:55:50,제육볶음,1,11000
2026-08-14 11:55:50,불고기 정식,2,26000
2026-08-14 11:58:15,비빔밥,1,9000
2026-08-14 11:58:15,계절한정 냉면,1,10000
2026-08-14 12:00:17,된장찌개(1인),1,9000
2026-08-14 12:00:17,비빔밥,1,9000
2026-08-14 12:03:48,제육볶음,1,11000
2026-08-14 12:03:48,순두부찌개,1,9500
2026-08-14 12:04:49,불고기 정식,1,13000
2026-08-14 12:05:53,갈비탕,1,13000
2026-08-14 12:05:53,비빔밥,2,18000
2026-08-14 12:05:53,불고기 정식,1,13000
2026-08-14 12:07:58,공기밥,1,1000
2026-08-14 12:07:58,순두부찌개,1,9500
2026-08-14 12:08:32,계란말이,2,14000
2026-08-14 12:09:34,제육볶음,2,22000
2026-08-14 12:09:51,계절한정 냉면,1,10000
2026-08-14 12:09:51,된장찌개(1인),2,18000
2026-08-14 12:09:56,비빔밥,2,18000
2026-08-14 12:10:06,공기밥,1,1000
2026-08-14 12:10:34,순두부찌개,2,19000
2026-08-14 12:10:34,김치찌개(1인),1,9000
2026-08-14 12:10:34,계절한정 냉면,1,10000
2026-08-14 12:10:49,된장찌개(1인),1,9000
2026-08-14 12:11:19,김치찌개(1인),1,9000
2026-08-14 12:11:19,제육볶음,1,11000
2026-08-14 12:22:16,아메리카노(ICE),1,2000
2026-08-14 12:22:16,비빔밥,1,9000
2026-08-14 12:22:54,제육볶음,1,11000
2026-08-14 12:23:03,김치찌개(1인),2,18000
2026-08-14 12:25:31,김치찌개(1인),1,9000
2026-08-14 12:25:31,김치찌개(1인),1,9000
2026-08-14 12:25:31,된장찌개(1인),1,9000
2026-08-14 12:26:06,비빔밥,1,9000
2026-08-14 12:26:06,순두부찌개,2,19000
2026-08-14 12:28:43,계절한정 냉면,1,10000
2026-08-14 12:31:04,아메리카노(ICE),1,2000
2026-08-14 12:32:40,비빔밥,1,9000
2026-08-14 12:32:40,계란말이,1,7000
2026-08-14 12:36:20,김치찌개(2인),1,17000
2026-08-14 12:40:01,된장찌개(1인),1,9000
2026-08-14 12:45:10,비빔밥,1,9000
2026-08-14 12:46:06,공기밥,2,2000
2026-08-14 13:23:08,된장찌개(1인),2,18000
2026-08-14 13:23:08,공기밥,2,2000
2026-08-14 13:27:08,김치찌개(1인),2,18000
2026-08-14 13:27:08,순두부찌개,1,9500
2026-08-14 13:27:08,아메리카노(ICE),2,4000
2026-08-14 17:40:20,계란말이,1,7000
2026-08-14 17:45:40,콜라,2,4000
2026-08-14 17:45:40,된장찌개(1인),1,9000
2026-08-14 17:45:40,계란말이,1,7000
2026-08-14 17:51:32,김치찌개(1인),1,9000
2026-08-14 18:02:32,공기밥,1,1000
2026-08-14 18:05:56,불고기 정식,1,13000
2026-08-14 18:24:30,김치찌개(2인),1,17000
2026-08-14 18:24:30,제육볶음,2,22000
2026-08-14 18:28:01,불고기 정식,2,26000
2026-08-14 18:28:01,된장찌개(1인),2,18000
2026-08-14 18:28:55,공기밥,1,1000
2026-08-14 18:43:05,공기밥,1,1000
2026-08-14 18:43:05,아메리카노(ICE),1,2000
2026-08-14 18:44:52,제육볶음,1,11000
2026-08-14 18:58:24,공기밥,1,1000
2026-08-14 18:58:42,공기밥,1,1000
2026-08-14 19:01:20,제육볶음,1,11000
2026-08-14 19:01:20,비빔밥,1,9000
2026-08-14 19:04:51,제육볶음,1,11000
2026-08-14 19:09:33,불고기 정식,1,13000
2026-08-14 19:10:30,김치찌개(1인),1,9000
2026-08-14 19:10:30,공기밥,2,2000
2026-08-14 19:12:33,김치찌개(1인),1,9000
2026-08-14 19:12:33,불고기 정식,1,13000
2026-08-14 19:12:33,불고기 정식,2,26000
2026-08-14 19:20:35,계란말이,1,7000
2026-08-14 19:24:45,김치찌개(2인),1,17000
2026-08-14 19:24:45,김치찌개(2인),1,17000
2026-08-14 19:31:47,비빔밥,1,9000
2026-08-14 19:31:47,불고기 정식,2,26000
2026-08-14 19:41:04,공기밥,1,1000
2026-08-14 19:44:46,불고기 정식,1,13000
2026-08-14 19:47:13,공기밥,1,1000
2026-08-14 19:47:13,계란말이,1,7000
2026-08-14 19:49:26,순두부찌개,1,9500
2026-08-14 19:49:26,공기밥,1,1000
2026-08-14 19:56:57,제육볶음,1,11000
2026-08-14 19:56:57,불고기 정식,1,13000
2026-08-14 20:09:31,김치찌개(2인),1,17000
2026-08-14 20:13:24,된장찌개(1인),1,9000
2026-08-14 20:14:03,갈비탕,1,13000
2026-08-14 20:14:03,갈비탕,1,13000
2026-08-14 20:16:52,계절한정 냉면,1,10000
2026-08-14 20:16:52,된장찌개(1인),1,9000
2026-08-15 11:34:02,공기밥,2,2000
2026-08-15 11:34:02,된장찌개(1인),1,9000
2026-08-15 11:37:40,계절한정 냉면,2,20000
2026-08-15 11:42:30,비빔밥,1,9000
2026-08-15 11:42:30,갈비탕,1,13000
2026-08-15 11:52:19,공기밥,2,2000
2026-08-15 11:52:19,된장찌개(1인),1,9000
2026-08-15 11:52:56,된장찌개(1인),1,9000
2026-08-15 11:52:56,콜라,1,2000
2026-08-15 11:52:56,된장찌개(1인),1,9000
2026-08-15 12:05:49,아메리카노(ICE),1,2000
2026-08-15 12:05:49,공기밥,1,1000
2026-08-15 12:10:25,아메리카노(ICE),1,2000
2026-08-15 12:10:25,불고기 정식,1,13000
2026-08-15 12:11:05,된장찌개(1인),1,9000
2026-08-15 12:11:31,아메리카노(ICE),1,2000
2026-08-15 12:11:42,공기밥,1,1000
2026-08-15 12:11:47,갈비탕,1,13000
2026-08-15 12:17:04,김치찌개(1인),1,9000
2026-08-15 12:20:33,공기밥,2,2000
2026-08-15 12:20:33,제육볶음,1,11000
2026-08-15 12:24:17,계절한정 냉면,1,10000
2026-08-15 12:25:44,김치찌개(1인),1,9000
2026-08-15 12:27:43,계절한정 냉면,1,10000
2026-08-15 12:45:34,된장찌개(1인),1,9000
2026-08-15 12:50:12,아메리카노(HOT),2,4000
2026-08-15 12:50:12,갈비탕,2,26000
2026-08-15 12:58:21,된장찌개(1인),2,18000
2026-08-15 12:58:21,계절한정 냉면,1,10000
2026-08-15 12:58:21,불고기 정식,1,13000
2026-08-15 13:04:49,순두부찌개,1,9500
2026-08-15 13:08:50,불고기 정식,1,13000
2026-08-15 13:08:50,순두부찌개,1,9500
2026-08-15 13:08:50,비빔밥,1,9000
2026-08-15 13:46:50,된장찌개(1인),1,9000
2026-08-15 13:46:50,계절한정 냉면,1,10000
2026-08-15 17:50:01,비빔밥,2,18000
2026-08-15 17:50:01,김치찌개(1인),1,9000
2026-08-15 17:50:01,불고기 정식,1,13000
2026-08-15 17:55:38,된장찌개(1인),1,9000
2026-08-15 17:55:38,김치찌개(2인),1,17000
2026-08-15 17:55:38,김치찌개(2인),1,17000
2026-08-15 18:21:35,김치찌개(1인),2,18000
2026-08-15 18:22:00,불고기 정식,1,13000
2026-08-15 18:22:00,제육볶음,1,11000
2026-08-15 18:22:00,제육볶음,1,11000
2026-08-15 18:22:41,공기밥,1,1000
2026-08-15 18:22:41,순두부찌개,1,9500
2026-08-15 18:22:41,된장찌개(1인),1,9000
2026-08-15 18:23:12,아메리카노(ICE),1,2000
2026-08-15 18:23:12,김치찌개(1인),2,18000
2026-08-15 18:26:25,제육볶음,1,11000
2026-08-15 18:26:25,된장찌개(1인),1,9000
2026-08-15 18:26:25,불고기 정식,1,13000
2026-08-15 18:28:43,불고기 정식,1,13000
2026-08-15 18:32:03,된장찌개(1인),1,9000
2026-08-15 18:33:09,계란말이,1,7000
2026-08-15 18:33:09,된장찌개(1인),1,9000
2026-08-15 18:47:41,불고기 정식,1,13000
2026-08-15 18:47:41,된장찌개(1인),2,18000
2026-08-15 18:47:41,콜라,1,2000
2026-08-15 18:55:12,된장찌개(1인),1,9000
2026-08-15 18:55:12,순두부찌개,2,19000
2026-08-15 18:57:32,순두부찌개,1,9500
2026-08-15 18:57:32,김치찌개(2인),2,34000
2026-08-15 19:11:07,계란말이,1,7000
2026-08-15 19:16:18,공기밥,1,1000
2026-08-15 19:16:18,된장찌개(1인),1,9000
2026-08-15 19:18:27,순두부찌개,1,9500
2026-08-15 19:18:27,계란말이,1,7000
2026-08-15 19:18:27,비빔밥,1,9000
2026-08-15 19:19:17,불고기 정식,2,26000
2026-08-15 19:22:09,제육볶음,1,11000
2026-08-15 19:22:09,공기밥,1,1000
2026-08-15 19:22:56,콜라,1,2000
2026-08-15 19:22:56,계절한정 냉면,1,10000
2026-08-15 19:22:56,순두부찌개,1,9500
2026-08-15 19:24:11,콜라,1,2000
2026-08-15 19:24:11,불고기 정식,2,26000
2026-08-15 19:24:56,순두부찌개,1,9500
2026-08-15 19:24:56,김치찌개(1인),1,9000
2026-08-15 19:24:56,제육볶음,1,11000
2026-08-15 19:28:40,김치찌개(1인),1,9000
2026-08-15 19:28:40,김치찌개(1인),1,9000
2026-08-15 19:28:40,된장찌개(1인),1,9000
2026-08-15 19:30:04,된장찌개(1인),1,9000
2026-08-15 19:30:04,갈비탕,1,13000
2026-08-15 19:30:04,공기밥,1,1000
2026-08-15 19:30:12,된장찌개(1인),1,9000
2026-08-15 19:30:44,된장찌개(1인),1,9000
2026-08-15 19:40:15,된장찌개(1인),2,18000
2026-08-15 19:46:40,순두부찌개,1,9500
2026-08-15 19:58:33,불고기 정식,1,13000
2026-08-15 20:01:44,비빔밥,1,9000
2026-08-15 20:11:59,불고기 정식,1,13000
2026-08-15 20:11:59,제육볶음,1,11000
2026-08-15 20:15:22,된장찌개(1인),2,18000
2026-08-15 20:15:22,콜라,1,2000
2026-08-15 20:15:22,계절한정 냉면,1,10000
2026-08-15 20:18:14,된장찌개(1인),1,9000
2026-08-15 20:18:14,된장찌개(1인),1,9000
2026-08-15 20:27:12,된장찌개(1인),1,9000
2026-08-15 20:27:12,제육볶음,1,11000
2026-08-15 20:27:13,계란말이,1,7000
2026-08-15 20:27:13,김치찌개(2인),1,17000
2026-08-15 20:27:13,김치찌개(2인),1,17000
2026-08-16 11:49:32,계절한정 냉면,1,10000
2026-08-16 11:49:32,된장찌개(1인),1,9000
2026-08-16 11:49:32,제육볶음,1,11000
2026-08-16 11:53:30,비빔밥,1,9000
2026-08-16 11:53:30,된장찌개(1인),2,18000
2026-08-16 11:53:30,순두부찌개,1,9500
2026-08-16 11:57:45,제육볶음,1,11000
2026-08-16 11:57:45,김치찌개(1인),1,9000
2026-08-16 11:57:45,콜라,2,4000
2026-08-16 12:07:55,김치찌개(1인),1,9000
2026-08-16 12:07:55,비빔밥,1,9000
2026-08-16 12:18:37,제육볶음,1,11000
2026-08-16 12:27:06,공기밥,1,1000
2026-08-16 12:27:18,공기밥,1,1000
2026-08-16 12:30:01,제육볶음,1,11000
2026-08-16 12:31:26,제육볶음,1,11000
2026-08-16 12:32:54,된장찌개(1인),1,9000
2026-08-16 12:32:54,비빔밥,2,18000
2026-08-16 12:35:25,갈비탕,1,13000
2026-08-16 12:35:25,된장찌개(1인),1,9000
2026-08-16 12:37:29,비빔밥,1,9000
2026-08-16 12:37:29,아메리카노(ICE),1,2000
2026-08-16 12:48:46,순두부찌개,1,9500
2026-08-16 12:49:30,계란말이,1,7000
2026-08-16 12:49:30,공기밥,1,1000
2026-08-16 12:49:30,아메리카노(HOT),1,2000
2026-08-16 12:52:01,아메리카노(ICE),1,2000
2026-08-16 12:52:01,공기밥,1,1000
2026-08-16 12:52:01,순두부찌개,1,9500
2026-08-16 13:24:48,갈비탕,1,13000
2026-08-16 13:24:48,아메리카노(HOT),1,2000
2026-08-16 13:25:47,된장찌개(1인),1,9000
2026-08-16 13:25:47,순두부찌개,1,9500
2026-08-16 13:28:19,제육볶음,1,11000
2026-08-16 13:28:19,김치찌개(1인),1,9000
2026-08-16 18:17:54,갈비탕,2,26000
2026-08-16 18:22:23,불고기 정식,1,13000
2026-08-16 18:22:23,된장찌개(1인),1,9000
2026-08-16 18:23:21,된장찌개(1인),1,9000
2026-08-16 18:23:21,공기밥,1,1000
2026-08-16 18:27:24,공기밥,1,1000
2026-08-16 18:27:24,김치찌개(2인),1,17000
2026-08-16 18:32:32,계절한정 냉면,1,10000
2026-08-16 18:32:32,김치찌개(2인),1,17000
2026-08-16 18:32:32,제육볶음,2,22000
2026-08-16 18:39:35,계란말이,1,7000
2026-08-16 18:39:35,된장찌개(1인),1,9000
2026-08-16 18:46:34,불고기 정식,1,13000
2026-08-16 18:46:34,순두부찌개,1,9500
2026-08-16 18:50:24,제육볶음,1,11000
2026-08-16 18:53:15,된장찌개(1인),1,9000
2026-08-16 18:53:15,콜라,1,2000
2026-08-16 18:53:15,제육볶음,1,11000
2026-08-16 18:53:35,공기밥,1,1000
2026-08-16 18:53:35,순두부찌개,2,19000
2026-08-16 18:53:43,제육볶음,1,11000
2026-08-16 18:53:43,된장찌개(1인),2,18000
2026-08-16 18:55:25,순두부찌개,2,19000
2026-08-16 18:55:25,공기밥,1,1000
2026-08-16 19:00:00,콜라,1,2000
2026-08-16 19:00:00,된장찌개(1인),1,9000
2026-08-16 19:02:05,김치찌개(1인),1,9000
2026-08-16 19:04:09,된장찌개(1인),1,9000
2026-08-16 19:04:09,갈비탕,1,13000
2026-08-16 19:04:17,계란말이,2,14000
2026-08-16 19:07:54,불고기 정식,1,13000
2026-08-16 19:09:05,순두부찌개,1,9500
2026-08-16 19:12:12,콜라,1,2000
2026-08-16 19:12:12,불고기 정식,2,26000
2026-08-16 19:12:56,계절한정 냉면,1,10000
2026-08-16 19:17:16,비빔밥,1,9000
2026-08-16 19:17:34,된장찌개(1인),2,18000
2026-08-16 19:17:34,김치찌개(2인),1,17000
2026-08-16 19:18:52,된장찌개(1인),1,9000
2026-08-16 19:18:52,된장찌개(1인),1,9000
2026-08-16 19:38:23,계란말이,1,7000
2026-08-16 19:38:23,제육볶음,1,11000
2026-08-16 19:46:40,김치찌개(2인),2,34000
2026-08-16 19:50:26,불고기 정식,1,13000
2026-08-16 19:50:26,순두부찌개,1,9500
2026-08-16 19:50:26,불고기 정식,1,13000
2026-08-16 19:59:41,된장찌개(1인),2,18000
2026-08-16 19:59:41,계란말이,2,14000
2026-08-16 19:59:41,김치찌개(1인),1,9000
2026-08-16 20:01:44,비빔밥,1,9000
2026-08-16 20:01:44,제육볶음,1,11000
2026-08-16 20:01:59,제육볶음,1,11000
2026-08-16 20:01:59,계란말이,1,7000
2026-08-16 20:12:18,순두부찌개,1,9500
2026-08-16 20:12:36,된장찌개(1인),1,9000
2026-08-16 20:12:36,제육볶음,1,11000
2026-08-16 20:15:00,김치찌개(1인),1,9000
2026-08-16 20:18:48,된장찌개(1인),1,9000
2026-08-17 11:25:51,순두부찌개,1,9500
2026-08-17 11:44:28,콜라,2,4000
2026-08-17 11:44:28,비빔밥,2,18000
2026-08-17 11:47:17,제육볶음,2,22000
2026-08-17 11:54:54,제육볶음,1,11000
2026-08-17 11:54:54,제육볶음,1,11000
2026-08-17 11:55:37,계란말이,1,7000
2026-08-17 11:55:37,된장찌개(1인),1,9000
2026-08-17 12:02:12,제육볶음,1,11000
2026-08-17 12:02:12,김치찌개(1인),1,9000
2026-08-17 12:05:14,비빔밥,1,9000
2026-08-17 12:05:14,순두부찌개,1,9500
2026-08-17 12:07:19,비빔밥,1,9000
2026-08-17 12:07:49,김치찌개(1인),1,9000
2026-08-17 12:07:49,아메리카노(ICE),1,2000
2026-08-17 12:09:39,된장찌개(1인),1,9000
2026-08-17 12:09:39,순두부찌개,1,9500
2026-08-17 12:11:56,콜라,1,2000
2026-08-17 12:11:56,계절한정 냉면,1,10000
2026-08-17 12:13:06,비빔밥,1,9000
2026-08-17 12:15:03,비빔밥,1,9000
2026-08-17 12:15:22,김치찌개(1인),1,9000
2026-08-17 12:15:22,된장찌개(1인),1,9000
2026-08-17 12:18:00,제육볶음,1,11000
2026-08-17 12:19:11,된장찌개(1인),1,9000
2026-08-17 12:19:11,김치찌개(1인),1,9000
2026-08-17 12:19:11,김치찌개(1인),1,9000
2026-08-17 12:22:35,비빔밥,1,9000
2026-08-17 12:22:35,김치찌개(1인),2,18000
2026-08-17 12:22:49,비빔밥,1,9000
2026-08-17 12:22:49,순두부찌개,1,9500
2026-08-17 12:25:05,된장찌개(1인),1,9000
2026-08-17 12:25:05,김치찌개(1인),1,9000
2026-08-17 12:25:41,아메리카노(ICE),1,2000
2026-08-17 12:25:41,갈비탕,1,13000
2026-08-17 12:28:25,순두부찌개,1,9500
2026-08-17 12:28:25,된장찌개(1인),2,18000
2026-08-17 12:30:50,불고기 정식,1,13000
2026-08-17 12:30:50,아메리카노(ICE),2,4000
2026-08-17 12:41:23,된장찌개(1인),2,18000
2026-08-17 12:41:23,콜라,1,2000
2026-08-17 12:41:23,된장찌개(1인),1,9000
2026-08-17 12:41:23,갈비탕,1,13000
2026-08-17 12:47:36,김치찌개(1인),1,9000
2026-08-17 12:47:36,순두부찌개,1,9500
2026-08-17 12:56:29,불고기 정식,1,13000
2026-08-17 12:56:29,된장찌개(1인),1,9000
2026-08-17 13:02:21,된장찌개(1인),1,9000
2026-08-17 13:08:16,비빔밥,1,9000
2026-08-17 13:11:08,된장찌개(1인),1,9000
2026-08-17 13:11:08,된장찌개(1인),1,9000
2026-08-17 13:20:06,김치찌개(1인),1,9000
2026-08-17 13:20:06,아메리카노(ICE),2,4000
2026-08-17 13:24:19,공기밥,2,2000
2026-08-17 13:24:19,공기밥,1,1000
2026-08-17 13:24:19,갈비탕,1,13000
2026-08-17 13:28:32,계절한정 냉면,1,10000
2026-08-17 17:43:26,비빔밥,1,9000
2026-08-17 18:05:39,콜라,1,2000
2026-08-17 18:31:01,된장찌개(1인),1,9000
2026-08-17 18:31:01,제육볶음,1,11000
2026-08-17 18:35:07,된장찌개(1인),2,18000
2026-08-17 18:35:07,제육볶음,1,11000
2026-08-17 19:03:52,불고기 정식,1,13000
2026-08-17 19:04:10,김치찌개(2인),1,17000
2026-08-17 19:04:10,갈비탕,1,13000
2026-08-17 19:08:22,불고기 정식,2,26000
2026-08-17 19:09:37,김치찌개(2인),1,17000
2026-08-17 19:14:17,비빔밥,1,9000
2026-08-17 19:15:06,불고기 정식,1,13000
2026-08-17 19:22:12,된장찌개(1인),2,18000
2026-08-17 19:22:46,제육볶음,1,11000
2026-08-17 19:38:35,불고기 정식,2,26000
2026-08-17 19:38:35,제육볶음,1,11000
2026-08-17 19:39:34,계절한정 냉면,1,10000
2026-08-17 19:40:10,김치찌개(1인),1,9000
2026-08-17 19:40:10,공기밥,1,1000
2026-08-17 19:50:54,콜라,2,4000
2026-08-17 19:50:54,비빔밥,2,18000
2026-08-17 19:50:54,비빔밥,1,9000
2026-08-17 19:51:10,된장찌개(1인),2,18000
2026-08-17 19:51:14,제육볶음,1,11000
2026-08-17 19:52:05,제육볶음,1,11000
2026-08-17 19:52:53,계란말이,1,7000
2026-08-17 19:52:53,제육볶음,1,11000
2026-08-17 19:54:21,불고기 정식,1,13000
2026-08-17 19:54:21,김치찌개(2인),1,17000
2026-08-17 19:54:21,된장찌개(1인),2,18000
2026-08-17 19:55:02,계란말이,1,7000
2026-08-17 20:11:27,된장찌개(1인),1,9000
2026-08-18 11:37:31,제육볶음,1,11000
2026-08-18 11:40:12,된장찌개(1인),2,18000
2026-08-18 11:40:12,김치찌개(2인),2,34000
2026-08-18 11:45:43,아메리카노(ICE),1,2000
2026-08-18 11:47:04,공기밥,1,1000
2026-08-18 11:48:48,아메리카노(HOT),1,2000
2026-08-18 11:48:48,비빔밥,1,9000
2026-08-18 11:49:04,된장찌개(1인),1,9000
2026-08-18 11:49:04,공기밥,1,1000
2026-08-18 11:49:04,불고기 정식,1,13000
2026-08-18 12:01:34,아메리카노(ICE),2,4000
2026-08-18 12:01:34,김치찌개(1인),1,9000
2026-08-18 12:02:55,제육볶음,1,11000
2026-08-18 12:03:55,갈비탕,2,26000
2026-08-18 12:08:05,비빔밥,1,9000
2026-08-18 12:08:05,김치찌개(1인),1,9000
2026-08-18 12:08:05,된장찌개(1인),1,9000
2026-08-18 12:08:57,계절한정 냉면,1,10000
2026-08-18 12:08:57,콜라,1,2000
2026-08-18 12:11:19,된장찌개(1인),1,9000
2026-08-18 12:15:45,아메리카노(ICE),2,4000
2026-08-18 12:15:45,된장찌개(1인),1,9000
2026-08-18 12:15:45,순두부찌개,2,19000
2026-08-18 12:15:52,된장찌개(1인),1,9000
2026-08-18 12:16:48,된장찌개(1인),1,9000
2026-08-18 12:16:48,제육볶음,1,11000
2026-08-18 12:16:48,순두부찌개,1,9500
2026-08-18 12:20:41,된장찌개(1인),1,9000
2026-08-18 12:22:26,갈비탕,1,13000
2026-08-18 12:22:26,순두부찌개,1,9500
2026-08-18 12:25:47,김치찌개(2인),2,34000
2026-08-18 12:26:24,공기밥,1,1000
2026-08-18 12:28:45,된장찌개(1인),1,9000
2026-08-18 12:28:45,순두부찌개,1,9500
2026-08-18 12:28:45,계란말이,2,14000
2026-08-18 12:31:35,김치찌개(1인),1,9000
2026-08-18 12:31:35,계절한정 냉면,1,10000
2026-08-18 12:31:35,비빔밥,1,9000
2026-08-18 12:33:56,아메리카노(ICE),1,2000
2026-08-18 12:33:56,김치찌개(1인),1,9000
2026-08-18 12:37:41,된장찌개(1인),1,9000
2026-08-18 12:37:41,순두부찌개,1,9500
2026-08-18 12:38:55,아메리카노(HOT),2,4000
2026-08-18 12:38:55,제육볶음,1,11000
2026-08-18 12:38:55,계절한정 냉면,1,10000
2026-08-18 12:39:21,된장찌개(1인),1,9000
2026-08-18 12:39:21,갈비탕,1,13000
2026-08-18 12:39:56,된장찌개(1인),1,9000
2026-08-18 12:39:56,계란말이,1,7000
2026-08-18 12:42:53,콜라,1,2000
2026-08-18 12:43:10,된장찌개(1인),1,9000
2026-08-18 12:43:10,된장찌개(1인),1,9000
2026-08-18 12:43:34,순두부찌개,1,9500
2026-08-18 12:43:34,된장찌개(1인),1,9000
2026-08-18 12:49:06,공기밥,1,1000
2026-08-18 12:49:06,된장찌개(1인),1,9000
2026-08-18 12:51:01,갈비탕,1,13000
2026-08-18 12:51:01,순두부찌개,2,19000
2026-08-18 12:51:07,갈비탕,1,13000
2026-08-18 12:51:07,김치찌개(1인),1,9000
2026-08-18 12:51:07,순두부찌개,2,19000
2026-08-18 12:55:51,김치찌개(1인),1,9000
2026-08-18 12:55:51,갈비탕,1,13000
2026-08-18 12:58:58,공기밥,1,1000
2026-08-18 12:58:58,아메리카노(HOT),2,4000
2026-08-18 13:03:36,김치찌개(2인),1,17000
2026-08-18 13:03:36,콜라,1,2000
2026-08-18 13:03:36,김치찌개(2인),1,17000
2026-08-18 13:06:29,비빔밥,1,9000
2026-08-18 13:06:29,아메리카노(ICE),1,2000
2026-08-18 13:24:53,콜라,1,2000
2026-08-18 13:27:05,공기밥,1,1000
2026-08-18 13:31:37,제육볶음,1,11000
2026-08-18 13:40:19,제육볶음,1,11000
2026-08-18 17:52:12,순두부찌개,1,9500
2026-08-18 17:52:12,제육볶음,1,11000
2026-08-18 17:58:23,순두부찌개,1,9500
2026-08-18 17:58:23,된장찌개(1인),1,9000
2026-08-18 18:14:21,공기밥,1,1000
2026-08-18 18:18:26,불고기 정식,1,13000
2026-08-18 18:22:55,콜라,1,2000
2026-08-18 18:26:16,계란말이,1,7000
2026-08-18 18:26:16,된장찌개(1인),1,9000
2026-08-18 18:32:40,계절한정 냉면,1,10000
2026-08-18 18:37:20,계란말이,1,7000
2026-08-18 18:43:49,제육볶음,1,11000
2026-08-18 19:02:51,된장찌개(1인),1,9000
2026-08-18 19:03:43,김치찌개(1인),1,9000
2026-08-18 19:06:39,된장찌개(1인),1,9000
2026-08-18 19:07:40,된장찌개(1인),1,9000
2026-08-18 19:10:46,계란말이,1,7000
2026-08-18 19:10:46,제육볶음,1,11000
2026-08-18 19:11:44,불고기 정식,2,26000
2026-08-18 19:11:44,콜라,1,2000
2026-08-18 19:11:52,된장찌개(1인),1,9000
2026-08-18 19:11:52,제육볶음,1,11000
2026-08-18 19:29:00,콜라,2,4000
2026-08-18 19:29:00,계절한정 냉면,2,20000
2026-08-18 19:55:37,된장찌개(1인),1,9000
2026-08-18 20:04:37,김치찌개(1인),2,18000
2026-08-18 20:04:37,콜라,1,2000
2026-08-18 20:07:34,불고기 정식,2,26000
2026-08-18 20:07:34,제육볶음,1,11000
2026-08-19 11:37:31,순두부찌개,1,9500
2026-08-19 11:37:31,된장찌개(1인),1,9000
2026-08-19 11:51:11,된장찌개(1인),1,9000
2026-08-19 11:51:11,계란말이,1,7000
2026-08-19 11:51:11,비빔밥,2,18000
2026-08-19 11:51:56,된장찌개(1인),1,9000
2026-08-19 11:51:56,된장찌개(1인),2,18000
2026-08-19 11:56:06,비빔밥,1,9000
2026-08-19 11:56:06,순두부찌개,1,9500
2026-08-19 11:56:40,비빔밥,2,18000
2026-08-19 11:59:22,순두부찌개,1,9500
2026-08-19 11:59:22,김치찌개(1인),1,9000
2026-08-19 12:01:22,순두부찌개,2,19000
2026-08-19 12:05:01,공기밥,1,1000
2026-08-19 12:05:01,계란말이,1,7000
2026-08-19 12:06:37,갈비탕,1,13000
2026-08-19 12:06:37,된장찌개(1인),1,9000
2026-08-19 12:06:37,불고기 정식,1,13000
2026-08-19 12:08:02,비빔밥,1,9000
2026-08-19 12:08:02,김치찌개(1인),1,9000
2026-08-19 12:08:02,된장찌개(1인),1,9000
2026-08-19 12:12:51,된장찌개(1인),1,9000
2026-08-19 12:12:51,된장찌개(1인),1,9000
2026-08-19 12:16:15,김치찌개(1인),1,9000
2026-08-19 12:16:15,순두부찌개,1,9500
2026-08-19 12:16:15,제육볶음,1,11000
2026-08-19 12:20:12,계란말이,1,7000
2026-08-19 12:20:12,김치찌개(2인),1,17000
2026-08-19 12:20:12,제육볶음,1,11000
2026-08-19 12:21:42,계란말이,1,7000
2026-08-19 12:21:42,제육볶음,2,22000
2026-08-19 12:22:00,순두부찌개,1,9500
2026-08-19 12:22:00,콜라,1,2000
2026-08-19 12:22:00,제육볶음,1,11000
2026-08-19 12:22:31,아메리카노(ICE),1,2000
2026-08-19 12:22:31,된장찌개(1인),2,18000
2026-08-19 12:22:31,갈비탕,1,13000
2026-08-19 12:22:36,제육볶음,1,11000
2026-08-19 12:25:57,된장찌개(1인),1,9000
2026-08-19 12:26:49,갈비탕,2,26000
2026-08-19 12:31:34,순두부찌개,1,9500
2026-08-19 12:31:34,된장찌개(1인),1,9000
2026-08-19 12:35:50,갈비탕,1,13000
2026-08-19 12:35:50,된장찌개(1인),1,9000
2026-08-19 12:47:34,계란말이,1,7000
2026-08-19 12:47:34,순두부찌개,1,9500
2026-08-19 12:47:34,된장찌개(1인),1,9000
2026-08-19 12:47:35,김치찌개(1인),1,9000
2026-08-19 12:49:34,콜라,2,4000
2026-08-19 12:49:34,아메리카노(ICE),1,2000
2026-08-19 12:49:34,공기밥,1,1000
2026-08-19 12:54:08,제육볶음,1,11000
2026-08-19 13:09:42,계절한정 냉면,2,20000
2026-08-19 13:22:06,콜라,1,2000
2026-08-19 13:23:54,김치찌개(1인),1,9000
2026-08-19 13:23:54,된장찌개(1인),1,9000
2026-08-19 13:23:54,된장찌개(1인),1,9000
2026-08-19 13:26:56,비빔밥,1,9000
2026-08-19 13:28:18,제육볶음,1,11000
2026-08-19 13:28:18,제육볶음,1,11000
2026-08-19 13:28:18,된장찌개(1인),1,9000
2026-08-19 17:35:57,순두부찌개,1,9500
2026-08-19 17:44:05,갈비탕,1,13000
2026-08-19 17:44:05,제육볶음,1,11000
2026-08-19 18:05:36,불고기 정식,1,13000
2026-08-19 18:06:03,김치찌개(2인),1,17000
2026-08-19 18:14:20,순두부찌개,2,19000
2026-08-19 18:16:12,된장찌개(1인),1,9000
2026-08-19 18:16:12,된장찌개(1인),1,9000
2026-08-19 18:26:18,공기밥,1,1000
2026-08-19 18:26:18,계란말이,1,7000
2026-08-19 18:38:10,콜라,1,2000
2026-08-19 18:38:10,콜라,1,2000
2026-08-19 18:51:57,계절한정 냉면,2,20000
2026-08-19 18:51:57,제육볶음,1,11000
2026-08-19 18:51:57,된장찌개(1인),1,9000
2026-08-19 18:59:59,공기밥,1,1000
2026-08-19 18:59:59,제육볶음,1,11000
2026-08-19 19:01:43,계란말이,2,14000
2026-08-19 19:02:20,계란말이,2,14000
2026-08-19 19:09:54,된장찌개(1인),1,9000
2026-08-19 19:09:54,김치찌개(1인),1,9000
2026-08-19 19:09:54,공기밥,2,2000
2026-08-19 19:22:20,비빔밥,1,9000
2026-08-19 19:22:20,계란말이,1,7000
2026-08-19 19:22:20,갈비탕,1,13000
2026-08-19 19:22:55,된장찌개(1인),1,9000
2026-08-19 19:24:08,아메리카노(HOT),2,4000
2026-08-19 19:24:08,공기밥,1,1000
2026-08-19 19:27:22,된장찌개(1인),1,9000
2026-08-19 19:29:31,콜라,1,2000
2026-08-19 19:29:31,아메리카노(HOT),1,2000
2026-08-19 19:33:58,김치찌개(2인),1,17000
2026-08-19 19:33:58,계절한정 냉면,1,10000
2026-08-19 20:41:57,제육볶음,1,11000
2026-08-19 20:41:57,된장찌개(1인),1,9000
2026-08-19 20:41:57,순두부찌개,1,9500
2026-08-20 11:21:51,된장찌개(1인),2,18000
2026-08-20 11:21:51,불고기 정식,1,13000
2026-08-20 11:30:31,비빔밥,1,9000
2026-08-20 11:30:31,콜라,1,2000
2026-08-20 11:31:20,제육볶음,1,11000
2026-08-20 11:35:26,불고기 정식,2,26000
2026-08-20 11:35:48,제육볶음,1,11000
2026-08-20 11:35:48,아메리카노(ICE),1,2000
2026-08-20 11:35:48,아메리카노(ICE),1,2000
2026-08-20 11:38:52,제육볶음,1,11000
2026-08-20 11:40:54,공기밥,1,1000
2026-08-20 11:40:54,갈비탕,1,13000
2026-08-20 11:40:54,비빔밥,1,9000
2026-08-20 11:47:49,비빔밥,1,9000
2026-08-20 11:47:49,제육볶음,1,11000
2026-08-20 11:58:58,비빔밥,2,18000
2026-08-20 11:59:11,계란말이,1,7000
2026-08-20 12:00:35,불고기 정식,1,13000
2026-08-20 12:00:35,갈비탕,1,13000
2026-08-20 12:08:28,된장찌개(1인),1,9000
2026-08-20 12:08:28,순두부찌개,1,9500
2026-08-20 12:11:18,된장찌개(1인),1,9000
2026-08-20 12:11:18,공기밥,2,2000
2026-08-20 12:12:53,계절한정 냉면,2,20000
2026-08-20 12:13:58,불고기 정식,2,26000
2026-08-20 12:14:13,공기밥,2,2000
2026-08-20 12:14:33,김치찌개(1인),1,9000
2026-08-20 12:16:53,김치찌개(1인),2,18000
2026-08-20 12:16:53,콜라,1,2000
2026-08-20 12:17:39,김치찌개(1인),1,9000
2026-08-20 12:27:47,아메리카노(ICE),1,2000
2026-08-20 12:27:47,비빔밥,2,18000
2026-08-20 12:28:08,공기밥,1,1000
2026-08-20 12:31:42,된장찌개(1인),1,9000
2026-08-20 12:33:48,순두부찌개,1,9500
2026-08-20 12:33:48,제육볶음,1,11000
2026-08-20 12:38:17,순두부찌개,1,9500
2026-08-20 12:44:15,된장찌개(1인),2,18000
2026-08-20 12:44:15,콜라,1,2000
2026-08-20 12:44:15,아메리카노(ICE),2,4000
2026-08-20 12:47:53,공기밥,1,1000
2026-08-20 12:47:53,불고기 정식,1,13000
2026-08-20 12:47:53,아메리카노(ICE),2,4000
2026-08-20 12:55:37,공기밥,2,2000
2026-08-20 12:56:09,불고기 정식,1,13000
2026-08-20 12:56:09,아메리카노(ICE),1,2000
2026-08-20 13:11:17,갈비탕,1,13000
2026-08-20 13:11:17,된장찌개(1인),1,9000
2026-08-20 13:11:17,공기밥,1,1000
2026-08-20 13:23:59,제육볶음,1,11000
2026-08-20 13:23:59,콜라,1,2000
2026-08-20 13:36:14,불고기 정식,1,13000
2026-08-20 13:36:14,불고기 정식,2,26000
2026-08-20 18:10:29,순두부찌개,1,9500
2026-08-20 18:10:29,불고기 정식,1,13000
2026-08-20 18:10:29,제육볶음,1,11000
2026-08-20 18:10:54,콜라,1,2000
2026-08-20 18:10:54,갈비탕,1,13000
2026-08-20 18:13:47,계란말이,1,7000
2026-08-20 18:19:24,아메리카노(ICE),2,4000
2026-08-20 18:21:19,김치찌개(1인),1,9000
2026-08-20 18:21:19,계란말이,1,7000
2026-08-20 18:21:56,계란말이,1,7000
2026-08-20 18:21:56,제육볶음,1,11000
2026-08-20 18:23:48,계란말이,1,7000
2026-08-20 18:24:59,된장찌개(1인),1,9000
2026-08-20 18:24:59,된장찌개(1인),2,18000
2026-08-20 18:27:43,된장찌개(1인),2,18000
2026-08-20 18:27:43,된장찌개(1인),2,18000
2026-08-20 18:33:55,계란말이,1,7000
2026-08-20 18:47:26,제육볶음,1,11000
2026-08-20 18:47:26,공기밥,1,1000
2026-08-20 18:49:53,갈비탕,1,13000
2026-08-20 18:49:53,콜라,1,2000
2026-08-20 18:49:53,불고기 정식,2,26000
2026-08-20 18:50:09,김치찌개(2인),1,17000
2026-08-20 18:50:09,불고기 정식,1,13000
2026-08-20 18:53:58,공기밥,1,1000
2026-08-20 18:57:21,된장찌개(1인),1,9000
2026-08-20 18:57:21,제육볶음,1,11000
2026-08-20 18:57:21,불고기 정식,1,13000
2026-08-20 18:59:38,순두부찌개,1,9500
2026-08-20 19:02:48,된장찌개(1인),1,9000
2026-08-20 19:02:48,김치찌개(1인),1,9000
2026-08-20 19:05:56,계란말이,1,7000
2026-08-20 19:05:56,갈비탕,1,13000
2026-08-20 19:05:56,갈비탕,1,13000
2026-08-20 19:06:52,순두부찌개,1,9500
2026-08-20 19:06:52,김치찌개(2인),1,17000
2026-08-20 19:09:43,제육볶음,1,11000
2026-08-20 19:09:43,김치찌개(1인),1,9000
2026-08-20 19:21:37,불고기 정식,1,13000
2026-08-20 19:21:37,제육볶음,1,11000
2026-08-20 19:23:43,불고기 정식,1,13000
2026-08-20 19:25:16,비빔밥,1,9000
2026-08-20 19:35:02,갈비탕,2,26000
2026-08-20 19:35:02,갈비탕,1,13000
2026-08-20 19:35:02,된장찌개(1인),1,9000
2026-08-20 19:57:58,제육볶음,1,11000
2026-08-20 19:57:58,김치찌개(1인),1,9000
2026-08-20 19:57:58,계란말이,1,7000
2026-08-20 20:08:07,불고기 정식,1,13000
2026-08-21 11:29:58,된장찌개(1인),1,9000
2026-08-21 11:29:58,아메리카노(ICE),1,2000
2026-08-21 11:49:15,제육볶음,1,11000
2026-08-21 11:49:15,비빔밥,1,9000
2026-08-21 11:49:15,순두부찌개,1,9500
2026-08-21 11:55:19,계란말이,1,7000
2026-08-21 11:55:19,제육볶음,2,22000
2026-08-03 18:20:00,갈비탕,1,만삼천원
2026-08-21 11:57:14,된장찌개(1인),1,9000
2026-08-21 11:57:14,된장찌개(1인),1,9000
2026-08-21 11:57:14,된장찌개(1인),1,9000
2026-08-21 11:58:52,순두부찌개,1,9500
2026-08-21 12:01:05,공기밥,1,1000
2026-08-21 12:04:16,된장찌개(1인),1,9000
2026-08-21 12:04:16,된장찌개(1인),2,18000
2026-08-21 12:05:12,김치찌개(1인),1,9000
2026-08-21 12:05:12,갈비탕,1,13000
2026-08-21 12:05:12,된장찌개(1인),1,9000
2026-08-21 12:11:47,순두부찌개,2,19000
2026-08-21 12:11:47,갈비탕,1,13000
2026-08-21 12:11:47,김치찌개(1인),1,9000
2026-08-21 12:11:54,갈비탕,1,13000
2026-08-21 12:13:23,아메리카노(ICE),1,2000
2026-08-21 12:13:23,순두부찌개,1,9500
2026-08-21 12:13:23,비빔밥,1,9000
2026-08-21 12:14:09,된장찌개(1인),1,9000
2026-08-21 12:14:09,순두부찌개,1,9500
2026-08-21 12:18:44,된장찌개(1인),2,18000
2026-08-21 12:18:44,아메리카노(ICE),1,2000
2026-08-21 12:18:44,순두부찌개,1,9500
2026-08-21 12:21:39,된장찌개(1인),1,9000
2026-08-21 12:24:07,계란말이,1,7000
2026-08-21 12:24:07,불고기 정식,2,26000
2026-08-21 12:24:07,된장찌개(1인),1,9000
2026-08-21 12:24:14,아메리카노(ICE),1,2000
2026-08-21 12:24:14,아메리카노(ICE),1,2000
2026-08-21 12:24:15,비빔밥,2,18000
2026-08-21 12:24:15,계절한정 냉면,1,10000
2026-08-21 12:24:15,계란말이,2,14000
2026-08-21 12:24:15,공기밥,1,1000
2026-08-21 12:24:15,콜라,1,2000
2026-08-21 12:24:46,순두부찌개,1,9500
2026-08-21 12:24:46,제육볶음,1,11000
2026-08-21 12:24:54,공기밥,1,1000
2026-08-21 12:29:06,제육볶음,1,11000
2026-08-21 12:29:06,김치찌개(1인),1,9000
2026-08-21 12:31:29,된장찌개(1인),1,9000
2026-08-21 12:31:29,비빔밥,1,9000
2026-08-21 12:36:23,갈비탕,2,26000
2026-08-21 12:36:23,공기밥,1,1000
2026-08-21 12:36:23,아메리카노(HOT),1,2000
2026-08-21 12:37:28,제육볶음,1,11000
2026-08-21 12:53:33,아메리카노(HOT),1,2000
2026-08-21 12:53:44,순두부찌개,1,9500
2026-08-21 12:53:44,공기밥,1,1000
2026-08-21 12:53:44,된장찌개(1인),1,9000
2026-08-21 13:04:13,아메리카노(HOT),1,2000
2026-08-21 13:12:36,공기밥,1,1000
2026-08-21 13:12:36,불고기 정식,1,13000
2026-08-21 13:14:53,아메리카노(ICE),1,2000
2026-08-21 13:14:53,순두부찌개,1,9500
2026-08-21 13:26:27,아메리카노(HOT),1,2000
2026-08-21 17:52:14,계란말이,1,7000
2026-08-21 18:14:41,콜라,1,2000
2026-08-21 18:40:26,제육볶음,1,11000
2026-08-21 18:40:26,불고기 정식,1,13000
2026-08-21 18:40:54,순두부찌개,1,9500
2026-08-21 18:43:58,된장찌개(1인),1,9000
2026-08-21 18:43:58,제육볶음,2,22000
2026-08-21 18:43:58,불고기 정식,1,13000
2026-08-21 18:56:11,계란말이,1,7000
2026-08-21 18:56:11,된장찌개(1인),1,9000
2026-08-21 18:56:11,콜라,1,2000
2026-08-21 18:56:37,된장찌개(1인),1,9000
2026-08-21 18:56:37,김치찌개(2인),1,17000
2026-08-21 19:08:26,제육볶음,1,11000
2026-08-21 19:08:26,제육볶음,1,11000
2026-08-21 19:08:26,계란말이,1,7000
2026-08-21 19:09:38,콜라,1,2000
2026-08-21 19:09:38,제육볶음,2,22000
2026-08-21 19:20:24,공기밥,1,1000
2026-08-21 19:20:24,김치찌개(2인),1,17000
2026-08-21 19:20:24,계절한정 냉면,2,20000
2026-08-21 19:20:45,공기밥,1,1000
2026-08-21 19:20:45,계란말이,1,7000
2026-08-21 19:21:25,계란말이,1,7000
2026-08-21 19:22:43,제육볶음,1,11000
2026-08-21 19:23:26,갈비탕,1,13000
2026-08-21 19:40:10,콜라,1,2000
2026-08-21 19:40:10,불고기 정식,1,13000
2026-08-21 20:04:01,김치찌개(2인),1,17000
2026-08-21 20:04:01,갈비탕,1,13000
2026-08-21 20:11:13,된장찌개(1인),2,18000
2026-08-21 20:11:13,불고기 정식,1,13000
2026-08-21 20:11:13,김치찌개(2인),1,17000
2026-08-21 20:16:53,된장찌개(1인),1,9000
2026-08-21 20:33:12,콜라,1,2000
2026-08-21 20:33:12,공기밥,1,1000
2026-08-21 20:33:35,순두부찌개,1,9500
2026-08-22 11:45:05,아메리카노(ICE),2,4000
2026-08-22 11:46:24,된장찌개(1인),1,9000
2026-08-22 11:46:24,아메리카노(ICE),1,2000
2026-08-22 11:50:14,계절한정 냉면,1,10000
2026-08-22 12:09:21,불고기 정식,1,13000
2026-08-22 12:11:43,순두부찌개,2,19000
2026-08-22 12:14:38,공기밥,1,1000
2026-08-22 12:14:38,된장찌개(1인),1,9000
2026-08-22 12:15:22,아메리카노(ICE),1,2000
2026-08-22 12:15:22,아메리카노(HOT),1,2000
2026-08-22 12:17:07,공기밥,1,1000
2026-08-22 12:17:07,순두부찌개,2,19000
2026-08-22 12:23:07,된장찌개(1인),1,9000
2026-08-22 12:23:07,공기밥,1,1000
2026-08-22 12:28:40,순두부찌개,1,9500
2026-08-22 12:40:26,된장찌개(1인),1,9000
2026-08-22 12:47:44,된장찌개(1인),2,18000
2026-08-22 12:47:44,불고기 정식,2,26000
2026-08-22 12:50:28,된장찌개(1인),1,9000
2026-08-22 12:50:28,불고기 정식,1,13000
2026-08-22 13:00:43,순두부찌개,1,9500
2026-08-22 13:00:43,계절한정 냉면,1,10000
2026-08-22 13:00:43,김치찌개(1인),1,9000
2026-08-22 13:01:15,순두부찌개,1,9500
2026-08-22 13:01:15,공기밥,1,1000
2026-08-22 13:01:15,순두부찌개,1,9500
2026-08-22 13:04:18,된장찌개(1인),1,9000
2026-08-22 13:04:18,순두부찌개,2,19000
2026-08-22 13:04:18,된장찌개(1인),1,9000
2026-08-22 13:05:13,제육볶음,1,11000
2026-08-22 13:05:13,제육볶음,1,11000
2026-08-22 13:25:54,아메리카노(HOT),1,2000
2026-08-22 13:25:54,김치찌개(1인),1,9000
2026-08-22 18:03:05,계란말이,1,7000
2026-08-22 18:03:05,된장찌개(1인),1,9000
2026-08-22 18:03:05,제육볶음,1,11000
2026-08-22 18:05:54,비빔밥,1,9000
2026-08-22 18:07:21,된장찌개(1인),1,9000
2026-08-22 18:16:04,된장찌개(1인),1,9000
2026-08-22 18:16:04,김치찌개(2인),1,17000
2026-08-22 18:18:18,불고기 정식,1,13000
2026-08-22 18:18:18,된장찌개(1인),1,9000
2026-08-22 18:20:33,계란말이,2,14000
2026-08-22 18:20:33,된장찌개(1인),1,9000
2026-08-22 18:24:54,콜라,1,2000
2026-08-22 18:25:23,된장찌개(1인),1,9000
2026-08-22 18:25:23,된장찌개(1인),1,9000
2026-08-22 18:25:23,김치찌개(2인),2,34000
2026-08-22 18:26:53,김치찌개(2인),1,17000
2026-08-22 18:26:53,된장찌개(1인),1,9000
2026-08-22 18:26:53,제육볶음,1,11000
2026-08-22 18:28:51,계란말이,1,7000
2026-08-22 18:29:30,제육볶음,1,11000
2026-08-22 18:29:30,된장찌개(1인),1,9000
2026-08-22 18:29:30,비빔밥,2,18000
2026-08-22 18:33:15,된장찌개(1인),2,18000
2026-08-22 18:33:15,비빔밥,1,9000
2026-08-22 18:38:05,순두부찌개,1,9500
2026-08-22 18:38:05,갈비탕,1,13000
2026-08-22 18:41:27,순두부찌개,1,9500
2026-08-22 18:44:44,제육볶음,1,11000
2026-08-22 18:45:26,된장찌개(1인),2,18000
2026-08-22 18:45:26,공기밥,1,1000
2026-08-22 18:52:03,된장찌개(1인),1,9000
2026-08-22 19:01:43,불고기 정식,1,13000
2026-08-22 19:03:54,김치찌개(1인),1,9000
2026-08-22 19:03:54,김치찌개(1인),2,18000
2026-08-22 19:08:07,갈비탕,2,26000
2026-08-22 19:08:07,된장찌개(1인),1,9000
2026-08-22 19:10:28,제육볶음,1,11000
2026-08-22 19:14:35,된장찌개(1인),1,9000
2026-08-22 19:17:21,불고기 정식,1,13000
2026-08-22 19:17:21,불고기 정식,2,26000
2026-08-22 19:17:21,제육볶음,1,11000
2026-08-22 19:20:18,계란말이,1,7000
2026-08-22 19:20:18,계란말이,1,7000
2026-08-22 19:20:18,계절한정 냉면,1,10000
2026-08-22 19:23:21,갈비탕,1,13000
2026-08-22 19:23:21,공기밥,2,2000
2026-08-22 19:23:21,된장찌개(1인),2,18000
2026-08-22 19:24:37,된장찌개(1인),1,9000
2026-08-22 19:32:45,불고기 정식,1,13000
2026-08-22 19:32:45,계란말이,1,7000
2026-08-22 19:40:35,제육볶음,2,22000
2026-08-22 19:46:46,비빔밥,1,9000
2026-08-22 19:46:46,된장찌개(1인),1,9000
2026-08-22 20:01:50,된장찌개(1인),1,9000
2026-08-22 20:01:50,김치찌개(2인),1,17000
2026-08-22 20:01:50,계란말이,1,7000
2026-08-22 20:04:49,불고기 정식,1,13000
2026-08-22 20:09:18,제육볶음,1,11000
2026-08-22 20:09:18,아메리카노(ICE),1,2000
2026-08-22 20:09:18,계절한정 냉면,1,10000
2026-08-22 20:11:04,콜라,1,2000
2026-08-22 20:14:37,갈비탕,1,13000
2026-08-22 20:14:37,된장찌개(1인),1,9000
2026-08-22 20:28:08,콜라,1,2000
2026-08-22 20:28:08,김치찌개(2인),1,17000
2026-08-22 20:50:17,콜라,1,2000
2026-08-22 20:50:17,갈비탕,1,13000
2026-08-22 20:50:17,김치찌개(2인),1,17000
2026-08-23 11:50:15,순두부찌개,1,9500
2026-08-23 11:50:15,콜라,1,2000
2026-08-23 11:50:54,된장찌개(1인),1,9000
2026-08-23 11:50:54,계절한정 냉면,1,10000
2026-08-23 11:50:54,된장찌개(1인),1,9000
2026-08-23 11:53:50,순두부찌개,1,9500
2026-08-23 11:54:38,불고기 정식,1,13000
2026-08-23 11:54:38,비빔밥,1,9000
2026-08-23 11:56:05,콜라,2,4000
2026-08-23 11:56:05,아메리카노(ICE),1,2000
2026-08-23 11:57:31,갈비탕,1,13000
2026-08-23 12:05:39,아메리카노(ICE),1,2000
2026-08-23 12:05:39,공기밥,1,1000
2026-08-23 12:05:39,비빔밥,1,9000
2026-08-23 12:10:11,제육볶음,1,11000
2026-08-23 12:10:11,된장찌개(1인),1,9000
2026-08-23 12:10:11,아메리카노(HOT),1,2000
2026-08-23 12:21:15,비빔밥,2,18000
2026-08-23 12:21:15,순두부찌개,1,9500
2026-08-23 12:24:28,김치찌개(1인),1,9000
2026-08-23 12:24:28,된장찌개(1인),1,9000
2026-08-23 12:24:28,된장찌개(1인),1,9000
2026-08-23 12:25:23,공기밥,1,1000
2026-08-23 12:25:23,김치찌개(2인),1,17000
2026-08-23 12:29:20,된장찌개(1인),1,9000
2026-08-23 12:29:20,된장찌개(1인),1,9000
2026-08-23 12:31:46,된장찌개(1인),1,9000
2026-08-23 12:31:46,비빔밥,1,9000
2026-08-23 12:35:25,김치찌개(1인),1,9000
2026-08-23 12:35:25,된장찌개(1인),1,9000
2026-08-23 12:35:25,아메리카노(HOT),2,4000
2026-08-23 12:39:39,순두부찌개,1,9500
2026-08-23 12:42:25,콜라,2,4000
2026-08-23 12:42:25,순두부찌개,2,19000
2026-08-23 13:00:57,김치찌개(1인),1,9000
2026-08-23 13:00:57,공기밥,1,1000
2026-08-23 13:05:46,불고기 정식,1,13000
2026-08-23 13:05:46,갈비탕,1,13000
2026-08-23 13:05:46,된장찌개(1인),1,9000
2026-08-23 13:11:43,된장찌개(1인),1,9000
2026-08-23 13:11:43,된장찌개(1인),1,9000
2026-08-23 17:39:22,불고기 정식,2,26000
2026-08-23 17:39:22,콜라,1,2000
2026-08-23 17:39:22,김치찌개(2인),1,17000
2026-08-23 17:53:22,공기밥,1,1000
2026-08-23 17:54:13,아메리카노(ICE),1,2000
2026-08-23 17:54:13,콜라,1,2000
2026-08-23 17:55:42,계란말이,1,7000
2026-08-23 17:58:49,계란말이,2,14000
2026-08-23 17:58:49,제육볶음,1,11000
2026-08-23 18:23:19,계란말이,1,7000
2026-08-23 18:31:53,제육볶음,1,11000
2026-08-23 18:39:47,순두부찌개,1,9500
2026-08-23 18:39:47,된장찌개(1인),1,9000
2026-08-23 18:46:44,아메리카노(ICE),1,2000
2026-08-23 19:14:35,콜라,1,2000
2026-08-23 19:14:53,된장찌개(1인),1,9000
2026-08-23 19:14:53,된장찌개(1인),1,9000
2026-08-23 19:15:38,김치찌개(2인),1,17000
2026-08-23 19:15:38,된장찌개(1인),1,9000
2026-08-23 19:16:07,계란말이,2,14000
2026-08-23 19:16:07,콜라,1,2000
2026-08-23 19:16:07,제육볶음,2,22000
2026-08-23 19:19:27,불고기 정식,1,13000
2026-08-23 19:19:27,비빔밥,1,9000
2026-08-23 19:24:39,콜라,1,2000
2026-08-23 19:26:04,비빔밥,1,9000
2026-08-23 19:45:27,된장찌개(1인),1,9000
2026-08-23 19:45:27,된장찌개(1인),1,9000
2026-08-23 19:45:27,공기밥,2,2000
2026-08-23 19:46:10,갈비탕,2,26000
2026-08-23 19:57:24,아메리카노(ICE),1,2000
2026-08-23 19:57:24,갈비탕,1,13000
2026-08-23 20:02:12,된장찌개(1인),1,9000
2026-08-23 20:02:12,아메리카노(HOT),1,2000
2026-08-23 20:02:12,된장찌개(1인),1,9000
2026-08-23 20:02:44,갈비탕,1,13000
2026-08-23 20:15:24,콜라,1,2000
2026-08-23 20:15:24,아메리카노(ICE),1,2000
2026-08-23 20:15:24,갈비탕,1,13000
2026-08-23 20:16:00,김치찌개(1인),1,9000
2026-08-23 20:22:50,된장찌개(1인),1,9000
2026-08-23 20:22:50,불고기 정식,1,13000
2026-08-23 20:31:29,불고기 정식,1,13000
2026-08-23 20:31:29,콜라,1,2000
2026-08-23 20:34:45,비빔밥,1,9000
2026-08-23 20:35:46,계란말이,1,7000
2026-08-23 20:35:46,된장찌개(1인),1,9000
2026-08-23 20:43:36,불고기 정식,1,13000
2026-08-23 20:50:50,공기밥,1,1000
2026-08-23 20:50:50,된장찌개(1인),1,9000
2026-08-23 20:50:50,된장찌개(1인),1,9000
2026-08-24 11:31:48,김치찌개(1인),1,9000
2026-08-24 11:31:48,아메리카노(HOT),1,2000
2026-08-24 11:31:48,계절한정 냉면,1,10000
2026-08-24 11:32:51,비빔밥,1,9000
2026-08-24 11:47:47,된장찌개(1인),1,9000
2026-08-24 11:47:47,제육볶음,1,11000
2026-08-24 11:47:47,아메리카노(ICE),1,2000
2026-08-24 11:49:02,비빔밥,1,9000
2026-08-24 11:49:02,콜라,2,4000
2026-08-24 11:49:02,불고기 정식,2,26000
2026-08-24 11:56:33,제육볶음,1,11000
2026-08-24 11:58:28,순두부찌개,2,19000
2026-08-24 12:03:32,된장찌개(1인),1,9000
2026-08-24 12:03:32,순두부찌개,1,9500
2026-08-24 12:03:32,김치찌개(1인),2,18000
2026-08-24 12:04:42,제육볶음,1,11000
2026-08-24 12:13:06,김치찌개(1인),1,9000
2026-08-24 12:13:06,제육볶음,1,11000
2026-08-24 12:14:10,계란말이,2,14000
2026-08-24 12:14:10,순두부찌개,2,19000
2026-08-24 12:14:58,순두부찌개,1,9500
2026-08-24 12:14:58,아메리카노(HOT),1,2000
2026-08-24 12:16:25,불고기 정식,1,13000
2026-08-24 12:16:25,공기밥,2,2000
2026-08-24 12:21:33,공기밥,2,2000
2026-08-24 12:24:55,된장찌개(1인),2,18000
2026-08-24 12:24:55,된장찌개(1인),2,18000
2026-08-24 12:26:13,김치찌개(1인),2,18000
2026-08-24 12:27:01,계란말이,2,14000
2026-08-24 12:27:01,아메리카노(ICE),1,2000
2026-08-24 12:27:01,순두부찌개,2,19000
2026-08-24 12:27:29,김치찌개(1인),2,18000
2026-08-24 12:27:29,불고기 정식,1,13000
2026-08-24 12:28:21,비빔밥,2,18000
2026-08-24 12:28:44,제육볶음,1,11000
2026-08-24 12:28:44,불고기 정식,1,13000
2026-08-24 12:29:13,제육볶음,1,11000
2026-08-24 12:30:15,된장찌개(1인),1,9000
2026-08-24 12:30:15,된장찌개(1인),1,9000
2026-08-24 12:30:43,순두부찌개,1,9500
2026-08-24 12:30:43,된장찌개(1인),1,9000
2026-08-24 12:32:26,김치찌개(2인),2,34000
2026-08-24 12:32:26,아메리카노(HOT),1,2000
2026-08-24 12:36:05,된장찌개(1인),1,9000
2026-08-24 12:36:05,된장찌개(1인),1,9000
2026-08-24 12:40:35,공기밥,1,1000
2026-08-24 12:40:35,계절한정 냉면,1,10000
2026-08-24 12:40:35,된장찌개(1인),1,9000
2026-08-24 12:41:44,된장찌개(1인),2,18000
2026-08-24 12:41:44,된장찌개(1인),1,9000
2026-08-24 12:42:23,공기밥,1,1000
2026-08-24 12:42:44,불고기 정식,2,26000
2026-08-24 12:42:44,갈비탕,1,13000
2026-08-24 12:43:25,된장찌개(1인),2,18000
2026-08-24 12:45:15,콜라,1,2000
2026-08-24 12:45:15,제육볶음,1,11000
2026-08-24 12:45:15,불고기 정식,1,13000
2026-08-24 12:45:22,제육볶음,1,11000
2026-08-24 12:45:22,계란말이,2,14000
2026-08-24 12:48:12,된장찌개(1인),1,9000
2026-08-24 12:48:12,계절한정 냉면,1,10000
2026-08-24 12:48:46,제육볶음,1,11000
2026-08-24 12:48:46,아메리카노(ICE),1,2000
2026-08-24 12:48:46,김치찌개(2인),1,17000
2026-08-24 13:01:25,갈비탕,1,13000
2026-08-24 13:01:25,된장찌개(1인),1,9000
2026-08-24 13:01:25,김치찌개(1인),1,9000
2026-08-24 13:12:26,김치찌개(1인),1,9000
2026-08-24 13:14:31,된장찌개(1인),2,18000
2026-08-24 13:14:31,공기밥,1,1000
2026-08-24 13:14:31,계절한정 냉면,1,10000
2026-08-24 13:20:38,갈비탕,1,13000
2026-08-24 13:37:18,불고기 정식,1,13000
2026-08-24 17:31:00,계란말이,1,7000
2026-08-24 17:31:00,공기밥,1,1000
2026-08-24 18:06:12,순두부찌개,1,9500
2026-08-24 18:08:29,순두부찌개,1,9500
2026-08-24 18:23:44,공기밥,1,1000
2026-08-24 18:27:36,갈비탕,1,13000
2026-08-24 18:27:36,제육볶음,1,11000
2026-08-24 18:47:48,계란말이,1,7000
2026-08-24 18:51:18,김치찌개(2인),1,17000
2026-08-24 18:51:18,비빔밥,1,9000
2026-08-24 18:57:24,비빔밥,1,9000
2026-08-24 18:57:24,콜라,2,4000
2026-08-24 18:57:24,아메리카노(ICE),2,4000
2026-08-24 19:00:20,계란말이,2,14000
2026-08-24 19:00:20,순두부찌개,1,9500
2026-08-24 19:02:16,된장찌개(1인),1,9000
2026-08-24 19:02:16,공기밥,2,2000
2026-08-24 19:02:16,콜라,1,2000
2026-08-24 19:09:58,불고기 정식,1,13000
2026-08-24 19:10:35,아메리카노(HOT),1,2000
2026-08-24 19:10:35,된장찌개(1인),1,9000
2026-08-24 19:10:35,된장찌개(1인),1,9000
2026-08-24 19:14:00,된장찌개(1인),1,9000
2026-08-24 19:14:00,공기밥,1,1000
2026-08-24 19:14:00,된장찌개(1인),1,9000
2026-08-24 19:17:47,콜라,2,4000
2026-08-24 19:19:42,계절한정 냉면,1,10000
2026-08-24 19:19:42,콜라,1,2000
2026-08-24 19:19:42,된장찌개(1인),1,9000
2026-08-24 19:26:16,계란말이,1,7000
2026-08-24 19:26:47,불고기 정식,1,13000
2026-08-24 19:27:43,순두부찌개,1,9500
2026-08-24 19:27:43,김치찌개(2인),1,17000
2026-08-24 19:33:49,공기밥,1,1000
2026-08-24 19:37:05,계란말이,2,14000
2026-08-24 19:44:29,제육볶음,1,11000
2026-08-24 20:05:47,계란말이,1,7000
2026-08-24 20:14:06,공기밥,1,1000
2026-08-24 20:14:06,순두부찌개,1,9500
2026-08-24 20:17:56,제육볶음,1,11000
2026-08-24 20:17:56,콜라,1,2000
2026-08-24 20:17:56,불고기 정식,1,13000
2026-08-24 20:21:51,된장찌개(1인),1,9000
2026-08-24 20:21:51,아메리카노(HOT),2,4000
2026-08-24 20:27:48,콜라,1,2000
2026-08-25 11:28:23,된장찌개(1인),1,9000
2026-08-25 11:42:44,갈비탕,1,13000
2026-08-25 11:43:38,아메리카노(ICE),2,4000
2026-08-25 11:43:38,된장찌개(1인),1,9000
2026-08-25 11:44:06,아메리카노(HOT),1,2000
2026-08-25 11:48:11,제육볶음,1,11000
2026-08-25 11:48:11,제육볶음,1,11000
2026-08-25 11:55:51,김치찌개(1인),1,9000
2026-08-25 11:55:51,된장찌개(1인),1,9000
2026-08-25 11:55:51,제육볶음,1,11000
2026-08-25 11:59:43,공기밥,2,2000
2026-08-25 12:01:47,된장찌개(1인),1,9000
2026-08-25 12:01:47,계란말이,1,7000
2026-08-25 12:01:47,순두부찌개,1,9500
2026-08-25 12:13:11,제육볶음,1,11000
2026-08-25 12:16:03,된장찌개(1인),2,18000
2026-08-25 12:16:03,된장찌개(1인),1,9000
2026-08-25 12:18:43,김치찌개(1인),1,9000
2026-08-25 12:18:48,된장찌개(1인),2,18000
2026-08-25 12:18:48,된장찌개(1인),1,9000
2026-08-25 12:23:06,순두부찌개,1,9500
2026-08-25 12:23:56,갈비탕,1,13000
2026-08-25 12:23:56,순두부찌개,1,9500
2026-08-25 12:23:56,공기밥,1,1000
2026-08-25 12:24:59,된장찌개(1인),1,9000
2026-08-25 12:26:29,공기밥,1,1000
2026-08-25 12:26:50,된장찌개(1인),1,9000
2026-08-25 12:26:50,아메리카노(ICE),1,2000
2026-08-25 12:29:20,아메리카노(HOT),1,2000
2026-08-25 12:29:20,제육볶음,1,11000
2026-08-25 12:29:20,갈비탕,2,26000
2026-08-25 12:30:14,갈비탕,1,13000
2026-08-25 12:30:14,갈비탕,1,13000
2026-08-25 12:30:14,된장찌개(1인),1,9000
2026-08-25 12:34:58,된장찌개(1인),1,9000
2026-08-25 12:35:07,비빔밥,1,9000
2026-08-25 12:35:07,공기밥,2,2000
2026-08-25 12:35:07,아메리카노(ICE),1,2000
2026-08-25 12:37:27,김치찌개(1인),1,9000
2026-08-25 12:37:49,불고기 정식,2,26000
2026-08-25 12:37:49,갈비탕,1,13000
2026-08-25 12:43:11,아메리카노(HOT),1,2000
2026-08-25 12:45:32,된장찌개(1인),1,9000
2026-08-25 12:45:32,된장찌개(1인),2,18000
2026-08-25 12:45:32,제육볶음,1,11000
2026-08-25 12:48:02,비빔밥,2,18000
2026-08-25 12:48:02,비빔밥,1,9000
2026-08-25 12:49:45,아메리카노(ICE),1,2000
2026-08-25 12:49:45,제육볶음,1,11000
2026-08-25 12:49:45,계절한정 냉면,1,10000
2026-08-25 12:55:16,김치찌개(1인),1,9000
2026-08-25 12:55:16,된장찌개(1인),1,9000
2026-08-25 12:55:16,아메리카노(ICE),1,2000
2026-08-25 12:58:54,아메리카노(ICE),1,2000
2026-08-25 12:58:54,계절한정 냉면,2,20000
2026-08-25 13:01:32,순두부찌개,2,19000
2026-08-25 13:01:32,김치찌개(1인),1,9000
2026-08-25 13:30:13,불고기 정식,1,13000
2026-08-25 13:30:13,아메리카노(ICE),1,2000
2026-08-25 17:34:59,김치찌개(1인),1,9000
2026-08-25 17:34:59,계란말이,1,7000
2026-08-25 17:34:59,김치찌개(2인),1,17000
2026-08-25 17:48:05,계란말이,1,7000
2026-08-25 17:48:05,공기밥,2,2000
2026-08-25 17:57:12,비빔밥,1,9000
2026-08-25 17:57:12,계란말이,1,7000
2026-08-25 18:07:35,갈비탕,1,13000
2026-08-25 18:09:42,불고기 정식,1,13000
2026-08-25 18:09:42,계란말이,1,7000
2026-08-25 18:30:36,계란말이,1,7000
2026-08-25 18:40:38,제육볶음,1,11000
2026-08-25 18:40:38,순두부찌개,1,9500
2026-08-25 18:40:38,비빔밥,1,9000
2026-08-25 18:40:44,제육볶음,1,11000
2026-08-25 18:41:39,제육볶음,1,11000
2026-08-25 18:52:19,공기밥,2,2000
2026-08-25 18:53:37,제육볶음,1,11000
2026-08-25 18:53:37,콜라,1,2000
2026-08-25 18:55:46,불고기 정식,1,13000
2026-08-25 19:03:08,김치찌개(1인),2,18000
2026-08-25 19:03:08,계란말이,1,7000
2026-08-25 19:03:08,계절한정 냉면,1,10000
2026-08-25 19:04:26,계란말이,1,7000
2026-08-25 19:04:26,갈비탕,1,13000
2026-08-25 19:06:23,불고기 정식,1,13000
2026-08-25 19:07:42,아메리카노(ICE),1,2000
2026-08-25 19:07:42,계란말이,1,7000
2026-08-25 19:07:42,제육볶음,1,11000
2026-08-25 19:08:03,갈비탕,1,13000
2026-08-25 19:26:05,갈비탕,2,26000
2026-08-25 19:31:07,제육볶음,1,11000
2026-08-25 19:31:07,된장찌개(1인),2,18000
2026-08-25 19:42:09,순두부찌개,1,9500
2026-08-25 19:42:09,아메리카노(HOT),1,2000
2026-08-25 19:47:38,된장찌개(1인),2,18000
2026-08-25 20:00:57,제육볶음,1,11000
2026-08-25 20:02:01,아메리카노(HOT),1,2000
2026-08-25 20:14:02,된장찌개(1인),1,9000
2026-08-25 20:14:02,갈비탕,1,13000
2026-08-25 20:35:28,김치찌개(2인),1,17000
2026-08-25 20:35:28,갈비탕,1,13000
2026-08-25 20:35:28,불고기 정식,1,13000
2026-08-26 11:26:51,갈비탕,1,13000
2026-08-26 11:36:18,아메리카노(ICE),1,2000
2026-08-26 11:42:57,된장찌개(1인),1,9000
2026-08-26 11:42:57,공기밥,1,1000
2026-08-26 11:52:01,아메리카노(HOT),1,2000
2026-08-26 11:52:01,된장찌개(1인),1,9000
2026-08-26 11:52:30,아메리카노(ICE),1,2000
2026-08-26 11:52:30,계절한정 냉면,1,10000
2026-08-26 11:56:02,콜라,2,4000
2026-08-26 12:00:35,비빔밥,2,18000
2026-08-26 12:00:35,아메리카노(HOT),1,2000
2026-08-26 12:02:30,김치찌개(1인),1,9000
2026-08-26 12:06:17,비빔밥,1,9000
2026-08-26 12:06:17,콜라,2,4000
2026-08-26 12:07:42,된장찌개(1인),1,9000
2026-08-26 12:07:42,김치찌개(2인),2,34000
2026-08-26 12:10:44,김치찌개(1인),1,9000
2026-08-26 12:10:48,콜라,1,2000
2026-08-26 12:11:37,된장찌개(1인),1,9000
2026-08-26 12:11:37,된장찌개(1인),1,9000
2026-08-26 12:13:25,불고기 정식,1,13000
2026-08-26 12:13:25,계란말이,1,7000
2026-08-26 12:13:25,공기밥,1,1000
2026-08-26 12:17:28,김치찌개(1인),1,9000
2026-08-26 12:17:28,김치찌개(1인),1,9000
2026-08-26 12:18:41,김치찌개(1인),2,18000
2026-08-26 12:18:59,된장찌개(1인),2,18000
2026-08-26 12:18:59,순두부찌개,1,9500
2026-08-26 12:18:59,공기밥,2,2000
2026-08-26 12:20:10,된장찌개(1인),1,9000
2026-08-26 12:26:29,공기밥,1,1000
2026-08-26 12:28:52,김치찌개(2인),1,17000
2026-08-26 12:28:52,김치찌개(1인),1,9000
2026-08-26 12:28:52,계절한정 냉면,1,10000
2026-08-26 12:30:29,순두부찌개,2,19000
2026-08-26 12:31:20,제육볶음,1,11000
2026-08-26 12:31:20,된장찌개(1인),1,9000
2026-08-26 12:37:33,순두부찌개,1,9500
2026-08-26 12:37:33,계절한정 냉면,1,10000
2026-08-26 12:38:43,김치찌개(1인),2,18000
2026-08-26 12:41:59,제육볶음,1,11000
2026-08-26 12:41:59,불고기 정식,1,13000
2026-08-26 12:41:59,된장찌개(1인),1,9000
2026-08-26 12:49:05,된장찌개(1인),1,9000
2026-08-26 12:49:05,순두부찌개,1,9500
2026-08-26 12:49:38,콜라,1,2000
2026-08-26 12:49:38,불고기 정식,1,13000
2026-08-26 12:49:38,갈비탕,1,13000
2026-08-26 12:51:33,김치찌개(1인),1,9000
2026-08-26 12:51:33,된장찌개(1인),1,9000
2026-08-26 12:51:33,김치찌개(2인),1,17000
2026-08-26 13:02:22,아메리카노(ICE),1,2000
2026-08-26 13:02:22,순두부찌개,1,9500
2026-08-26 13:03:36,비빔밥,2,18000
2026-08-26 13:03:36,공기밥,2,2000
2026-08-26 13:06:28,계절한정 냉면,1,10000
2026-08-26 13:07:26,비빔밥,1,9000
2026-08-26 13:14:44,비빔밥,1,9000
2026-08-26 13:14:44,아메리카노(ICE),1,2000
2026-08-26 13:14:44,순두부찌개,1,9500
2026-08-26 13:15:15,공기밥,2,2000
2026-08-26 13:23:23,순두부찌개,1,9500
2026-08-26 13:24:57,비빔밥,1,9000
2026-08-26 13:24:57,계란말이,1,7000
2026-08-26 13:44:34,공기밥,1,1000
2026-08-26 13:44:34,계란말이,1,7000
2026-08-26 13:44:34,된장찌개(1인),1,9000
2026-08-26 17:36:56,콜라,1,2000
2026-08-26 17:36:56,계란말이,2,14000
2026-08-26 17:36:56,김치찌개(1인),1,9000
2026-08-26 17:51:54,제육볶음,1,11000
2026-08-26 17:51:54,순두부찌개,1,9500
2026-08-26 17:55:11,된장찌개(1인),1,9000
2026-08-26 17:59:11,계란말이,1,7000
2026-08-26 17:59:11,김치찌개(2인),1,17000
2026-08-26 17:59:11,된장찌개(1인),1,9000
2026-08-26 18:04:34,순두부찌개,2,19000
2026-08-26 18:04:34,갈비탕,1,13000
2026-08-26 18:24:05,계란말이,1,7000
2026-08-26 18:24:05,계란말이,1,7000
2026-08-26 18:24:05,아메리카노(ICE),1,2000
2026-08-26 18:28:04,순두부찌개,1,9500
2026-08-26 18:28:04,된장찌개(1인),1,9000
2026-08-26 18:33:20,계절한정 냉면,1,10000
2026-08-26 18:42:21,제육볶음,2,22000
2026-08-26 18:45:21,갈비탕,1,13000
2026-08-26 18:53:44,공기밥,2,2000
2026-08-26 18:53:44,계절한정 냉면,1,10000
2026-08-26 18:53:44,계란말이,1,7000
2026-08-26 19:05:21,된장찌개(1인),1,9000
2026-08-26 19:05:58,계란말이,2,14000
2026-08-26 19:05:58,제육볶음,2,22000
2026-08-26 19:05:58,불고기 정식,1,13000
2026-08-26 19:07:42,계절한정 냉면,1,10000
2026-08-26 19:07:42,공기밥,1,1000
2026-08-26 19:07:42,된장찌개(1인),2,18000
2026-08-26 19:12:49,비빔밥,1,9000
2026-08-26 19:12:49,계란말이,1,7000
2026-08-26 19:21:01,공기밥,1,1000
2026-08-26 19:21:01,된장찌개(1인),1,9000
2026-08-26 19:21:01,김치찌개(1인),1,9000
2026-08-26 19:21:21,계란말이,1,7000
2026-08-26 19:23:57,된장찌개(1인),2,18000
2026-08-26 19:30:17,된장찌개(1인),1,9000
2026-08-26 19:30:17,계란말이,1,7000
2026-08-26 19:37:10,아메리카노(ICE),1,2000
2026-08-26 19:37:10,계절한정 냉면,1,10000
2026-08-26 19:57:27,계절한정 냉면,1,10000
2026-08-26 19:57:27,제육볶음,1,11000
2026-08-26 19:58:18,공기밥,1,1000
2026-08-26 19:58:18,순두부찌개,1,9500
2026-08-26 19:58:18,공기밥,2,2000
2026-08-26 20:18:33,갈비탕,1,13000
2026-08-26 20:18:33,공기밥,1,1000
2026-08-26 20:18:33,갈비탕,1,13000
2026-08-27 11:43:39,된장찌개(1인),1,9000
2026-08-27 11:43:39,김치찌개(1인),1,9000
2026-08-27 11:44:42,제육볶음,1,11000
2026-08-27 11:48:05,제육볶음,1,11000
2026-08-27 11:48:05,김치찌개(2인),1,17000
2026-08-27 11:48:05,아메리카노(ICE),2,4000
2026-08-27 11:50:28,불고기 정식,1,13000
2026-08-27 11:51:47,순두부찌개,1,9500
2026-08-27 11:52:36,공기밥,1,1000
2026-08-27 11:52:36,된장찌개(1인),1,9000
2026-08-27 11:52:36,불고기 정식,1,13000
2026-08-27 11:53:22,아메리카노(HOT),1,2000
2026-08-27 11:57:34,된장찌개(1인),1,9000
2026-08-27 11:57:34,공기밥,1,1000
2026-08-27 11:57:34,순두부찌개,1,9500
2026-08-27 11:57:48,아메리카노(HOT),1,2000
2026-08-27 11:57:48,불고기 정식,1,13000
2026-08-27 11:58:31,된장찌개(1인),1,9000
2026-08-27 11:58:31,비빔밥,1,9000
2026-08-27 11:58:51,된장찌개(1인),1,9000
2026-08-27 11:58:51,김치찌개(1인),1,9000
2026-08-27 11:58:51,비빔밥,1,9000
2026-08-27 12:03:31,계절한정 냉면,1,10000
2026-08-27 12:03:31,아메리카노(ICE),1,2000
2026-08-27 12:03:31,콜라,1,2000
2026-08-27 12:04:01,제육볶음,2,22000
2026-08-27 12:05:33,아메리카노(ICE),2,4000
2026-08-27 12:06:21,비빔밥,1,9000
2026-08-27 12:07:13,된장찌개(1인),1,9000
2026-08-27 12:07:13,콜라,2,4000
2026-08-27 12:07:41,순두부찌개,1,9500
2026-08-27 12:07:41,계절한정 냉면,1,10000
2026-08-27 12:07:41,불고기 정식,1,13000
2026-08-27 12:14:34,제육볶음,1,11000
2026-08-27 12:16:13,순두부찌개,1,9500
2026-08-27 12:16:47,콜라,1,2000
2026-08-27 12:16:47,공기밥,2,2000
2026-08-27 12:16:47,공기밥,1,1000
2026-08-27 12:19:51,된장찌개(1인),1,9000
2026-08-27 12:19:51,콜라,1,2000
2026-08-27 12:21:28,아메리카노(ICE),1,2000
2026-08-27 12:21:28,공기밥,2,2000
2026-08-27 12:21:35,된장찌개(1인),2,18000
2026-08-27 12:23:39,된장찌개(1인),2,18000
2026-08-27 12:23:39,콜라,1,2000
2026-08-27 12:23:39,계절한정 냉면,2,20000
2026-08-27 12:24:58,비빔밥,1,9000
2026-08-27 12:27:46,콜라,1,2000
2026-08-27 12:28:37,순두부찌개,1,9500
2026-08-27 12:31:47,된장찌개(1인),2,18000
2026-08-27 12:31:47,불고기 정식,1,13000
2026-08-27 12:33:29,제육볶음,1,11000
2026-08-27 12:33:29,계절한정 냉면,1,10000
2026-08-27 12:35:06,순두부찌개,2,19000
2026-08-27 12:38:54,김치찌개(1인),1,9000
2026-08-27 12:38:54,제육볶음,1,11000
2026-08-27 12:39:40,순두부찌개,1,9500
2026-08-27 12:44:13,된장찌개(1인),1,9000
2026-08-27 12:45:52,갈비탕,1,13000
2026-08-27 12:46:59,순두부찌개,1,9500
2026-08-27 12:46:59,아메리카노(ICE),1,2000
2026-08-27 12:56:45,제육볶음,1,11000
2026-08-27 12:56:45,계절한정 냉면,1,10000
2026-08-27 12:59:49,콜라,2,4000
2026-08-27 12:59:49,김치찌개(1인),2,18000
2026-08-27 13:19:13,갈비탕,1,13000
2026-08-27 13:29:30,공기밥,1,1000
2026-08-27 13:29:30,된장찌개(1인),1,9000
2026-08-27 17:47:54,아메리카노(ICE),1,2000
2026-08-27 18:04:16,계란말이,1,7000
2026-08-27 18:15:56,계란말이,1,7000
2026-08-27 18:19:47,김치찌개(2인),1,17000
2026-08-27 18:19:47,순두부찌개,1,9500
2026-08-27 18:25:15,김치찌개(1인),1,9000
2026-08-27 18:31:59,아메리카노(ICE),2,4000
2026-08-27 18:31:59,김치찌개(1인),2,18000
2026-08-27 18:33:52,제육볶음,1,11000
2026-08-27 18:33:52,김치찌개(1인),1,9000
2026-08-27 18:45:17,된장찌개(1인),1,9000
2026-08-27 18:45:17,불고기 정식,1,13000
2026-08-27 18:46:20,제육볶음,1,11000
2026-08-27 18:47:37,된장찌개(1인),2,18000
2026-08-27 18:51:13,순두부찌개,1,9500
2026-08-27 18:52:23,된장찌개(1인),1,9000
2026-08-27 18:58:18,제육볶음,1,11000
2026-08-27 18:58:18,콜라,2,4000
2026-08-27 19:00:29,김치찌개(1인),1,9000
2026-08-27 19:10:26,된장찌개(1인),1,9000
2026-08-27 19:10:26,된장찌개(1인),1,9000
2026-08-27 19:10:26,김치찌개(1인),1,9000
2026-08-27 19:13:17,공기밥,1,1000
2026-08-27 19:26:34,콜라,2,4000
2026-08-27 19:26:34,갈비탕,1,13000
2026-08-27 19:42:28,된장찌개(1인),1,9000
2026-08-27 19:42:28,갈비탕,1,13000
2026-08-27 19:43:05,순두부찌개,1,9500
2026-08-27 19:52:27,콜라,1,2000
2026-08-27 19:52:27,계절한정 냉면,2,20000
2026-08-27 19:52:27,된장찌개(1인),1,9000
2026-08-27 19:59:18,공기밥,1,1000
2026-08-27 20:18:33,갈비탕,2,26000
2026-08-27 20:20:55,순두부찌개,1,9500
2026-08-27 20:22:50,계란말이,2,14000
2026-08-27 20:54:19,순두부찌개,2,19000
2026-08-28 11:47:20,제육볶음,1,11000
2026-08-28 11:47:20,김치찌개(1인),1,9000
2026-08-28 11:50:42,비빔밥,1,9000
2026-08-28 11:52:21,비빔밥,1,9000
2026-08-28 11:53:42,계절한정 냉면,1,10000
2026-08-28 11:53:42,제육볶음,1,11000
2026-08-28 11:53:42,비빔밥,1,9000
2026-08-28 11:53:53,공기밥,1,1000
2026-08-28 11:53:53,된장찌개(1인),1,9000
2026-08-28 11:53:53,비빔밥,2,18000
2026-08-28 12:06:44,계란말이,1,7000
2026-08-28 12:06:44,비빔밥,1,9000
2026-08-28 12:07:39,김치찌개(1인),1,9000
2026-08-28 12:07:39,아메리카노(HOT),1,2000
2026-08-28 12:09:41,콜라,1,2000
2026-08-28 12:11:32,된장찌개(1인),1,9000
2026-08-28 12:11:32,공기밥,2,2000
2026-08-28 12:12:52,순두부찌개,2,19000
2026-08-28 12:12:52,된장찌개(1인),2,18000
2026-08-28 12:15:47,계절한정 냉면,1,10000
2026-08-28 12:16:14,비빔밥,1,9000
2026-08-28 12:16:14,된장찌개(1인),2,18000
2026-08-28 12:16:14,김치찌개(1인),1,9000
2026-08-28 12:17:12,된장찌개(1인),1,9000
2026-08-28 12:17:12,아메리카노(ICE),1,2000
2026-08-28 12:18:22,김치찌개(2인),2,34000
2026-08-28 12:18:22,순두부찌개,1,9500
2026-08-28 12:18:22,아메리카노(ICE),2,4000
2026-08-28 12:18:50,갈비탕,1,13000
2026-08-28 12:18:50,아메리카노(HOT),1,2000
2026-08-28 12:24:28,콜라,1,2000
2026-08-28 12:24:28,순두부찌개,2,19000
2026-08-28 12:24:28,제육볶음,1,11000
2026-08-28 12:29:30,불고기 정식,2,26000
2026-08-28 12:35:01,제육볶음,1,11000
2026-08-28 12:35:01,제육볶음,1,11000
2026-08-28 12:35:01,아메리카노(ICE),1,2000
2026-08-28 12:35:32,갈비탕,1,13000
2026-08-28 12:35:32,김치찌개(1인),1,9000
2026-08-28 12:36:37,김치찌개(2인),1,17000
2026-08-28 12:39:58,불고기 정식,1,13000
2026-08-28 12:45:46,비빔밥,1,9000
2026-08-28 12:48:21,아메리카노(ICE),2,4000
2026-08-28 12:48:21,된장찌개(1인),1,9000
2026-08-28 12:51:44,비빔밥,1,9000
2026-08-28 13:04:34,제육볶음,1,11000
2026-08-28 13:07:00,된장찌개(1인),1,9000
2026-08-28 13:07:00,비빔밥,1,9000
2026-08-28 13:20:39,아메리카노(HOT),1,2000
2026-08-28 13:21:42,비빔밥,1,9000
2026-08-28 13:43:59,계절한정 냉면,2,20000
2026-08-28 18:29:29,된장찌개(1인),1,9000
2026-08-28 18:29:29,갈비탕,1,13000
2026-08-28 18:47:16,김치찌개(2인),1,17000
2026-08-28 18:48:27,공기밥,1,1000
2026-08-28 19:00:33,계절한정 냉면,1,10000
2026-08-28 19:01:48,순두부찌개,2,19000
2026-08-28 19:01:48,계란말이,1,7000
2026-08-28 19:03:12,불고기 정식,1,13000
2026-08-28 19:03:12,된장찌개(1인),1,9000
2026-08-28 19:03:43,된장찌개(1인),2,18000
2026-08-28 19:04:47,된장찌개(1인),1,9000
2026-08-28 19:04:47,된장찌개(1인),1,9000
2026-08-28 19:04:47,콜라,1,2000
2026-08-28 19:06:54,김치찌개(1인),1,9000
2026-08-28 19:08:00,공기밥,1,1000
2026-08-28 19:08:00,공기밥,2,2000
2026-08-28 19:19:26,제육볶음,1,11000
2026-08-28 19:19:26,순두부찌개,1,9500
2026-08-28 19:22:18,비빔밥,2,18000
2026-08-28 19:22:18,아메리카노(HOT),1,2000
2026-08-28 19:23:29,된장찌개(1인),1,9000
2026-08-28 19:23:59,제육볶음,1,11000
2026-08-28 19:23:59,콜라,1,2000
2026-08-28 19:25:11,순두부찌개,1,9500
2026-08-28 19:25:11,아메리카노(HOT),1,2000
2026-08-28 19:30:03,비빔밥,1,9000
2026-08-28 19:30:06,김치찌개(2인),1,17000
2026-08-28 19:30:06,김치찌개(1인),1,9000
2026-08-28 19:41:45,김치찌개(2인),2,34000
2026-08-28 19:44:13,비빔밥,1,9000
2026-08-28 19:44:13,된장찌개(1인),1,9000
2026-08-28 20:20:57,계란말이,1,7000
2026-08-28 20:20:57,콜라,2,4000
2026-08-28 20:20:57,계절한정 냉면,1,10000
2026-08-28 20:25:57,비빔밥,1,9000
2026-08-29 11:42:41,공기밥,1,1000
2026-08-29 11:54:06,계절한정 냉면,2,20000
2026-08-29 11:54:06,된장찌개(1인),1,9000
2026-08-29 11:56:09,된장찌개(1인),1,9000
2026-08-29 11:56:21,공기밥,1,1000
2026-08-29 11:58:56,콜라,2,4000
2026-08-29 11:58:56,불고기 정식,1,13000
2026-08-29 11:58:56,순두부찌개,1,9500
2026-08-29 12:01:09,계절한정 냉면,1,10000
2026-08-29 12:05:29,된장찌개(1인),2,18000
2026-08-29 12:05:29,비빔밥,1,9000
2026-08-29 12:08:58,된장찌개(1인),1,9000
2026-08-29 12:09:26,비빔밥,1,9000
2026-08-29 12:11:19,공기밥,2,2000
2026-08-29 12:11:19,순두부찌개,1,9500
2026-08-29 12:11:19,비빔밥,1,9000
2026-08-29 12:15:58,순두부찌개,1,9500
2026-08-29 12:16:45,불고기 정식,1,13000
2026-08-29 12:19:11,불고기 정식,1,13000
2026-08-29 12:23:12,순두부찌개,1,9500
2026-08-29 12:28:43,제육볶음,1,11000
2026-08-29 12:34:18,된장찌개(1인),1,9000
2026-08-29 12:34:18,된장찌개(1인),1,9000
2026-08-29 12:35:44,갈비탕,1,13000
2026-08-29 12:35:44,갈비탕,1,13000
2026-08-29 12:35:44,불고기 정식,1,13000
2026-08-29 12:42:21,된장찌개(1인),1,9000
2026-08-29 12:51:50,순두부찌개,1,9500
2026-08-29 12:51:50,된장찌개(1인),1,9000
2026-08-29 12:58:28,된장찌개(1인),1,9000
2026-08-29 13:04:52,비빔밥,1,9000
2026-08-29 13:04:52,된장찌개(1인),1,9000
2026-08-29 13:04:52,공기밥,2,2000
2026-08-29 13:07:21,김치찌개(2인),1,17000
2026-08-29 13:26:22,순두부찌개,1,9500
2026-08-29 13:26:22,갈비탕,1,13000
2026-08-29 13:26:22,순두부찌개,1,9500
2026-08-29 13:27:19,된장찌개(1인),2,18000
2026-08-29 13:27:19,김치찌개(2인),1,17000
2026-08-29 13:31:14,불고기 정식,1,13000
2026-08-29 13:31:14,순두부찌개,1,9500
2026-08-29 17:43:16,순두부찌개,1,9500
2026-08-29 17:43:16,된장찌개(1인),1,9000
2026-08-29 17:43:16,갈비탕,1,13000
2026-08-29 17:51:21,공기밥,1,1000
2026-08-29 17:51:21,갈비탕,2,26000
2026-08-29 17:58:18,불고기 정식,1,13000
2026-08-29 17:58:18,제육볶음,1,11000
2026-08-29 18:08:51,갈비탕,2,26000
2026-08-29 18:08:51,된장찌개(1인),2,18000
2026-08-29 18:08:51,공기밥,1,1000
2026-08-29 18:14:46,계란말이,1,7000
2026-08-29 18:16:26,갈비탕,1,13000
2026-08-29 18:16:26,불고기 정식,1,13000
2026-08-29 18:30:05,된장찌개(1인),1,9000
2026-08-29 18:30:05,계란말이,1,7000
2026-08-29 18:30:05,콜라,2,4000
2026-08-29 18:31:53,김치찌개(1인),1,9000
2026-08-29 18:32:49,갈비탕,1,13000
2026-08-29 18:32:49,제육볶음,2,22000
2026-08-29 18:32:49,김치찌개(1인),1,9000
2026-08-29 18:41:38,제육볶음,1,11000
2026-08-29 18:41:38,비빔밥,1,9000
2026-08-29 18:45:25,된장찌개(1인),1,9000
2026-08-29 18:45:25,제육볶음,1,11000
2026-08-29 18:45:25,계란말이,1,7000
2026-08-29 18:47:59,갈비탕,1,13000
2026-08-29 18:47:59,제육볶음,1,11000
2026-08-29 18:48:04,불고기 정식,1,13000
2026-08-29 18:48:04,불고기 정식,1,13000
2026-08-29 18:48:38,된장찌개(1인),1,9000
2026-08-29 18:57:55,된장찌개(1인),1,9000
2026-08-29 18:57:55,갈비탕,1,13000
2026-08-29 18:57:55,김치찌개(1인),2,18000
2026-08-29 19:00:49,순두부찌개,1,9500
2026-08-29 19:00:58,콜라,1,2000
2026-08-29 19:00:58,김치찌개(1인),1,9000
2026-08-29 19:09:13,순두부찌개,1,9500
2026-08-29 19:09:38,불고기 정식,2,26000
2026-08-29 19:09:38,비빔밥,2,18000
2026-08-29 19:12:47,제육볶음,1,11000
2026-08-29 19:13:16,제육볶음,1,11000
2026-08-29 19:13:16,된장찌개(1인),1,9000
2026-08-29 19:16:50,김치찌개(1인),2,18000
2026-08-29 19:16:50,김치찌개(1인),1,9000
2026-08-29 19:16:50,제육볶음,1,11000
2026-08-29 19:20:29,된장찌개(1인),1,9000
2026-08-29 19:20:29,계란말이,1,7000
2026-08-29 19:22:46,된장찌개(1인),1,9000
2026-08-29 19:24:08,제육볶음,1,11000
2026-08-29 19:40:14,계절한정 냉면,1,10000
2026-08-29 19:40:14,순두부찌개,1,9500
2026-08-29 19:49:48,갈비탕,2,26000
2026-08-29 19:57:24,계란말이,2,14000
2026-08-29 19:59:11,갈비탕,1,13000
2026-08-29 19:59:11,된장찌개(1인),1,9000
2026-08-29 19:59:11,갈비탕,1,13000
2026-08-29 20:06:31,콜라,1,2000
2026-08-29 20:18:58,된장찌개(1인),2,18000
2026-08-29 20:18:58,된장찌개(1인),2,18000
2026-08-29 20:19:40,비빔밥,1,9000
2026-08-29 20:19:40,비빔밥,1,9000
2026-08-29 20:19:40,된장찌개(1인),1,9000
2026-08-29 20:27:08,김치찌개(2인),1,17000
2026-08-29 20:27:08,된장찌개(1인),1,9000
2026-08-30 11:40:05,불고기 정식,1,13000
2026-08-30 11:40:05,순두부찌개,2,19000
2026-08-30 11:43:01,순두부찌개,2,19000
2026-08-30 11:43:01,김치찌개(1인),1,9000
2026-08-30 11:53:19,공기밥,1,1000
2026-08-30 11:53:19,된장찌개(1인),1,9000
2026-08-30 11:54:46,제육볶음,1,11000
2026-08-30 11:54:46,된장찌개(1인),2,18000
2026-08-30 12:03:39,된장찌개(1인),1,9000
2026-08-30 12:03:39,된장찌개(1인),1,9000
2026-08-30 12:03:39,공기밥,1,1000
2026-08-30 12:07:24,비빔밥,1,9000
2026-08-30 12:08:31,갈비탕,1,13000
2026-08-30 12:08:31,제육볶음,1,11000
2026-08-30 12:10:13,제육볶음,1,11000
2026-08-30 12:14:45,계절한정 냉면,1,10000
2026-08-30 12:25:48,공기밥,1,1000
2026-08-30 12:25:48,갈비탕,2,26000
2026-08-30 12:26:13,제육볶음,1,11000
2026-08-30 12:26:13,순두부찌개,1,9500
2026-08-30 12:30:55,김치찌개(1인),1,9000
2026-08-30 12:31:05,비빔밥,1,9000
2026-08-30 12:33:44,공기밥,1,1000
2026-08-30 12:33:44,순두부찌개,1,9500
2026-08-30 12:38:25,김치찌개(1인),1,9000
2026-08-30 12:38:25,콜라,2,4000
2026-08-30 12:40:02,비빔밥,1,9000
2026-08-30 12:40:02,제육볶음,1,11000
2026-08-30 12:40:49,김치찌개(1인),1,9000
2026-08-30 12:41:36,제육볶음,1,11000
2026-08-30 12:52:29,김치찌개(1인),1,9000
2026-08-30 12:55:01,계란말이,1,7000
2026-08-30 13:04:15,비빔밥,1,9000
2026-08-30 13:04:15,계절한정 냉면,1,10000
2026-08-30 13:04:15,김치찌개(1인),1,9000
2026-08-30 13:05:15,된장찌개(1인),1,9000
2026-08-30 13:24:42,아메리카노(ICE),2,4000
2026-08-30 13:24:42,비빔밥,1,9000
2026-08-30 17:49:38,김치찌개(1인),1,9000
2026-08-30 17:49:38,불고기 정식,1,13000
2026-08-30 17:49:38,김치찌개(1인),1,9000
2026-08-30 18:06:41,갈비탕,1,13000
2026-08-30 18:06:41,불고기 정식,1,13000
2026-08-30 18:07:58,공기밥,1,1000
2026-08-30 18:12:51,된장찌개(1인),1,9000
2026-08-30 18:12:51,된장찌개(1인),1,9000
2026-08-30 18:20:04,된장찌개(1인),1,9000
2026-08-30 18:20:42,콜라,2,4000
2026-08-30 18:20:42,된장찌개(1인),2,18000
2026-08-30 18:20:42,김치찌개(2인),1,17000
2026-08-30 18:21:27,된장찌개(1인),1,9000
2026-08-30 18:21:27,김치찌개(1인),1,9000
2026-08-30 18:29:16,콜라,1,2000
2026-08-30 18:29:16,된장찌개(1인),1,9000
2026-08-30 18:29:16,김치찌개(2인),1,17000
2026-08-30 18:43:11,계란말이,1,7000
2026-08-30 18:43:11,김치찌개(2인),1,17000
2026-08-30 18:44:41,비빔밥,1,9000
2026-08-30 18:49:35,김치찌개(2인),1,17000
2026-08-30 18:53:38,공기밥,1,1000
2026-08-30 18:53:38,순두부찌개,1,9500
2026-08-30 18:59:27,된장찌개(1인),1,9000
2026-08-30 18:59:27,불고기 정식,1,13000
2026-08-30 19:00:29,공기밥,2,2000
2026-08-30 19:01:47,콜라,1,2000
2026-08-30 19:04:23,공기밥,1,1000
2026-08-30 19:04:23,제육볶음,2,22000
2026-08-30 19:07:12,불고기 정식,1,13000
2026-08-30 19:11:32,콜라,2,4000
2026-08-30 19:11:32,된장찌개(1인),1,9000
2026-08-30 19:11:32,김치찌개(1인),1,9000
2026-08-30 19:17:30,콜라,1,2000
2026-08-30 19:17:30,된장찌개(1인),1,9000
2026-08-30 19:20:31,김치찌개(1인),1,9000
2026-08-30 19:20:31,공기밥,1,1000
2026-08-30 19:20:31,계절한정 냉면,1,10000
어제 저녁,비빔밥,1,9000
2026-08-30 19:23:38,아메리카노(HOT),1,2000
2026-08-30 19:36:14,공기밥,1,1000
2026-08-30 19:47:01,된장찌개(1인),1,9000
2026-08-30 19:47:27,김치찌개(1인),1,9000
2026-08-30 19:47:27,김치찌개(2인),1,17000
2026-08-30 19:47:27,불고기 정식,1,13000
2026-08-30 19:58:30,콜라,1,2000
2026-08-30 19:58:30,계절한정 냉면,1,10000
2026-08-30 19:58:44,된장찌개(1인),1,9000
2026-08-30 20:04:34,비빔밥,1,9000
2026-08-30 20:06:31,제육볶음,1,11000
2026-08-30 20:06:31,갈비탕,1,13000
2026-08-30 20:24:50,제육볶음,1,11000
2026-08-31 11:40:32,아메리카노(HOT),1,2000
2026-08-31 11:40:32,계절한정 냉면,2,20000
2026-08-31 11:46:41,된장찌개(1인),1,9000
2026-08-31 11:46:41,된장찌개(1인),2,18000
2026-08-31 11:46:41,아메리카노(ICE),1,2000
2026-08-31 11:49:54,김치찌개(2인),1,17000
2026-08-31 11:52:09,계절한정 냉면,1,10000
2026-08-31 11:52:47,된장찌개(1인),2,18000
2026-08-31 11:55:47,비빔밥,2,18000
2026-08-31 11:56:31,비빔밥,1,9000
2026-08-31 11:56:31,계란말이,1,7000
2026-08-31 11:57:24,아메리카노(ICE),1,2000
2026-08-31 12:00:01,공기밥,2,2000
2026-08-31 12:00:17,불고기 정식,1,13000
2026-08-31 12:02:10,된장찌개(1인),1,9000
2026-08-31 12:02:10,김치찌개(1인),2,18000
2026-08-31 12:02:52,김치찌개(1인),1,9000
2026-08-31 12:02:52,순두부찌개,1,9500
2026-08-31 12:06:01,된장찌개(1인),1,9000
2026-08-31 12:09:40,김치찌개(2인),1,17000
2026-08-31 12:09:40,아메리카노(ICE),1,2000
2026-08-31 12:10:19,된장찌개(1인),1,9000
2026-08-31 12:11:24,된장찌개(1인),1,9000
2026-08-31 12:11:24,계절한정 냉면,1,10000
2026-08-31 12:12:52,김치찌개(1인),2,18000
2026-08-31 12:12:52,아메리카노(ICE),1,2000
2026-08-31 12:17:57,제육볶음,1,11000
2026-08-31 12:19:18,순두부찌개,1,9500
2026-08-31 12:19:18,공기밥,1,1000
2026-08-31 12:24:48,불고기 정식,2,26000
2026-08-31 12:24:48,공기밥,1,1000
2026-08-31 12:29:32,콜라,2,4000
2026-08-31 12:30:50,된장찌개(1인),1,9000
2026-08-31 12:33:05,제육볶음,1,11000
2026-08-31 12:43:51,계란말이,1,7000
2026-08-31 12:43:51,불고기 정식,2,26000
2026-08-31 12:48:49,순두부찌개,1,9500
2026-08-31 12:48:49,갈비탕,1,13000
2026-08-31 12:49:55,김치찌개(1인),1,9000
2026-08-31 12:49:55,제육볶음,1,11000
2026-08-31 12:52:14,순두부찌개,2,19000
2026-08-31 12:52:59,공기밥,1,1000
2026-08-31 12:55:37,계란말이,1,7000
2026-08-31 12:55:39,김치찌개(2인),1,17000
2026-08-31 12:55:39,비빔밥,2,18000
2026-08-31 12:55:39,공기밥,1,1000
2026-08-31 13:02:13,순두부찌개,1,9500
2026-08-31 13:02:13,아메리카노(HOT),1,2000
2026-08-31 13:07:40,비빔밥,2,18000
2026-08-31 13:07:40,계란말이,1,7000
2026-08-31 13:10:26,비빔밥,2,18000
2026-08-31 13:10:26,순두부찌개,1,9500
2026-08-31 13:12:49,김치찌개(1인),1,9000
2026-08-31 13:17:56,순두부찌개,2,19000
2026-08-31 13:17:56,김치찌개(2인),2,34000
2026-08-31 13:17:56,된장찌개(1인),1,9000
2026-08-31 13:19:23,제육볶음,2,22000
2026-08-31 13:28:27,김치찌개(1인),1,9000
2026-08-31 13:28:27,불고기 정식,1,13000
2026-08-31 13:31:23,된장찌개(1인),1,9000
2026-08-31 13:31:23,된장찌개(1인),1,9000
2026-08-31 13:34:09,된장찌개(1인),2,18000
2026-08-31 13:42:53,불고기 정식,1,13000
2026-08-31 13:42:53,계절한정 냉면,2,20000
2026-08-31 13:42:53,된장찌개(1인),1,9000
2026-08-31 17:49:09,제육볶음,1,11000
2026-08-31 17:55:22,갈비탕,2,26000
2026-08-31 17:55:22,불고기 정식,1,13000
2026-08-31 17:59:48,콜라,2,4000
2026-08-31 17:59:48,김치찌개(1인),1,9000
2026-08-31 17:59:48,순두부찌개,1,9500
2026-08-31 18:04:59,제육볶음,2,22000
2026-08-31 18:13:38,제육볶음,2,22000
2026-08-31 18:13:38,갈비탕,1,13000
2026-08-31 18:23:57,공기밥,1,1000
2026-08-31 18:25:45,불고기 정식,1,13000
2026-08-31 18:25:45,계란말이,1,7000
2026-08-31 18:41:07,불고기 정식,1,13000
2026-08-31 18:41:07,된장찌개(1인),1,9000
2026-08-31 18:41:07,제육볶음,1,11000
2026-08-31 18:45:40,된장찌개(1인),1,9000
2026-08-31 18:45:40,제육볶음,1,11000
2026-08-31 18:45:40,아메리카노(ICE),1,2000
2026-08-31 18:46:34,김치찌개(2인),1,17000
2026-08-31 18:46:34,김치찌개(1인),1,9000
2026-08-31 18:48:31,제육볶음,1,11000
2026-08-31 18:48:31,공기밥,1,1000
2026-08-31 18:59:09,콜라,1,2000
2026-08-31 19:08:25,갈비탕,1,13000
2026-08-31 19:08:25,제육볶음,1,11000
2026-08-31 19:09:24,제육볶음,1,11000
2026-08-31 19:09:24,공기밥,1,1000
2026-08-31 19:14:21,콜라,1,2000
2026-08-31 19:14:21,불고기 정식,1,13000
2026-08-31 19:14:44,비빔밥,1,9000
2026-08-31 19:15:33,콜라,2,4000
2026-08-31 19:20:17,비빔밥,1,9000
2026-08-31 19:20:17,제육볶음,1,11000
2026-08-31 19:32:48,갈비탕,1,13000
2026-08-31 19:32:48,계란말이,1,7000
2026-08-31 19:45:39,된장찌개(1인),1,9000
2026-08-31 19:47:50,제육볶음,1,11000
2026-08-31 19:47:50,갈비탕,1,13000
2026-08-31 19:47:50,계란말이,1,7000
2026-08-31 19:51:51,계란말이,1,7000
2026-08-31 20:01:03,된장찌개(1인),1,9000
2026-08-31 20:01:03,제육볶음,1,11000
2026-08-31 20:12:59,계란말이,1,7000
2026-08-31 20:12:59,된장찌개(1인),1,9000
2026-08-31 20:27:30,갈비탕,1,13000
2026-08-31 20:33:49,불고기 정식,1,13000
